soc,title,major_group,dv_rating_alpha,dv_rating_beta,dv_rating_gamma,human_rating_alpha,human_rating_beta,human_rating_gamma,AIOE,frey_osborne_probability,has_eloundou,has_aioe,has_frey_osborne,n_sources,in_v0,reason
11-1011,Chief Executives,11,0.1333333333333333,0.5077777777777778,0.8822222222222222,0.1177777777777777,0.3694444444444443,0.6211111111111112,1.334246,0.015,True,True,True,3,True,in_v0
11-1021,General and Operations Managers,11,0.0,0.4807692307692308,0.9615384615384616,0.1153846153846153,0.3846153846153846,0.6538461538461539,0.5748773,0.16,True,True,True,3,True,in_v0
11-1031,Legislators,11,0.0333333333333333,0.4,0.7666666666666666,0.2666666666666666,0.5166666666666666,0.7666666666666666,,,True,False,False,1,False,missing_from_aioe_and_frey_osborne
11-2011,Advertising and Promotions Managers,11,0.0,0.4767441860465116,0.9534883720930232,0.2558139534883721,0.5465116279069767,0.8372093023255813,1.294387,0.039,True,True,True,3,True,in_v0
11-2021,Marketing Managers,11,0.0625,0.5,0.9375,0.21875,0.578125,0.9375,1.315032,0.014,True,True,True,3,True,in_v0
11-2022,Sales Managers,11,0.0,0.45,0.9,0.1,0.4833333333333333,0.8666666666666667,1.26628,0.013,True,True,True,3,True,in_v0
11-2032,Public Relations Managers,11,0.15,0.55,0.95,0.25,0.5750000000000001,0.9,1.293689,0.015,True,True,True,3,True,in_v0
11-2033,Fundraising Managers,11,0.125,0.5625,1.0,0.25,0.5,0.75,1.293689,0.015,True,True,True,3,True,in_v0
11-3012,Administrative Services Managers,11,0.0869565217391304,0.3913043478260869,0.6956521739130435,0.2608695652173913,0.5,0.7391304347826086,0.7398278,0.73,True,True,True,3,True,in_v0
11-3013,Facilities Managers,11,0.0357142857142857,0.4001623376623376,0.7646103896103895,0.1704545454545454,0.4042207792207792,0.637987012987013,0.7398278,0.73,True,True,True,3,True,in_v0
11-3021,Computer and Information Systems Managers,11,0.1212121212121212,0.5303030303030303,0.9393939393939394,0.303030303030303,0.5606060606060607,0.8181818181818182,1.059853,0.035,True,True,True,3,True,in_v0
11-3031,Financial Managers,11,0.0,0.4850552306692657,0.9701104613385316,0.1221201151025712,0.4541306971131532,0.7861412791237351,1.446232,0.069,True,True,True,3,True,in_v0
11-3051,Industrial Production Managers,11,0.0707451026436875,0.4057187015028995,0.7406923003621116,0.1307070026409648,0.3296039063138119,0.5285008099866589,0.5086878,0.03,True,True,True,3,True,in_v0
11-3061,Purchasing Managers,11,0.2285714285714285,0.5857142857142857,0.9428571428571428,0.1142857142857142,0.4714285714285714,0.8285714285714285,1.423426,0.03,True,True,True,3,True,in_v0
11-3071,"Transportation, Storage, and Distribution Managers",11,0.0178571428571428,0.486525974025974,0.9551948051948052,0.1620129870129869,0.4729707792207792,0.7839285714285713,0.8907923,0.59,True,True,True,3,True,in_v0
11-3111,Compensation and Benefits Managers,11,0.131578947368421,0.513157894736842,0.894736842105263,0.1842105263157894,0.4605263157894737,0.7368421052631579,1.298235,0.96,True,True,True,3,True,in_v0
11-3121,Human Resources Managers,11,0.04,0.48,0.92,0.14,0.45,0.76,1.320417,0.0055,True,True,True,3,True,in_v0
11-3131,Training and Development Managers,11,0.0909090909090909,0.5,0.9090909090909092,0.0454545454545454,0.4772727272727273,0.9090909090909092,1.284423,0.0063,True,True,True,3,True,in_v0
11-9013,"Farmers, Ranchers, and Other Agricultural Managers",11,0.0408163265306122,0.3673469387755101,0.6938775510204082,0.1020408163265306,0.2448979591836734,0.3877551020408163,-0.1443684,0.047,True,True,True,3,True,in_v0
11-9021,Construction Managers,11,0.0444444444444444,0.4444444444444445,0.8444444444444444,0.2,0.4,0.6,1.029139,0.071,True,True,True,3,True,in_v0
11-9031,"Education and Childcare Administrators, Preschool and Daycare",11,0.0625,0.46875,0.875,0.28125,0.515625,0.75,0.838007,0.015,True,True,True,3,True,in_v0
11-9032,"Education Administrators, Kindergarten through Secondary",11,0.0181818181818181,0.4181818181818181,0.8181818181818181,0.2727272727272727,0.4545454545454545,0.6363636363636364,1.048811,0.0046,True,True,True,3,True,in_v0
11-9033,"Education Administrators, Postsecondary",11,0.024390243902439,0.4390243902439024,0.8536585365853658,0.3414634146341463,0.475609756097561,0.6097560975609756,1.461149,0.01,True,True,True,3,True,in_v0
11-9039,"Education Administrators, All Other",11,,,,,,,0.3541265,,False,True,False,1,False,missing_from_eloundou_and_frey_osborne
11-9041,Architectural and Engineering Managers,11,0.0517241379310344,0.4426108374384236,0.8334975369458129,0.0571428571428571,0.3307881773399014,0.6044334975369459,0.8370105,0.017,True,True,True,3,True,in_v0
11-9051,Food Service Managers,11,0.0625,0.4166666666666666,0.7708333333333333,0.1875,0.3958333333333333,0.6041666666666666,-0.1213112,0.083,True,True,True,3,True,in_v0
11-9071,Gambling Managers,11,0.3235294117647059,0.5735294117647058,0.8235294117647058,0.2647058823529412,0.4852941176470588,0.7058823529411764,0.8299207,0.091,True,True,True,3,True,in_v0
11-9072,"Entertainment and Recreation Managers, Except Gambling",11,0.1764705882352941,0.3529411764705882,0.5294117647058824,0.2352941176470588,0.3823529411764705,0.5294117647058824,0.9646872,0.25,True,True,True,3,True,in_v0
11-9081,Lodging Managers,11,0.0434782608695652,0.4565217391304347,0.8695652173913043,0.2608695652173913,0.3804347826086956,0.5,0.4021726,0.0039,True,True,True,3,True,in_v0
11-9111,Medical and Health Services Managers,11,0.0,0.4285714285714285,0.8571428571428571,0.1142857142857142,0.3714285714285714,0.6285714285714286,1.260259,0.0073,True,True,True,3,True,in_v0
11-9121,Natural Sciences Managers,11,0.111552064673189,0.5306967984934087,0.9498415323136284,0.244449037710716,0.4865325432915346,0.7286160488723531,1.327906,0.018,True,True,True,3,True,in_v0
11-9131,Postmasters and Mail Superintendents,11,0.1428571428571428,0.5238095238095237,0.9047619047619048,0.238095238095238,0.4523809523809523,0.6666666666666666,0.8233757,0.75,True,True,True,3,True,in_v0
11-9141,"Property, Real Estate, and Community Association Managers",11,0.0,0.4431818181818182,0.8863636363636364,0.2045454545454545,0.4318181818181818,0.6590909090909091,1.215396,0.81,True,True,True,3,True,in_v0
11-9151,Social and Community Service Managers,11,0.0714285714285714,0.3928571428571428,0.7142857142857142,0.25,0.4464285714285714,0.6428571428571428,1.156153,0.0067,True,True,True,3,True,in_v0
11-9161,Emergency Management Directors,11,0.0,0.4222222222222222,0.8444444444444444,0.4,0.6,0.8,1.030768,0.003,True,True,True,3,True,in_v0
11-9171,Funeral Home Managers,11,0.1428571428571428,0.4285714285714285,0.7142857142857142,0.2857142857142857,0.5357142857142857,0.7857142857142857,0.3719018,,True,True,False,2,False,missing_from_frey_osborne
11-9179,"Personal Service Managers, All Other",11,0.1625258799171842,0.4521221532091096,0.7417184265010353,0.1149068322981366,0.3253105590062111,0.5357142857142857,0.9646872,0.25,True,True,True,3,True,in_v0
11-9199,"Managers, All Other",11,0.0712777805905273,0.4912673640410586,0.91125694749159,0.2181640386209276,0.4654910240471341,0.7128180094733407,0.9646872,0.25,True,True,True,3,True,in_v0
13-1011,"Agents and Business Managers of Artists, Performers, and Athletes",13,0.1739130434782608,0.5434782608695652,0.9130434782608696,0.3043478260869565,0.3695652173913043,0.4347826086956521,1.068559,0.24,True,True,True,3,True,in_v0
13-1021,"Buyers and Purchasing Agents, Farm Products",13,0.0555555555555555,0.5277777777777778,1.0,0.0555555555555555,0.25,0.4444444444444444,0.7687054,0.87,True,True,True,3,True,in_v0
13-1022,"Wholesale and Retail Buyers, Except Farm Products",13,0.0333333333333333,0.4666666666666667,0.9,0.1,0.4,0.7,0.8188258,0.29,True,True,True,3,True,in_v0
13-1023,"Purchasing Agents, Except Wholesale, Retail, and Farm Products",13,0.0526315789473684,0.4736842105263157,0.894736842105263,0.1578947368421052,0.3684210526315789,0.5789473684210527,1.509181,0.77,True,True,True,3,True,in_v0
13-1031,"Claims Adjusters, Examiners, and Investigators",13,0.08,0.52,0.96,0.18,0.49,0.8,1.274024,0.98,True,True,True,3,True,in_v0
13-1032,"Insurance Appraisers, Auto Damage",13,0.0,0.5,1.0,0.1428571428571428,0.5,0.8571428571428571,0.6634955,0.98,True,True,True,3,True,in_v0
13-1041,Compliance Officers,13,0.2342960489763113,0.5263042749310427,0.8183125008857741,0.3373490296220364,0.5265367802901109,0.7157245309581854,0.6981205,0.08,True,True,True,3,True,in_v0
13-1051,Cost Estimators,13,0.0,0.5,1.0,0.1538461538461538,0.4807692307692308,0.8076923076923077,1.367669,0.57,True,True,True,3,True,in_v0
13-1071,Human Resources Specialists,13,0.3333333333333333,0.6444444444444445,0.9555555555555556,0.3777777777777777,0.5888888888888889,0.8,1.36005,,True,True,False,2,False,missing_from_frey_osborne
13-1074,Farm Labor Contractors,13,0.0,0.1428571428571428,0.2857142857142857,0.0,0.0,0.0,-0.4354025,0.97,True,True,True,3,True,in_v0
13-1075,Labor Relations Specialists,13,0.1698113207547169,0.5471698113207547,0.9245283018867924,0.1132075471698113,0.4433962264150943,0.7735849056603773,1.334834,,True,True,False,2,False,missing_from_frey_osborne
13-1081,Logisticians,13,0.0860240939684832,0.5278605318327264,0.9696969696969696,0.350576269146279,0.5965664590292197,0.8425566489121602,1.297303,0.012,True,True,True,3,True,in_v0
13-1082,Project Management Specialists,13,0.1,0.55,1.0,0.05,0.4,0.75,1.0816930666666666,0.24,True,True,True,3,True,in_v0
13-1111,Management Analysts,13,0.0952380952380952,0.4047619047619047,0.7142857142857142,0.1904761904761904,0.5,0.8095238095238095,1.432417,0.13,True,True,True,3,True,in_v0
13-1121,"Meeting, Convention, and Event Planners",13,0.1081081081081081,0.4864864864864865,0.8648648648648649,0.081081081081081,0.3648648648648649,0.6486486486486487,0.3740207,0.037,True,True,True,3,True,in_v0
13-1131,Fundraisers,13,0.1538461538461538,0.5192307692307693,0.8846153846153847,0.25,0.4903846153846154,0.7307692307692308,1.242567,,True,True,False,2,False,missing_from_frey_osborne
13-1141,"Compensation, Benefits, and Job Analysis Specialists",13,0.0789473684210526,0.4736842105263157,0.8684210526315789,0.3157894736842105,0.4736842105263157,0.631578947368421,1.440985,0.47,True,True,True,3,True,in_v0
13-1151,Training and Development Specialists,13,0.1052631578947368,0.5526315789473684,1.0,0.4210526315789473,0.5921052631578947,0.763157894736842,1.198409,0.014,True,True,True,3,True,in_v0
13-1161,Market Research Analysts and Marketing Specialists,13,0.0491803278688524,0.5245901639344263,1.0,0.1235813366960907,0.5425598991172762,0.9615384615384616,1.426757,0.61,True,True,True,3,True,in_v0
13-1199,"Business Operations Specialists, All Other",13,0.2241522966739626,0.5828407660281357,0.9415292353823088,0.2661182474964608,0.5379899336046262,0.8098616197127917,1.047687,0.23,True,True,True,3,True,in_v0
13-2011,Accountants and Auditors,13,0.12,0.56,1.0,0.2,0.52,0.84,1.481956,0.94,True,True,True,3,True,in_v0
13-2022,Appraisers of Personal and Business Property,13,0.1428571428571428,0.5714285714285714,1.0,0.3571428571428571,0.5714285714285714,0.7857142857142857,0.8413203,0.9,True,True,True,3,True,in_v0
13-2023,Appraisers and Assessors of Real Estate,13,0.0178571428571428,0.4910714285714285,0.9642857142857142,0.1964285714285714,0.4642857142857142,0.7321428571428571,0.8413203,0.9,True,True,True,3,True,in_v0
13-2031,Budget Analysts,13,0.08,0.52,0.96,0.32,0.64,0.96,1.502988,0.94,True,True,True,3,True,in_v0
13-2041,Credit Analysts,13,0.1111111111111111,0.5555555555555556,1.0,0.2222222222222222,0.5555555555555556,0.8888888888888888,1.345268,0.98,True,True,True,3,True,in_v0
13-2051,Financial and Investment Analysts,13,0.0,0.4615384615384615,0.9230769230769232,0.1538461538461538,0.5,0.8461538461538463,1.380615,0.23,True,True,True,3,True,in_v0
13-2052,Personal Financial Advisors,13,0.0526315789473684,0.5,0.9473684210526316,0.3947368421052631,0.6710526315789473,0.9473684210526316,1.400749,0.58,True,True,True,3,True,in_v0
13-2053,Insurance Underwriters,13,0.1428571428571428,0.5714285714285714,1.0,0.1428571428571428,0.5,0.8571428571428571,1.326652,0.99,True,True,True,3,True,in_v0
13-2054,Financial Risk Specialists,13,0.0666666666666666,0.5333333333333333,1.0,0.2333333333333333,0.5833333333333334,0.9333333333333332,1.3709885,0.28,True,True,True,3,True,in_v0
13-2061,Financial Examiners,13,0.0606060606060606,0.5,0.9393939393939394,0.303030303030303,0.5757575757575758,0.8484848484848485,1.526064,0.17,True,True,True,3,True,in_v0
13-2071,Credit Counselors,13,0.2727272727272727,0.625,0.9772727272727272,0.4545454545454546,0.6931818181818182,0.931818181818182,1.385381,0.04,True,True,True,3,True,in_v0
13-2072,Loan Officers,13,0.2045454545454545,0.5909090909090909,0.9772727272727272,0.3409090909090909,0.6477272727272727,0.9545454545454546,1.385739,0.98,True,True,True,3,True,in_v0
13-2081,"Tax Examiners and Collectors, and Revenue Agents",13,0.1935483870967742,0.5806451612903225,0.967741935483871,0.4516129032258064,0.6774193548387096,0.9032258064516128,1.36682,0.93,True,True,True,3,True,in_v0
13-2082,Tax Preparers,13,0.25,0.625,1.0,0.25,0.625,1.0,1.29371,0.99,True,True,True,3,True,in_v0
13-2099,"Financial Specialists, All Other",13,0.2346437346437346,0.5832309582309583,0.931818181818182,0.253071253071253,0.5924447174447174,0.931818181818182,1.361362,0.33,True,True,True,3,True,in_v0
15-1211,Computer Systems Analysts,15,0.2941176470588235,0.6174242424242424,0.9407308377896612,0.2406417112299465,0.553475935828877,0.8663101604278075,1.19815,0.0065,True,True,True,3,True,in_v0
15-1212,Information Security Analysts,15,0.3478260869565217,0.6521739130434783,0.9565217391304348,0.0869565217391304,0.5434782608695652,1.0,1.250146,,True,True,False,2,False,missing_from_frey_osborne
15-1221,Computer and Information Research Scientists,15,0.3846153846153846,0.6346153846153847,0.8846153846153847,0.2307692307692307,0.5,0.7692307692307693,1.154269,0.015,True,True,True,3,True,in_v0
15-1231,Computer Network Support Specialists,15,0.4615384615384615,0.6346153846153847,0.8076923076923077,0.2307692307692307,0.5384615384615385,0.8461538461538463,0.7860606,,True,True,False,2,False,missing_from_frey_osborne
15-1232,Computer User Support Specialists,15,0.4444444444444444,0.611111111111111,0.7777777777777777,0.4814814814814814,0.6666666666666666,0.8518518518518519,0.299343,,True,True,False,2,False,missing_from_frey_osborne
15-1241,Computer Network Architects,15,0.3548869680851064,0.6352227393617021,0.915558510638298,0.2292220744680851,0.5433011968085106,0.8573803191489362,0.5803306,,True,True,False,2,False,missing_from_frey_osborne
15-1242,Database Administrators,15,0.8709677419354839,0.935483870967742,1.0,0.2903225806451612,0.5967741935483871,0.9032258064516128,1.284863,0.03,True,True,True,3,True,in_v0
15-1243,Database Architects,15,0.8224932249322493,0.9112466124661248,1.0,0.3163956639566395,0.6460027100271002,0.975609756097561,1.258784,0.03,True,True,True,3,True,in_v0
15-1244,Network and Computer Systems Administrators,15,0.5405405405405406,0.7297297297297298,0.918918918918919,0.1621621621621621,0.5135135135135136,0.8648648648648649,0.7895315,0.03,True,True,True,3,True,in_v0
15-1251,Computer Programmers,15,0.9,0.95,1.0,0.4333333333333333,0.6833333333333333,0.9333333333333332,1.271506,0.48,True,True,True,3,True,in_v0
15-1252,Software Developers,15,0.7894736842105263,0.8684210526315789,0.9473684210526316,0.0526315789473684,0.4473684210526315,0.8421052631578947,1.2421155,0.086,True,True,True,3,True,in_v0
15-1253,Software Quality Assurance Analysts and Testers,15,0.8070175438596491,0.8771929824561403,0.9473684210526316,0.3157894736842105,0.6140350877192982,0.912280701754386,1.2389786666666665,0.086,True,True,True,3,True,in_v0
15-1254,Web Developers,15,0.8653846153846154,0.9326923076923076,1.0,0.3076923076923077,0.6346153846153847,0.9615384615384616,1.089463,,True,True,False,2,False,missing_from_frey_osborne
15-1255,Web and Digital Interface Designers,15,0.5,0.75,1.0,0.2666666666666666,0.6333333333333333,1.0,1.161084,,True,True,False,2,False,missing_from_frey_osborne
15-1299,"Computer Occupations, All Other",15,0.4766228777169385,0.7357861863332168,0.994949494949495,0.277384400302843,0.5969636725035986,0.9165429447043542,0.96837845,0.78,True,True,True,3,True,in_v0
15-2011,Actuaries,15,0.0,0.5,1.0,0.2222222222222222,0.537037037037037,0.8518518518518519,1.516474,0.21,True,True,True,3,True,in_v0
15-2021,Mathematicians,15,1.0,1.0,1.0,0.3809523809523809,0.6904761904761905,1.0,1.472319,0.047,True,True,True,3,True,in_v0
15-2031,Operations Research Analysts,15,0.2580645161290322,0.6290322580645161,1.0,0.2580645161290322,0.6290322580645161,1.0,1.40002,0.035,True,True,True,3,True,in_v0
15-2041,Statisticians,15,0.4494736842105263,0.7247368421052631,1.0,0.5368421052631578,0.7252631578947368,0.913684210526316,1.382724,0.22,True,True,True,3,True,in_v0
15-2051,Data Scientists,15,0.3896464646464646,0.6948232323232323,1.0,0.2873737373737373,0.5815025252525253,0.8756313131313131,,,True,False,False,1,False,missing_from_aioe_and_frey_osborne
15-2099,"Mathematical Science Occupations, All Other",15,0.7666666666666666,0.8666666666666667,0.9666666666666668,0.3333333333333333,0.65,0.9666666666666668,0.7559803,0.99,True,True,True,3,True,in_v0
17-1011,"Architects, Except Landscape and Naval",17,0.0697674418604651,0.4883720930232558,0.9069767441860463,0.1627906976744186,0.4302325581395348,0.6976744186046512,1.047142,0.018,True,True,True,3,True,in_v0
17-1012,Landscape Architects,17,0.0,0.4210526315789473,0.8421052631578947,0.0526315789473684,0.3684210526315789,0.6842105263157894,1.034388,0.045,True,True,True,3,True,in_v0
17-1021,Cartographers and Photogrammetrists,17,0.04,0.52,1.0,0.08,0.46,0.84,0.8169979,0.88,True,True,True,3,True,in_v0
17-1022,Surveyors,17,0.1493055555555555,0.5100694444444445,0.8708333333333333,0.1604166666666666,0.4197916666666667,0.6791666666666667,0.1460606,0.38,True,True,True,3,True,in_v0
17-2011,Aerospace Engineers,17,0.2142857142857142,0.5714285714285714,0.9285714285714284,0.1428571428571428,0.5178571428571428,0.8928571428571428,1.338738,0.017,True,True,True,3,True,in_v0
17-2021,Agricultural Engineers,17,0.074074074074074,0.4259259259259259,0.7777777777777777,0.0,0.3333333333333333,0.6666666666666666,0.9409636,0.49,True,True,True,3,True,in_v0
17-2031,Bioengineers and Biomedical Engineers,17,0.2307692307692307,0.5897435897435898,0.9487179487179488,0.2564102564102564,0.5384615384615384,0.8205128205128205,0.9874239,0.037,True,True,True,3,True,in_v0
17-2041,Chemical Engineers,17,0.0769230769230769,0.4615384615384615,0.8461538461538463,0.0769230769230769,0.3461538461538461,0.6153846153846154,1.341336,0.017,True,True,True,3,True,in_v0
17-2051,Civil Engineers,17,0.0556277056277056,0.4821428571428571,0.9086580086580086,0.1718614718614718,0.4545454545454545,0.7372294372294372,1.282867,0.019,True,True,True,3,True,in_v0
17-2061,Computer Hardware Engineers,17,0.5454545454545454,0.7272727272727273,0.9090909090909092,0.1818181818181818,0.3181818181818182,0.4545454545454546,1.141812,0.22,True,True,True,3,True,in_v0
17-2071,Electrical Engineers,17,0.28125,0.5625,0.84375,0.15625,0.40625,0.65625,1.126725,0.1,True,True,True,3,True,in_v0
17-2072,"Electronics Engineers, Except Computer",17,0.361344537815126,0.6200980392156863,0.8788515406162465,0.2240896358543417,0.447829131652661,0.6715686274509804,0.6654578,0.025,True,True,True,3,True,in_v0
17-2081,Environmental Engineers,17,0.1296296296296296,0.5555555555555556,0.9814814814814814,0.2407407407407407,0.5,0.7592592592592592,1.343561,0.018,True,True,True,3,True,in_v0
17-2111,"Health and Safety Engineers, Except Mining Safety Engineers and Inspectors",17,0.0984615384615384,0.5042307692307693,0.91,0.4692307692307693,0.5676923076923077,0.6661538461538461,0.9948935,0.028,True,True,True,3,True,in_v0
17-2112,Industrial Engineers,17,0.1837961926091825,0.554355036527489,0.9249138804457954,0.2942057270836666,0.520044259585133,0.7458827920865995,1.13787,0.029,True,True,True,3,True,in_v0
17-2121,Marine Engineers and Naval Architects,17,0.1052631578947368,0.4210526315789473,0.7368421052631579,0.2631578947368421,0.4035087719298245,0.5438596491228069,0.5472173,0.01,True,True,True,3,True,in_v0
17-2131,Materials Engineers,17,0.1463414634146341,0.4878048780487805,0.8292682926829269,0.1463414634146341,0.3170731707317073,0.4878048780487805,1.037278,0.021,True,True,True,3,True,in_v0
17-2141,Mechanical Engineers,17,0.2061833105335156,0.5312935096519228,0.8564037087703298,0.3067213862289101,0.5007630338957288,0.6948046815625476,1.004709,0.011,True,True,True,3,True,in_v0
17-2151,"Mining and Geological Engineers, Including Mining Safety Engineers",17,0.1111111111111111,0.4814814814814814,0.8518518518518519,0.4074074074074074,0.5,0.5925925925925926,1.34695,0.14,True,True,True,3,True,in_v0
17-2161,Nuclear Engineers,17,0.25,0.55,0.8500000000000001,0.25,0.475,0.7000000000000001,1.303009,0.07,True,True,True,3,True,in_v0
17-2171,Petroleum Engineers,17,0.1666666666666666,0.5277777777777778,0.8888888888888888,0.0833333333333333,0.4305555555555555,0.7777777777777777,1.247779,0.16,True,True,True,3,True,in_v0
17-2199,"Engineers, All Other",17,0.1974527590509618,0.5226496200276688,0.8478464810043758,0.2062260578531438,0.4461732967325073,0.6861205356118707,0.787566,0.014,True,True,True,3,True,in_v0
17-3011,Architectural and Civil Drafters,17,0.12,0.54,0.96,0.18,0.52,0.86,0.9233925,0.52,True,True,True,3,True,in_v0
17-3012,Electrical and Electronics Drafters,17,0.1914893617021276,0.5744680851063829,0.9574468085106382,0.2553191489361702,0.4893617021276595,0.7234042553191489,0.910166,0.81,True,True,True,3,True,in_v0
17-3013,Mechanical Drafters,17,0.0689655172413793,0.5,0.9310344827586208,0.0689655172413793,0.4655172413793103,0.8620689655172413,0.8410071,0.68,True,True,True,3,True,in_v0
17-3021,Aerospace Engineering and Operations Technologists and Technicians,17,0.1,0.325,0.55,0.0,0.225,0.45,0.3909402,0.48,True,True,True,3,True,in_v0
17-3022,Civil Engineering Technologists and Technicians,17,0.1818181818181818,0.5909090909090909,1.0,0.2727272727272727,0.4772727272727273,0.6818181818181819,0.9323219,0.75,True,True,True,3,True,in_v0
17-3023,Electrical and Electronic Engineering Technologists and Technicians,17,0.1886792452830188,0.4056603773584905,0.6226415094339622,0.0943396226415094,0.330188679245283,0.5660377358490566,0.3515252,0.84,True,True,True,3,True,in_v0
17-3024,Electro-Mechanical and Mechatronics Technologists and Technicians,17,0.2564184852374839,0.3873555840821566,0.5182926829268293,0.048780487804878,0.2211168164313221,0.3934531450577663,-0.3040507,0.81,True,True,True,3,True,in_v0
17-3025,Environmental Engineering Technologists and Technicians,17,0.1052631578947368,0.4078947368421052,0.7105263157894737,0.2368421052631578,0.4342105263157894,0.631578947368421,0.0438054,0.25,True,True,True,3,True,in_v0
17-3026,Industrial Engineering Technologists and Technicians,17,0.1725768321513002,0.41903073286052,0.66548463356974,0.1684397163120567,0.3683510638297872,0.5682624113475176,0.6106679,0.03,True,True,True,3,True,in_v0
17-3027,Mechanical Engineering Technologists and Technicians,17,0.1094104308390022,0.3786848072562357,0.6479591836734693,0.1678004535147392,0.3151927437641723,0.4625850340136054,-0.1192367,0.38,True,True,True,3,True,in_v0
17-3028,Calibration Technologists and Technicians,17,0.2,0.4,0.6,0.0666666666666666,0.2666666666666666,0.4666666666666667,0.1941278,0.24,True,True,True,3,True,in_v0
17-3029,"Engineering Technologists and Technicians, Except Drafters, All Other",17,0.0555555555555555,0.2687739463601531,0.4819923371647509,0.0444444444444444,0.2601532567049808,0.4758620689655172,0.1941278,0.24,True,True,True,3,True,in_v0
17-3031,Surveying and Mapping Technicians,17,0.0851063829787234,0.5,0.9148936170212766,0.1063829787234042,0.5106382978723404,0.9148936170212766,0.0852324,0.96,True,True,True,3,True,in_v0
19-1011,Animal Scientists,19,0.125,0.53125,0.9375,0.75,0.84375,0.9375,1.041358,0.061,True,True,True,3,True,in_v0
19-1012,Food Scientists and Technologists,19,0.0,0.3461538461538461,0.6923076923076923,0.2307692307692307,0.5,0.7692307692307693,0.7943575,0.077,True,True,True,3,True,in_v0
19-1013,Soil and Plant Scientists,19,0.0,0.4891304347826087,0.9782608695652174,0.4347826086956521,0.6304347826086957,0.8260869565217391,0.6320696,0.021,True,True,True,3,True,in_v0
19-1021,Biochemists and Biophysicists,19,0.1363636363636363,0.4545454545454546,0.7727272727272727,0.2045454545454545,0.4431818181818182,0.6818181818181819,0.9060509,0.027,True,True,True,3,True,in_v0
19-1022,Microbiologists,19,0.0833333333333333,0.3958333333333333,0.7083333333333333,0.0833333333333333,0.3125,0.5416666666666666,0.6955647,0.012,True,True,True,3,True,in_v0
19-1023,Zoologists and Wildlife Biologists,19,0.0952380952380952,0.4523809523809523,0.8095238095238095,0.2857142857142857,0.5238095238095237,0.7619047619047619,0.3175953,0.3,True,True,True,3,True,in_v0
19-1029,"Biological Scientists, All Other",19,0.2525397025205173,0.5492120286984489,0.8458843548763805,0.2140532565318191,0.4608940157303575,0.7077347749288959,1.010193,0.015,True,True,True,3,True,in_v0
19-1031,Conservation Scientists,19,0.0606060606060606,0.4394408823058358,0.818275704005611,0.2060683378343301,0.4796405829757388,0.7532128281171474,0.0690313,0.016,True,True,True,3,True,in_v0
19-1032,Foresters,19,0.0,0.3676470588235294,0.7352941176470588,0.1764705882352941,0.3676470588235294,0.5588235294117647,-0.184381,0.0081,True,True,True,3,True,in_v0
19-1041,Epidemiologists,19,0.0,0.4423076923076923,0.8846153846153847,0.3461538461538461,0.5576923076923077,0.7692307692307693,1.436287,0.2,True,True,True,3,True,in_v0
19-1042,"Medical Scientists, Except Epidemiologists",19,0.1818181818181818,0.5227272727272727,0.8636363636363636,0.3636363636363636,0.5681818181818182,0.7727272727272727,1.279928,0.0045,True,True,True,3,True,in_v0
19-2011,Astronomers,19,0.0625,0.4375,0.8125,0.25,0.421875,0.59375,1.373737,0.041,True,True,True,3,True,in_v0
19-2012,Physicists,19,0.5454545454545454,0.75,0.9545454545454546,0.5,0.6363636363636364,0.7727272727272727,1.345736,0.1,True,True,True,3,True,in_v0
19-2021,Atmospheric and Space Scientists,19,0.1739130434782608,0.5652173913043478,0.9565217391304348,0.3478260869565217,0.6086956521739131,0.8695652173913043,1.373917,0.67,True,True,True,3,True,in_v0
19-2031,Chemists,19,0.08,0.38,0.68,0.28,0.4,0.52,0.5011251,0.1,True,True,True,3,True,in_v0
19-2032,Materials Scientists,19,0.1379310344827586,0.4827586206896551,0.8275862068965517,0.4482758620689655,0.5172413793103449,0.5862068965517241,1.032757,0.021,True,True,True,3,True,in_v0
19-2041,"Environmental Scientists and Specialists, Including Health",19,0.0623666717738988,0.5217162952137376,0.9810659186535764,0.4647519947670512,0.7103039146935072,0.9558558346199628,1.014113,0.033,True,True,True,3,True,in_v0
19-2042,"Geoscientists, Except Hydrologists and Geographers",19,0.1111111111111111,0.4666666666666667,0.8222222222222223,0.2888888888888889,0.4777777777777778,0.6666666666666667,0.7143481,0.63,True,True,True,3,True,in_v0
19-2043,Hydrologists,19,0.125,0.5,0.875,0.2916666666666666,0.53125,0.7708333333333333,0.6405071,0.014,True,True,True,3,True,in_v0
19-2099,"Physical Scientists, All Other",19,0.0,0.4565217391304347,0.9130434782608696,0.1521739130434782,0.4456521739130434,0.7391304347826086,1.140157,0.43,True,True,True,3,True,in_v0
19-3011,Economists,19,0.1052631578947368,0.5526315789473684,1.0,0.4429824561403508,0.6173245614035088,0.7916666666666666,1.403764,0.43,True,True,True,3,True,in_v0
19-3022,Survey Researchers,19,0.25,0.625,1.0,0.75,0.84375,0.9375,1.42653,0.23,True,True,True,3,True,in_v0
19-3032,Industrial-Organizational Psychologists,19,0.0888888888888888,0.4888888888888889,0.888888888888889,0.3555555555555555,0.5888888888888889,0.8222222222222223,1.402475,0.012,True,True,True,3,True,in_v0
19-3033,Clinical and Counseling Psychologists,19,0.0925925925925925,0.3703703703703703,0.6481481481481481,0.3333333333333333,0.5092592592592592,0.6851851851851851,1.456361,0.0047,True,True,True,3,True,in_v0
19-3034,School Psychologists,19,0.0,0.3918918918918919,0.7837837837837838,0.3243243243243243,0.5810810810810811,0.8378378378378379,1.456361,0.0047,True,True,True,3,True,in_v0
19-3039,"Psychologists, All Other",19,0.0634920634920634,0.4543650793650793,0.8452380952380951,0.2182539682539682,0.2817460317460317,0.3452380952380952,1.389854,0.0043,True,True,True,3,True,in_v0
19-3041,Sociologists,19,0.1538461538461538,0.5384615384615385,0.9230769230769232,0.3846153846153846,0.6153846153846154,0.8461538461538463,1.411125,0.059,True,True,True,3,True,in_v0
19-3051,Urban and Regional Planners,19,0.0,0.4772727272727273,0.9545454545454546,0.2727272727272727,0.5795454545454546,0.8863636363636364,1.227516,0.13,True,True,True,3,True,in_v0
19-3091,Anthropologists and Archeologists,19,0.0517241379310344,0.4396551724137931,0.8275862068965517,0.293103448275862,0.5172413793103449,0.7413793103448276,0.6965665,0.0077,True,True,True,3,True,in_v0
19-3092,Geographers,19,0.1666666666666666,0.4999999999999999,0.8333333333333333,0.0833333333333333,0.375,0.6666666666666666,1.436298,0.25,True,True,True,3,True,in_v0
19-3093,Historians,19,0.1052631578947368,0.4736842105263157,0.8421052631578947,0.3157894736842105,0.5,0.6842105263157894,1.098921,0.44,True,True,True,3,True,in_v0
19-3094,Political Scientists,19,0.0416666666666666,0.4791666666666666,0.9166666666666666,0.25,0.5416666666666666,0.8333333333333333,1.418863,0.039,True,True,True,3,True,in_v0
19-3099,"Social Scientists and Related Workers, All Other",19,0.0930232558139534,0.5232558139534884,0.9534883720930232,0.3720930232558139,0.6627906976744186,0.9534883720930232,1.328048,0.04,True,True,True,3,True,in_v0
19-4012,Agricultural Technicians,19,0.1426767676767676,0.4097222222222222,0.6767676767676768,0.1691919191919192,0.3333333333333333,0.4974747474747474,0.095719,0.97,True,True,True,3,True,in_v0
19-4013,Food Science Technicians,19,0.2857142857142857,0.3571428571428571,0.4285714285714285,0.1071428571428571,0.2857142857142857,0.4642857142857142,0.095719,0.97,True,True,True,3,True,in_v0
19-4021,Biological Technicians,19,0.2,0.4166666666666666,0.6333333333333333,0.0666666666666666,0.2666666666666666,0.4666666666666667,0.3012355,0.3,True,True,True,3,True,in_v0
19-4031,Chemical Technicians,19,0.1428571428571428,0.3928571428571428,0.6428571428571428,0.2857142857142857,0.3928571428571428,0.5,0.0628057,0.57,True,True,True,3,True,in_v0
19-4042,"Environmental Science and Protection Technicians, Including Health",19,0.2444444444444444,0.4555555555555556,0.6666666666666667,0.2444444444444444,0.4222222222222222,0.6,0.0169452,0.77,True,True,True,3,True,in_v0
19-4043,"Geological Technicians, Except Hydrologic Technicians",19,0.048780487804878,0.3902439024390244,0.7317073170731707,0.073170731707317,0.3048780487804878,0.5365853658536586,0.0832659,0.91,True,True,True,3,True,in_v0
19-4044,Hydrologic Technicians,19,0.1875,0.5,0.8125,0.25,0.53125,0.8125,0.26668515,0.76,True,True,True,3,True,in_v0
19-4051,Nuclear Technicians,19,0.1114718614718614,0.185064935064935,0.2586580086580086,0.1114718614718614,0.284090909090909,0.4567099567099566,0.1696743,0.85,True,True,True,3,True,in_v0
19-4061,Social Science Research Assistants,19,0.4242424242424242,0.6666666666666667,0.9090909090909092,0.3939393939393939,0.6212121212121212,0.8484848484848485,1.204652,0.65,True,True,True,3,True,in_v0
19-4071,Forest and Conservation Technicians,19,0.0769230769230769,0.3269230769230769,0.576923076923077,0.1153846153846153,0.3269230769230769,0.5384615384615385,-0.6672396,0.42,True,True,True,3,True,in_v0
19-4092,Forensic Science Technicians,19,0.064516129032258,0.3870967741935484,0.7096774193548387,0.064516129032258,0.1935483870967742,0.3225806451612903,0.2400518,0.0095,True,True,True,3,True,in_v0
19-4099,"Life, Physical, and Social Science Technicians, All Other",19,0.1547700754975978,0.5348318462594372,0.9148936170212766,0.1921757035003431,0.473232669869595,0.7542896362388469,0.4501044,0.61,True,True,True,3,True,in_v0
19-5011,Occupational Health and Safety Specialists,19,0.0476190476190476,0.3333333333333333,0.6190476190476191,0.2857142857142857,0.3571428571428571,0.4285714285714285,0.8349371,0.17,True,True,True,3,True,in_v0
19-5012,Occupational Health and Safety Technicians,19,0.125,0.3958333333333333,0.6666666666666666,0.25,0.4166666666666666,0.5833333333333333,0.3996866,0.25,True,True,True,3,True,in_v0
21-1011,Substance Abuse and Behavioral Disorder Counselors,21,0.0888888888888888,0.2,0.3111111111111111,0.1777777777777777,0.2888888888888889,0.4,1.030841,0.033,True,True,True,3,True,in_v0
21-1012,"Educational, Guidance, and Career Counselors and Advisors",21,0.0526315789473684,0.2894736842105263,0.5263157894736842,0.2456140350877192,0.3245614035087719,0.4035087719298245,0.9739287,0.0085,True,True,True,3,True,in_v0
21-1013,Marriage and Family Therapists,21,0.074074074074074,0.1111111111111111,0.1481481481481481,0.1851851851851851,0.2777777777777778,0.3703703703703703,1.367434,0.014,True,True,True,3,True,in_v0
21-1014,Mental Health Counselors,21,0.0784313725490196,0.2549019607843137,0.4313725490196078,0.1176470588235294,0.2647058823529412,0.4117647058823529,1.34239,0.0048,True,True,True,3,True,in_v0
21-1015,Rehabilitation Counselors,21,0.064516129032258,0.3548387096774194,0.6451612903225806,0.2580645161290322,0.4677419354838709,0.6774193548387096,0.5025014,0.0094,True,True,True,3,True,in_v0
21-1021,"Child, Family, and School Social Workers",21,0.0571428571428571,0.2428571428571428,0.4285714285714285,0.1714285714285714,0.3,0.4285714285714285,0.7761707,0.028,True,True,True,3,True,in_v0
21-1022,Healthcare Social Workers,21,0.03125,0.34375,0.65625,0.1875,0.421875,0.65625,0.9339648,0.0035,True,True,True,3,True,in_v0
21-1023,Mental Health and Substance Abuse Social Workers,21,0.0,0.2708333333333333,0.5416666666666666,0.1666666666666666,0.3541666666666666,0.5416666666666666,1.119216,0.0031,True,True,True,3,True,in_v0
21-1091,Health Education Specialists,21,0.2580645161290322,0.532258064516129,0.8064516129032258,0.2580645161290322,0.5,0.7419354838709677,0.691658,0.045,True,True,True,3,True,in_v0
21-1092,Probation Officers and Correctional Treatment Specialists,21,0.1578947368421052,0.3947368421052631,0.631578947368421,0.2894736842105263,0.4473684210526315,0.6052631578947368,0.5272448,0.25,True,True,True,3,True,in_v0
21-1093,Social and Human Service Assistants,21,0.2142857142857142,0.3928571428571428,0.5714285714285714,0.2857142857142857,0.375,0.4642857142857142,0.4652255,0.13,True,True,True,3,True,in_v0
21-1094,Community Health Workers,21,0.0833333333333333,0.3194444444444444,0.5555555555555556,0.2777777777777778,0.3472222222222222,0.4166666666666666,0.0371229,,True,True,False,2,False,missing_from_frey_osborne
21-2011,Clergy,21,0.1904761904761904,0.3333333333333333,0.4761904761904761,0.1904761904761904,0.238095238095238,0.2857142857142857,1.282559,0.0081,True,True,True,3,True,in_v0
21-2021,"Directors, Religious Activities and Education",21,0.1515151515151515,0.4393939393939394,0.7272727272727273,0.303030303030303,0.4545454545454546,0.6060606060606061,1.210922,0.025,True,True,True,3,True,in_v0
23-1011,Lawyers,23,0.0,0.425,0.8500000000000001,0.15,0.475,0.8,1.328783,0.035,True,True,True,3,True,in_v0
23-1012,Judicial Law Clerks,23,0.1379310344827586,0.5172413793103449,0.896551724137931,0.0,0.4482758620689655,0.896551724137931,1.462973,0.41,True,True,True,3,True,in_v0
23-1021,"Administrative Law Judges, Adjudicators, and Hearing Officers",23,0.1538461538461538,0.5,0.8461538461538463,0.0769230769230769,0.3461538461538461,0.6153846153846154,1.374714,0.64,True,True,True,3,True,in_v0
23-1022,"Arbitrators, Mediators, and Conciliators",23,0.0967741935483871,0.5,0.9032258064516128,0.0967741935483871,0.3709677419354839,0.6451612903225806,1.431593,0.06,True,True,True,3,True,in_v0
23-1023,"Judges, Magistrate Judges, and Magistrates",23,0.0,0.4166666666666666,0.8333333333333333,0.0555555555555555,0.25,0.4444444444444444,1.496494,0.4,True,True,True,3,True,in_v0
23-2011,Paralegals and Legal Assistants,23,0.2,0.525,0.8500000000000001,0.05,0.45,0.8500000000000001,1.292055,0.94,True,True,True,3,True,in_v0
23-2093,"Title Examiners, Abstractors, and Searchers",23,0.2142857142857142,0.5714285714285714,0.9285714285714284,0.25,0.5535714285714285,0.8571428571428571,1.279954,0.99,True,True,True,3,True,in_v0
25-1011,"Business Teachers, Postsecondary",25,0.1818181818181818,0.4886363636363636,0.7954545454545455,0.1818181818181818,0.4204545454545454,0.6590909090909091,1.349314,,True,True,False,2,False,missing_from_frey_osborne
25-1021,"Computer Science Teachers, Postsecondary",25,0.1666666666666666,0.5119047619047619,0.8571428571428571,0.1428571428571428,0.369047619047619,0.5952380952380952,1.277778,,True,True,False,2,False,missing_from_frey_osborne
25-1022,"Mathematical Science Teachers, Postsecondary",25,0.2972972972972973,0.5405405405405406,0.7837837837837838,0.1891891891891892,0.4324324324324324,0.6756756756756757,1.338676,,True,True,False,2,False,missing_from_frey_osborne
25-1031,"Architecture Teachers, Postsecondary",25,0.1951219512195122,0.4878048780487805,0.7804878048780488,0.2195121951219512,0.426829268292683,0.6341463414634146,1.222022,,True,True,False,2,False,missing_from_frey_osborne
25-1032,"Engineering Teachers, Postsecondary",25,0.1428571428571428,0.5,0.8571428571428571,0.2142857142857142,0.4166666666666666,0.6190476190476191,1.351133,,True,True,False,2,False,missing_from_frey_osborne
25-1041,"Agricultural Sciences Teachers, Postsecondary",25,0.2222222222222222,0.5,0.7777777777777778,0.4444444444444445,0.5888888888888889,0.7333333333333334,0.7546685,,True,True,False,2,False,missing_from_frey_osborne
25-1042,"Biological Science Teachers, Postsecondary",25,0.1428571428571428,0.4693877551020408,0.7959183673469387,0.2040816326530612,0.3979591836734693,0.5918367346938775,1.227677,,True,True,False,2,False,missing_from_frey_osborne
25-1043,"Forestry and Conservation Science Teachers, Postsecondary",25,0.1956521739130434,0.4782608695652174,0.7608695652173912,0.217391304347826,0.4239130434782608,0.6304347826086957,1.260278,,True,True,False,2,False,missing_from_frey_osborne
25-1051,"Atmospheric, Earth, Marine, and Space Sciences Teachers, Postsecondary",25,0.175,0.475,0.775,0.15,0.4,0.65,1.306156,,True,True,False,2,False,missing_from_frey_osborne
25-1052,"Chemistry Teachers, Postsecondary",25,0.1764705882352941,0.4313725490196078,0.6862745098039216,0.2352941176470588,0.4019607843137255,0.5686274509803921,1.333947,,True,True,False,2,False,missing_from_frey_osborne
25-1053,"Environmental Science Teachers, Postsecondary",25,0.2608695652173913,0.5217391304347826,0.7826086956521738,0.1956521739130434,0.4239130434782608,0.6521739130434783,1.347519,,True,True,False,2,False,missing_from_frey_osborne
25-1054,"Physics Teachers, Postsecondary",25,0.1162790697674418,0.4186046511627906,0.7209302325581395,0.1627906976744186,0.3720930232558139,0.5813953488372093,1.044191,,True,True,False,2,False,missing_from_frey_osborne
25-1061,"Anthropology and Archeology Teachers, Postsecondary",25,0.2857142857142857,0.520408163265306,0.7551020408163265,0.183673469387755,0.4081632653061224,0.6326530612244897,1.321694,,True,True,False,2,False,missing_from_frey_osborne
25-1062,"Area, Ethnic, and Cultural Studies Teachers, Postsecondary",25,0.2222222222222222,0.5,0.7777777777777778,0.2444444444444444,0.4444444444444445,0.6444444444444445,1.308699,,True,True,False,2,False,missing_from_frey_osborne
25-1063,"Economics Teachers, Postsecondary",25,0.1463414634146341,0.475609756097561,0.8048780487804879,0.2195121951219512,0.4390243902439024,0.6585365853658537,1.319012,,True,True,False,2,False,missing_from_frey_osborne
25-1064,"Geography Teachers, Postsecondary",25,0.1818181818181818,0.4772727272727273,0.7727272727272727,0.25,0.4659090909090909,0.6818181818181819,1.318899,,True,True,False,2,False,missing_from_frey_osborne
25-1065,"Political Science Teachers, Postsecondary",25,0.1707317073170731,0.475609756097561,0.7804878048780488,0.1951219512195122,0.4146341463414634,0.6341463414634146,1.368397,,True,True,False,2,False,missing_from_frey_osborne
25-1066,"Psychology Teachers, Postsecondary",25,0.16,0.48,0.8,0.16,0.39,0.62,1.33366,,True,True,False,2,False,missing_from_frey_osborne
25-1067,"Sociology Teachers, Postsecondary",25,0.1363636363636363,0.4318181818181818,0.7272727272727273,0.2045454545454545,0.3977272727272727,0.5909090909090909,1.349229,,True,True,False,2,False,missing_from_frey_osborne
25-1071,"Health Specialties Teachers, Postsecondary",25,0.125,0.475,0.8250000000000001,0.175,0.3875,0.6000000000000001,0.924754,,True,True,False,2,False,missing_from_frey_osborne
25-1072,"Nursing Instructors and Teachers, Postsecondary",25,0.1568627450980392,0.4019607843137255,0.6470588235294118,0.1372549019607843,0.3725490196078431,0.6078431372549019,0.5170682,,True,True,False,2,False,missing_from_frey_osborne
25-1081,"Education Teachers, Postsecondary",25,0.1666666666666666,0.4880952380952381,0.8095238095238095,0.1904761904761904,0.4404761904761904,0.6904761904761905,1.192988,,True,True,False,2,False,missing_from_frey_osborne
25-1082,"Library Science Teachers, Postsecondary",25,0.2127659574468085,0.5106382978723404,0.8085106382978723,0.2340425531914893,0.425531914893617,0.6170212765957447,1.386292,,True,True,False,2,False,missing_from_frey_osborne
25-1111,"Criminal Justice and Law Enforcement Teachers, Postsecondary",25,0.225,0.5,0.775,0.2,0.4375,0.675,1.389999,,True,True,False,2,False,missing_from_frey_osborne
25-1112,"Law Teachers, Postsecondary",25,0.125,0.45,0.775,0.425,0.5875,0.75,1.35645,,True,True,False,2,False,missing_from_frey_osborne
25-1113,"Social Work Teachers, Postsecondary",25,0.1590909090909091,0.4204545454545454,0.6818181818181819,0.2954545454545454,0.5113636363636364,0.7272727272727273,1.347327,,True,True,False,2,False,missing_from_frey_osborne
25-1121,"Art, Drama, and Music Teachers, Postsecondary",25,0.125,0.4375,0.75,0.375,0.59375,0.8125,0.7582769,,True,True,False,2,False,missing_from_frey_osborne
25-1122,"Communications Teachers, Postsecondary",25,0.125,0.425,0.7250000000000001,0.325,0.5750000000000001,0.8250000000000001,1.347435,,True,True,False,2,False,missing_from_frey_osborne
25-1123,"English Language and Literature Teachers, Postsecondary",25,0.25,0.5267857142857143,0.8035714285714285,0.3571428571428571,0.5714285714285714,0.7857142857142857,1.417833,,True,True,False,2,False,missing_from_frey_osborne
25-1124,"Foreign Language and Literature Teachers, Postsecondary",25,0.2666666666666666,0.5333333333333333,0.8,0.2888888888888889,0.5666666666666667,0.8444444444444444,1.33412,,True,True,False,2,False,missing_from_frey_osborne
25-1125,"History Teachers, Postsecondary",25,0.2222222222222222,0.5111111111111112,0.8,0.3555555555555555,0.5888888888888889,0.8222222222222223,1.43749,,True,True,False,2,False,missing_from_frey_osborne
25-1126,"Philosophy and Religion Teachers, Postsecondary",25,0.25,0.5113636363636364,0.7727272727272727,0.3636363636363636,0.5909090909090909,0.8181818181818182,1.363522,,True,True,False,2,False,missing_from_frey_osborne
25-1192,"Family and Consumer Sciences Teachers, Postsecondary",25,0.2,0.5375,0.875,0.4,0.65,0.9,1.211652,,True,True,False,2,False,missing_from_frey_osborne
25-1193,"Recreation and Fitness Studies Teachers, Postsecondary",25,0.2790697674418604,0.5581395348837209,0.8372093023255813,0.3720930232558139,0.6162790697674418,0.8604651162790697,1.16489,,True,True,False,2,False,missing_from_frey_osborne
25-1194,"Career/Technical Education Teachers, Postsecondary",25,0.1282051282051282,0.4871794871794871,0.8461538461538461,0.2051282051282051,0.4487179487179487,0.6923076923076923,0.1622185,,True,True,False,2,False,missing_from_frey_osborne
25-2011,"Preschool Teachers, Except Special Education",25,0.0606060606060606,0.2272727272727273,0.3939393939393939,0.1515151515151515,0.3106060606060606,0.4696969696969697,0.0306372,0.0074,True,True,True,3,True,in_v0
25-2012,"Kindergarten Teachers, Except Special Education",25,0.0547945205479452,0.2328767123287671,0.410958904109589,0.136986301369863,0.2945205479452054,0.4520547945205479,0.3644047,0.15,True,True,True,3,True,in_v0
25-2021,"Elementary School Teachers, Except Special Education",25,0.054054054054054,0.3108108108108108,0.5675675675675675,0.1351351351351351,0.3108108108108108,0.4864864864864865,0.8869491,0.0044,True,True,True,3,True,in_v0
25-2022,"Middle School Teachers, Except Special and Career/Technical Education",25,0.072463768115942,0.3478260869565217,0.6231884057971014,0.2028985507246377,0.3405797101449275,0.4782608695652174,1.286445,0.17,True,True,True,3,True,in_v0
25-2023,"Career/Technical Education Teachers, Middle School",25,0.1935483870967742,0.3225806451612903,0.4516129032258064,0.1612903225806451,0.3387096774193548,0.5161290322580645,0.5199191,0.26,True,True,True,3,True,in_v0
25-2031,"Secondary School Teachers, Except Special and Career/Technical Education",25,0.0317460317460317,0.3333333333333333,0.6349206349206349,0.1587301587301587,0.3412698412698413,0.5238095238095237,1.191325,0.0078,True,True,True,3,True,in_v0
25-2032,"Career/Technical Education Teachers, Secondary School",25,0.1515151515151515,0.3333333333333333,0.5151515151515151,0.1212121212121212,0.3333333333333333,0.5454545454545454,0.3734505,0.0088,True,True,True,3,True,in_v0
25-2051,"Special Education Teachers, Preschool",25,0.1142857142857142,0.1999999999999999,0.2857142857142857,0.1714285714285714,0.3071428571428571,0.4428571428571428,0.3750564,,True,True,False,2,False,missing_from_frey_osborne
25-2055,"Special Education Teachers, Kindergarten",25,0.1,0.25,0.4,0.1666666666666666,0.35,0.5333333333333333,0.7357486,,True,True,False,2,False,missing_from_frey_osborne
25-2056,"Special Education Teachers, Elementary School",25,0.1,0.3166666666666666,0.5333333333333333,0.1666666666666666,0.35,0.5333333333333333,0.7357486,,True,True,False,2,False,missing_from_frey_osborne
25-2057,"Special Education Teachers, Middle School",25,0.0779220779220779,0.3051948051948052,0.5324675324675325,0.1298701298701298,0.3051948051948052,0.4805194805194805,1.296072,0.016,True,True,True,3,True,in_v0
25-2058,"Special Education Teachers, Secondary School",25,0.1025641025641025,0.3012820512820512,0.5,0.1538461538461538,0.2948717948717949,0.4358974358974359,0.9587653,0.0077,True,True,True,3,True,in_v0
25-2059,"Special Education Teachers, All Other",25,0.3,0.475,0.65,0.2,0.25,0.3,-0.6632917,,True,True,False,2,False,missing_from_frey_osborne
25-3011,"Adult Basic Education, Adult Secondary Education, and English as a Second Language Instructors",25,0.1764705882352941,0.4044117647058823,0.6323529411764706,0.2205882352941176,0.4264705882352941,0.6323529411764706,1.348951,0.19,True,True,True,3,True,in_v0
25-3021,Self-Enrichment Teachers,25,0.16,0.36,0.56,0.2,0.38,0.56,0.526352,0.13,True,True,True,3,True,in_v0
25-3031,"Substitute Teachers, Short-Term",25,0.2777777777777778,0.3611111111111111,0.4444444444444444,0.0,0.0833333333333333,0.1666666666666666,1.32533,,True,True,False,2,False,missing_from_frey_osborne
25-3041,Tutors,25,0.1714285714285714,0.5428571428571428,0.9142857142857144,0.1714285714285714,0.3714285714285714,0.5714285714285714,1.32533,,True,True,False,2,False,missing_from_frey_osborne
25-3099,"Teachers and Instructors, All Other",25,,,,,,,1.32533,,False,True,False,1,False,missing_from_eloundou_and_frey_osborne
25-4011,Archivists,25,0.0769230769230769,0.5,0.9230769230769232,0.2307692307692307,0.5,0.7692307692307693,0.6765602,0.76,True,True,True,3,True,in_v0
25-4012,Curators,25,0.1481481481481481,0.5,0.8518518518518519,0.2592592592592592,0.5185185185185185,0.7777777777777777,0.7366658,0.0068,True,True,True,3,True,in_v0
25-4013,Museum Technicians and Conservators,25,0.0526315789473684,0.2368421052631578,0.4210526315789473,0.1052631578947368,0.2368421052631578,0.3684210526315789,-0.0912107,0.59,True,True,True,3,True,in_v0
25-4022,Librarians and Media Collections Specialists,25,0.1578947368421052,0.5350877192982456,0.912280701754386,0.2631578947368421,0.5,0.7368421052631579,0.7439546,0.52,True,True,True,3,True,in_v0
25-4031,Library Technicians,25,0.3846153846153846,0.5673076923076923,0.75,0.2692307692307693,0.5288461538461539,0.7884615384615385,0.037965,0.99,True,True,True,3,True,in_v0
25-9021,Farm and Home Management Educators,25,0.074074074074074,0.3703703703703703,0.6666666666666666,0.3703703703703703,0.537037037037037,0.7037037037037037,0.8604031,0.0075,True,True,True,3,True,in_v0
25-9031,Instructional Coordinators,25,0.175,0.4875,0.8,0.275,0.525,0.775,1.301855,0.0042,True,True,True,3,True,in_v0
25-9042,"Teaching Assistants, Preschool, Elementary, Middle, and Secondary School, Except Special Education",25,0.2666666666666666,0.3666666666666666,0.4666666666666667,0.1666666666666666,0.2833333333333333,0.4,0.4516636,0.56,True,True,True,3,True,in_v0
25-9043,"Teaching Assistants, Special Education",25,0.1666666666666666,0.2666666666666666,0.3666666666666666,0.1333333333333333,0.25,0.3666666666666666,0.4516636,0.56,True,True,True,3,True,in_v0
25-9044,"Teaching Assistants, Postsecondary",25,0.3333333333333333,0.5303030303030303,0.7272727272727273,0.1818181818181818,0.3636363636363636,0.5454545454545454,1.111356,,True,True,False,2,False,missing_from_frey_osborne
25-9049,"Teaching Assistants, All Other",25,,,,,,,0.4516636,0.56,False,True,True,2,False,missing_from_eloundou
27-1011,Art Directors,27,0.0689655172413793,0.5,0.9310344827586208,0.0689655172413793,0.4310344827586206,0.7931034482758621,1.02251,0.023,True,True,True,3,True,in_v0
27-1012,Craft Artists,27,0.0,0.2586206896551724,0.5172413793103449,0.0689655172413793,0.2241379310344827,0.3793103448275862,-0.9295284,0.035,True,True,True,3,True,in_v0
27-1013,"Fine Artists, Including Painters, Sculptors, and Illustrators",27,0.0,0.425,0.8500000000000001,0.05,0.3125,0.5750000000000001,-0.5690498,0.042,True,True,True,3,True,in_v0
27-1014,Special Effects Artists and Animators,27,0.05,0.525,1.0,0.05,0.475,0.9,0.7058651,0.015,True,True,True,3,True,in_v0
27-1021,Commercial and Industrial Designers,27,0.0,0.4655172413793103,0.9310344827586208,0.0689655172413793,0.4137931034482758,0.7586206896551724,0.867039,0.037,True,True,True,3,True,in_v0
27-1022,Fashion Designers,27,0.0,0.390625,0.78125,0.125,0.375,0.625,0.5801539,0.021,True,True,True,3,True,in_v0
27-1023,Floral Designers,27,0.0666666666666666,0.1999999999999999,0.3333333333333333,0.1,0.2666666666666666,0.4333333333333333,-0.2718452,0.047,True,True,True,3,True,in_v0
27-1024,Graphic Designers,27,0.0,0.5,1.0,0.0,0.4107142857142857,0.8214285714285714,0.7156958,0.082,True,True,True,3,True,in_v0
27-1025,Interior Designers,27,0.0,0.5,1.0,0.1379310344827586,0.3620689655172414,0.5862068965517241,1.12168,0.022,True,True,True,3,True,in_v0
27-1026,Merchandise Displayers and Window Trimmers,27,0.0,0.3048780487804878,0.6097560975609756,0.0975609756097561,0.2682926829268293,0.4390243902439024,-1.001413,0.48,True,True,True,3,True,in_v0
27-1027,Set and Exhibit Designers,27,0.0,0.3913043478260869,0.7826086956521738,0.1521739130434782,0.358695652173913,0.5652173913043478,-0.0519323,0.0055,True,True,True,3,True,in_v0
27-2011,Actors,27,0.15625,0.1875,0.21875,0.125,0.15625,0.1875,0.1590935,0.37,True,True,True,3,True,in_v0
27-2012,Producers and Directors,27,0.0938352427714129,0.4695853791598472,0.8453355155482816,0.2176759410801964,0.4369885433715221,0.6563011456628478,0.9388108,0.022,True,True,True,3,True,in_v0
27-2021,Athletes and Sports Competitors,27,0.0,0.0,0.0,0.0,0.0,0.0,-1.814336,0.28,True,True,True,3,True,in_v0
27-2022,Coaches and Scouts,27,0.0666666666666666,0.3,0.5333333333333333,0.0444444444444444,0.1444444444444444,0.2444444444444444,0.1168668,0.013,True,True,True,3,True,in_v0
27-2023,"Umpires, Referees, and Other Sports Officials",27,0.2499999999999999,0.3125,0.375,0.125,0.1666666666666666,0.2083333333333333,-0.0325617,0.98,True,True,True,3,True,in_v0
27-2031,Dancers,27,0.0,0.0208333333333333,0.0416666666666666,0.0,0.0416666666666666,0.0833333333333333,-2.669758,0.13,True,True,True,3,True,in_v0
27-2032,Choreographers,27,0.0571428571428571,0.2714285714285714,0.4857142857142857,0.1428571428571428,0.1714285714285714,0.2,-1.575769,0.004,True,True,True,3,True,in_v0
27-2041,Music Directors and Composers,27,0.5263157894736842,0.7105263157894737,0.894736842105263,0.175438596491228,0.2807017543859649,0.3859649122807017,0.8829641,0.015,True,True,True,3,True,in_v0
27-2042,Musicians and Singers,27,0.2448979591836734,0.4081632653061224,0.5714285714285714,0.1020408163265306,0.1326530612244897,0.1632653061224489,-0.0040058,0.074,True,True,True,3,True,in_v0
27-2091,"Disc Jockeys, Except Radio",27,0.4210526315789473,0.5263157894736842,0.631578947368421,0.1578947368421052,0.3684210526315789,0.5789473684210527,,,True,False,False,1,False,missing_from_aioe_and_frey_osborne
27-3011,Broadcast Announcers and Radio Disc Jockeys,27,0.4,0.65,0.9,0.475,0.5375,0.6000000000000001,0.8493547,0.1,True,True,True,3,True,in_v0
27-3023,"News Analysts, Reporters, and Journalists",27,0.3,0.65,1.0,0.4333333333333333,0.6333333333333333,0.8333333333333334,1.175098,0.0885,True,True,True,3,True,in_v0
27-3031,Public Relations Specialists,27,0.2424242424242424,0.5909090909090909,0.9393939393939394,0.6363636363636364,0.7878787878787878,0.9393939393939394,1.284927,0.18,True,True,True,3,True,in_v0
27-3041,Editors,27,0.3529411764705882,0.6470588235294118,0.9411764705882352,0.5294117647058824,0.6470588235294118,0.7647058823529411,1.128221,0.055,True,True,True,3,True,in_v0
27-3042,Technical Writers,27,0.4666666666666667,0.7,0.9333333333333332,0.3333333333333333,0.6333333333333333,0.9333333333333332,1.184001,0.89,True,True,True,3,True,in_v0
27-3043,Writers and Authors,27,0.8098290598290598,0.8771367521367521,0.9444444444444444,0.641025641025641,0.7742165242165242,0.9074074074074074,0.9879274,0.038,True,True,True,3,True,in_v0
27-3091,Interpreters and Translators,27,0.88,0.88,0.88,0.8,0.84,0.88,1.111319,0.38,True,True,True,3,True,in_v0
27-3092,Court Reporters and Simultaneous Captioners,27,0.9166666666666666,0.9583333333333331,1.0,0.125,0.5208333333333333,0.9166666666666666,0.835246,0.5,True,True,True,3,True,in_v0
27-3099,"Media and Communication Workers, All Other",27,,,,,,,0.6650665,0.72,False,True,True,2,False,missing_from_eloundou
27-4011,Audio and Video Technicians,27,0.125,0.4375,0.75,0.125,0.3,0.475,-0.0117747,0.55,True,True,True,3,True,in_v0
27-4012,Broadcast Technicians,27,0.2857142857142857,0.5238095238095237,0.7619047619047619,0.0952380952380952,0.2142857142857142,0.3333333333333333,0.1222249,0.74,True,True,True,3,True,in_v0
27-4014,Sound Engineering Technicians,27,0.074074074074074,0.4259259259259259,0.7777777777777777,0.0,0.2777777777777778,0.5555555555555556,0.4715462,0.13,True,True,True,3,True,in_v0
27-4015,Lighting Technicians,27,0.0625,0.15625,0.25,0.0,0.09375,0.1875,,,True,False,False,1,False,missing_from_aioe_and_frey_osborne
27-4021,Photographers,27,0.0416666666666666,0.3854166666666666,0.7291666666666666,0.0208333333333333,0.21875,0.4166666666666666,-0.1680973,0.021,True,True,True,3,True,in_v0
27-4031,"Camera Operators, Television, Video, and Film",27,0.0606060606060606,0.4242424242424242,0.7878787878787878,0.0303030303030303,0.1818181818181818,0.3333333333333333,-0.4470009,0.6,True,True,True,3,True,in_v0
27-4032,Film and Video Editors,27,0.1111111111111111,0.5277777777777778,0.9444444444444444,0.1388888888888889,0.4722222222222222,0.8055555555555555,0.985707,0.31,True,True,True,3,True,in_v0
29-1011,Chiropractors,29,0.1818181818181818,0.4545454545454546,0.7272727272727273,0.0909090909090909,0.3181818181818182,0.5454545454545454,-0.1911757,0.027,True,True,True,3,True,in_v0
29-1021,"Dentists, General",29,0.05,0.25,0.45,0.15,0.225,0.3,-0.1813301,0.0044,True,True,True,3,True,in_v0
29-1022,Oral and Maxillofacial Surgeons,29,0.0,0.04,0.08,0.0,0.08,0.16,-0.2389668,0.0036,True,True,True,3,True,in_v0
29-1023,Orthodontists,29,0.0,0.3,0.6000000000000001,0.0,0.2,0.4,0.1616631,0.023,True,True,True,3,True,in_v0
29-1024,Prosthodontists,29,0.0,0.0454545454545454,0.0909090909090909,0.0,0.0909090909090909,0.1818181818181818,-0.1561403,0.055,True,True,True,3,True,in_v0
29-1031,Dietitians and Nutritionists,29,0.1463414634146341,0.5487804878048781,0.951219512195122,0.2682926829268293,0.4634146341463415,0.6585365853658537,1.342809,0.0039,True,True,True,3,True,in_v0
29-1041,Optometrists,29,0.0,0.3,0.6000000000000001,0.0,0.05,0.1,0.5040194,0.14,True,True,True,3,True,in_v0
29-1051,Pharmacists,29,0.1142857142857142,0.4285714285714285,0.7428571428571429,0.2857142857142857,0.3999999999999999,0.5142857142857142,0.6058705,0.012,True,True,True,3,True,in_v0
29-1071,Physician Assistants,29,0.0,0.2708333333333333,0.5416666666666666,0.0,0.1101190476190476,0.2202380952380952,0.1059147,0.14,True,True,True,3,True,in_v0
29-1081,Podiatrists,29,0.0,0.2857142857142857,0.5714285714285714,0.1904761904761904,0.2857142857142857,0.3809523809523809,0.6279185,0.0046,True,True,True,3,True,in_v0
29-1122,Occupational Therapists,29,0.1106060606060606,0.2890151515151515,0.4674242424242424,0.1606060606060606,0.3407196969696969,0.5208333333333334,0.1151615,0.0035,True,True,True,3,True,in_v0
29-1123,Physical Therapists,29,0.0851063829787234,0.1914893617021276,0.2978723404255319,0.1276595744680851,0.3404255319148936,0.5531914893617021,-0.3581922,0.021,True,True,True,3,True,in_v0
29-1124,Radiation Therapists,29,0.048780487804878,0.2804878048780488,0.5121951219512195,0.024390243902439,0.1707317073170731,0.3170731707317073,-0.2189393,0.34,True,True,True,3,True,in_v0
29-1125,Recreational Therapists,29,0.0909090909090909,0.3181818181818182,0.5454545454545454,0.0909090909090909,0.3636363636363636,0.6363636363636364,0.2190109,0.0028,True,True,True,3,True,in_v0
29-1126,Respiratory Therapists,29,0.0952380952380952,0.2023809523809523,0.3095238095238095,0.0952380952380952,0.1904761904761904,0.2857142857142857,-0.1880507,0.066,True,True,True,3,True,in_v0
29-1127,Speech-Language Pathologists,29,0.1707317073170731,0.4512195121951219,0.7317073170731707,0.0975609756097561,0.3902439024390244,0.6829268292682927,1.146267,0.0064,True,True,True,3,True,in_v0
29-1128,Exercise Physiologists,29,0.04,0.26,0.48,0.28,0.34,0.4,-0.0331901,,True,True,False,2,False,missing_from_frey_osborne
29-1129,"Therapists, All Other",29,0.0879432624113475,0.3656028368794326,0.6432624113475177,0.125886524822695,0.4095744680851064,0.6932624113475178,,,True,False,False,1,False,missing_from_aioe_and_frey_osborne
29-1131,Veterinarians,29,0.081081081081081,0.2702702702702703,0.4594594594594595,0.027027027027027,0.2297297297297297,0.4324324324324324,-0.0749958,0.038,True,True,True,3,True,in_v0
29-1141,Registered Nurses,29,0.0694878411134568,0.3801900070372976,0.6908921729611385,0.1583704746266322,0.3349831886777699,0.5115959027289076,0.2294097,,True,True,False,2,False,missing_from_frey_osborne
29-1151,Nurse Anesthetists,29,0.0,0.1666666666666666,0.3333333333333333,0.0,0.125,0.25,0.2413191,,True,True,False,2,False,missing_from_frey_osborne
29-1161,Nurse Midwives,29,0.1951219512195122,0.3902439024390244,0.5853658536585367,0.0975609756097561,0.2926829268292683,0.4878048780487805,0.1966265,,True,True,False,2,False,missing_from_frey_osborne
29-1171,Nurse Practitioners,29,0.037037037037037,0.4814814814814814,0.9259259259259258,0.074074074074074,0.3148148148148147,0.5555555555555556,0.1900572,,True,True,False,2,False,missing_from_frey_osborne
29-1181,Audiologists,29,0.1363636363636363,0.4545454545454546,0.7727272727272727,0.2272727272727273,0.4545454545454546,0.6818181818181819,0.6329063,0.0033,True,True,True,3,True,in_v0
29-1211,Anesthesiologists,29,0.0,0.25,0.5,0.0588235294117647,0.2941176470588235,0.5294117647058824,0.2349698,,True,True,False,2,False,missing_from_frey_osborne
29-1212,Cardiologists,29,0.0,0.3461538461538461,0.6923076923076923,0.0769230769230769,0.2307692307692307,0.3846153846153846,0.7086123,,True,True,False,2,False,missing_from_frey_osborne
29-1213,Dermatologists,29,0.0,0.3823529411764705,0.7647058823529411,0.1764705882352941,0.3235294117647059,0.4705882352941176,0.7086123,,True,True,False,2,False,missing_from_frey_osborne
29-1214,Emergency Medicine Physicians,29,0.0588235294117647,0.4411764705882353,0.8235294117647058,0.1764705882352941,0.3529411764705882,0.5294117647058824,0.7086123,,True,True,False,2,False,missing_from_frey_osborne
29-1215,Family Medicine Physicians,29,0.0,0.4375,0.875,0.2083333333333333,0.375,0.5416666666666666,1.031925,,True,True,False,2,False,missing_from_frey_osborne
29-1216,General Internal Medicine Physicians,29,0.0,0.4571428571428571,0.9142857142857144,0.2857142857142857,0.3714285714285714,0.4571428571428571,1.046167,,True,True,False,2,False,missing_from_frey_osborne
29-1217,Neurologists,29,0.0434782608695652,0.4565217391304347,0.8695652173913043,0.1304347826086956,0.3695652173913043,0.6086956521739131,0.7086123,,True,True,False,2,False,missing_from_frey_osborne
29-1218,Obstetricians and Gynecologists,29,0.0,0.3928571428571428,0.7857142857142857,0.1785714285714285,0.3035714285714285,0.4285714285714285,0.2803215,,True,True,False,2,False,missing_from_frey_osborne
29-1221,"Pediatricians, General",29,0.0,0.4833333333333333,0.9666666666666668,0.2333333333333333,0.3666666666666667,0.5,1.126144,,True,True,False,2,False,missing_from_frey_osborne
29-1222,"Physicians, Pathologists",29,0.0606060606060606,0.4696969696969697,0.8787878787878788,0.0606060606060606,0.3181818181818182,0.5757575757575758,0.7086123,,True,True,False,2,False,missing_from_frey_osborne
29-1223,Psychiatrists,29,0.0869565217391304,0.4782608695652174,0.8695652173913043,0.2608695652173913,0.5217391304347826,0.7826086956521738,1.280753,,True,True,False,2,False,missing_from_frey_osborne
29-1224,Radiologists,29,0.0,0.4888888888888889,0.977777777777778,0.3111111111111111,0.5111111111111112,0.7111111111111111,0.7086123,,True,True,False,2,False,missing_from_frey_osborne
29-1229,"Physicians, All Other",29,0.0990865528601377,0.4164495357891584,0.733812518718179,0.1162174303683737,0.3179619646600778,0.5197064989517819,0.7086123,,True,True,False,2,False,missing_from_frey_osborne
29-1241,"Ophthalmologists, Except Pediatric",29,0.0588235294117647,0.4264705882352941,0.7941176470588235,0.1176470588235294,0.3382352941176471,0.5588235294117647,0.7086123,,True,True,False,2,False,missing_from_frey_osborne
29-1242,"Orthopedic Surgeons, Except Pediatric",29,0.0666666666666666,0.3333333333333333,0.6,0.0666666666666666,0.2333333333333333,0.4,-0.0504534,,True,True,False,2,False,missing_from_frey_osborne
29-1243,Pediatric Surgeons,29,0.1111111111111111,0.3611111111111111,0.611111111111111,0.0555555555555555,0.2222222222222222,0.3888888888888888,-0.0504534,,True,True,False,2,False,missing_from_frey_osborne
29-1249,"Surgeons, All Other",29,,,,,,,-0.0504534,,False,True,False,1,False,missing_from_eloundou_and_frey_osborne
29-1291,Acupuncturists,29,0.1666666666666666,0.1666666666666666,0.1666666666666666,0.1666666666666666,0.3055555555555555,0.4444444444444444,0.7109566,0.02,True,True,True,3,True,in_v0
29-1292,Dental Hygienists,29,0.0625,0.1875,0.3125,0.0,0.09375,0.1875,-0.416508,0.68,True,True,True,3,True,in_v0
29-1299,"Healthcare Diagnosing or Treating Practitioners, All Other",29,0.1963141025641025,0.4963942307692307,0.796474358974359,0.1450320512820512,0.3157051282051282,0.486378205128205,0.7109566,0.02,True,True,True,3,True,in_v0
29-2011,Medical and Clinical Laboratory Technologists,29,0.1408312807881773,0.3389516625615763,0.5370720443349754,0.1116841133004925,0.1977124384236453,0.283740763546798,0.2818067,0.9,True,True,True,3,True,in_v0
29-2012,Medical and Clinical Laboratory Technicians,29,0.0,0.1696428571428571,0.3392857142857142,0.0,0.0476190476190476,0.0952380952380952,-0.1273315,0.47,True,True,True,3,True,in_v0
29-2031,Cardiovascular Technologists and Technicians,29,0.0857142857142857,0.3571428571428571,0.6285714285714286,0.1142857142857142,0.1714285714285714,0.2285714285714285,-0.0909526,0.23,True,True,True,3,True,in_v0
29-2032,Diagnostic Medical Sonographers,29,0.1052631578947368,0.3026315789473684,0.5,0.131578947368421,0.2894736842105263,0.4473684210526315,-0.264054,0.35,True,True,True,3,True,in_v0
29-2033,Nuclear Medicine Technologists,29,0.064516129032258,0.2903225806451612,0.5161290322580645,0.1612903225806451,0.2580645161290322,0.3548387096774194,0.0855276,0.13,True,True,True,3,True,in_v0
29-2034,Radiologic Technologists and Technicians,29,0.0,0.3771929824561403,0.7543859649122806,0.1052631578947368,0.2807017543859649,0.4561403508771929,-0.5559037,,True,True,False,2,False,missing_from_frey_osborne
29-2035,Magnetic Resonance Imaging Technologists,29,0.0444444444444444,0.3222222222222222,0.6,0.1333333333333333,0.2222222222222222,0.3111111111111111,-0.0727627,,True,True,False,2,False,missing_from_frey_osborne
29-2036,Medical Dosimetrists,29,0.15,0.45,0.75,0.1,0.3,0.5,-0.283854,,True,True,False,2,False,missing_from_frey_osborne
29-2042,Emergency Medical Technicians,29,0.1666666666666666,0.2083333333333333,0.25,0.0,0.2083333333333333,0.4166666666666666,-0.6863446,0.049,True,True,True,3,True,in_v0
29-2043,Paramedics,29,0.0769230769230769,0.1538461538461538,0.2307692307692307,0.0,0.1923076923076923,0.3846153846153846,-0.6863446,0.049,True,True,True,3,True,in_v0
29-2051,Dietetic Technicians,29,0.1739130434782608,0.5434782608695652,0.9130434782608696,0.0434782608695652,0.4130434782608695,0.7826086956521738,-0.1260282,0.13,True,True,True,3,True,in_v0
29-2052,Pharmacy Technicians,29,0.2941176470588235,0.4264705882352941,0.5588235294117647,0.2352941176470588,0.4264705882352941,0.6176470588235294,0.0070256,0.92,True,True,True,3,True,in_v0
29-2053,Psychiatric Technicians,29,0.0,0.12,0.24,0.16,0.34,0.52,-0.2203484,0.043,True,True,True,3,True,in_v0
29-2055,Surgical Technologists,29,0.0333333333333333,0.0666666666666666,0.1,0.0,0.0166666666666666,0.0333333333333333,-0.4830476,0.34,True,True,True,3,True,in_v0
29-2056,Veterinary Technologists and Technicians,29,0.0655737704918032,0.1639344262295082,0.2622950819672131,0.0655737704918032,0.1475409836065573,0.2295081967213114,-0.3623179,0.029,True,True,True,3,True,in_v0
29-2057,Ophthalmic Medical Technicians,29,0.0526315789473684,0.3289473684210526,0.6052631578947368,0.0263157894736842,0.1052631578947368,0.1842105263157894,0.078734,,True,True,False,2,False,missing_from_frey_osborne
29-2061,Licensed Practical and Licensed Vocational Nurses,29,0.0789473684210526,0.25,0.4210526315789473,0.0526315789473684,0.25,0.4473684210526315,-0.5137373,0.058,True,True,True,3,True,in_v0
29-2072,Medical Records Specialists,29,0.2352941176470588,0.6176470588235294,1.0,0.2352941176470588,0.5588235294117647,0.8823529411764706,0.5738765,0.91,True,True,True,3,True,in_v0
29-2081,"Opticians, Dispensing",29,0.0952380952380952,0.2857142857142857,0.4761904761904761,0.1428571428571428,0.238095238095238,0.3333333333333333,0.1013966,0.71,True,True,True,3,True,in_v0
29-2091,Orthotists and Prosthetists,29,0.1724137931034483,0.2758620689655172,0.3793103448275862,0.0,0.1896551724137931,0.3793103448275862,0.066577,0.0035,True,True,True,3,True,in_v0
29-2092,Hearing Aid Specialists,29,0.0,0.2,0.4,0.0,0.05,0.1,0.5648953,,True,True,False,2,False,missing_from_frey_osborne
29-2099,"Health Technologists and Technicians, All Other",29,0.0636904761904761,0.4114087301587301,0.7591269841269841,0.1527777777777777,0.2751984126984126,0.3976190476190476,-0.19495065,0.1,True,True,True,3,True,in_v0
29-9021,Health Information Technologists and Medical Registrars,29,0.3125,0.65625,1.0,0.3125,0.53125,0.75,0.40171665,0.91,True,True,True,3,True,in_v0
29-9091,Athletic Trainers,29,0.0930232558139534,0.2790697674418604,0.4651162790697674,0.3255813953488372,0.4069767441860465,0.4883720930232558,-0.3311363,0.0071,True,True,True,3,True,in_v0
29-9092,Genetic Counselors,29,0.1052631578947368,0.5,0.894736842105263,0.3684210526315789,0.631578947368421,0.894736842105263,1.527667,,True,True,False,2,False,missing_from_frey_osborne
29-9093,Surgical Assistants,29,0.0,0.0392156862745098,0.0784313725490196,0.0,0.0392156862745098,0.0784313725490196,0.2295568,,True,True,False,2,False,missing_from_frey_osborne
29-9099,"Healthcare Practitioners and Technical Workers, All Other",29,0.1571428571428571,0.3785714285714285,0.6,0.1,0.25,0.3999999999999999,0.2295568,,True,True,False,2,False,missing_from_frey_osborne
31-1121,Home Health Aides,31,0.0769230769230769,0.0769230769230769,0.0769230769230769,0.0,0.0384615384615384,0.0769230769230769,-0.644942,0.39,True,True,True,3,True,in_v0
31-1122,Personal Care Aides,31,0.1666666666666666,0.2222222222222222,0.2777777777777778,0.2222222222222222,0.3333333333333333,0.4444444444444444,-0.5737774,0.74,True,True,True,3,True,in_v0
31-1131,Nursing Assistants,31,0.0508474576271186,0.1016949152542373,0.1525423728813559,0.0338983050847457,0.135593220338983,0.2372881355932203,-0.9040212,,True,True,False,2,False,missing_from_frey_osborne
31-1132,Orderlies,31,0.0,0.0,0.0,0.0,0.046875,0.09375,-1.679232,,True,True,False,2,False,missing_from_frey_osborne
31-1133,Psychiatric Aides,31,0.125,0.125,0.125,0.0,0.125,0.25,-0.496565,0.47,True,True,True,3,True,in_v0
31-2011,Occupational Therapy Assistants,31,0.1860465116279069,0.2674418604651162,0.3488372093023256,0.1395348837209302,0.2325581395348837,0.3255813953488372,-0.3153762,0.028,True,True,True,3,True,in_v0
31-2012,Occupational Therapy Aides,31,0.2222222222222222,0.2407407407407407,0.2592592592592592,0.0,0.074074074074074,0.1481481481481481,-0.7734322,0.27,True,True,True,3,True,in_v0
31-2021,Physical Therapist Assistants,31,0.1025641025641025,0.1538461538461538,0.2051282051282051,0.0,0.1025641025641025,0.2051282051282051,-0.5308535,0.018,True,True,True,3,True,in_v0
31-2022,Physical Therapist Aides,31,0.1212121212121212,0.1818181818181818,0.2424242424242424,0.0606060606060606,0.1515151515151515,0.2424242424242424,-0.8823265,0.61,True,True,True,3,True,in_v0
31-9011,Massage Therapists,31,0.074074074074074,0.074074074074074,0.074074074074074,0.074074074074074,0.1851851851851851,0.2962962962962963,-1.410233,0.54,True,True,True,3,True,in_v0
31-9091,Dental Assistants,31,0.1333333333333333,0.2666666666666666,0.4,0.0,0.1,0.2,-0.5268759,0.51,True,True,True,3,True,in_v0
31-9092,Medical Assistants,31,0.1794871794871795,0.358974358974359,0.5384615384615384,0.0512820512820512,0.141025641025641,0.2307692307692307,0.1497917,0.3,True,True,True,3,True,in_v0
31-9093,Medical Equipment Preparers,31,0.074074074074074,0.1111111111111111,0.1481481481481481,0.0,0.037037037037037,0.074074074074074,-0.7308648,0.78,True,True,True,3,True,in_v0
31-9094,Medical Transcriptionists,31,0.8214285714285714,0.875,0.9285714285714284,0.1428571428571428,0.2321428571428571,0.3214285714285714,1.06259,0.89,True,True,True,3,True,in_v0
31-9095,Pharmacy Aides,31,0.24,0.38,0.52,0.08,0.14,0.2,-0.1552654,0.72,True,True,True,3,True,in_v0
31-9096,Veterinary Assistants and Laboratory Animal Caretakers,31,0.1111111111111111,0.2222222222222222,0.3333333333333333,0.1481481481481481,0.1481481481481481,0.1481481481481481,-0.7735824,0.86,True,True,True,3,True,in_v0
31-9097,Phlebotomists,31,0.1463414634146341,0.1829268292682926,0.2195121951219512,0.048780487804878,0.1097560975609756,0.1707317073170731,-0.2778475,,True,True,False,2,False,missing_from_frey_osborne
31-9099,"Healthcare Support Workers, All Other",31,0.1995614035087719,0.3651315789473684,0.5307017543859648,0.0526315789473684,0.1052631578947368,0.1578947368421052,0.1660077,,True,True,False,2,False,missing_from_frey_osborne
33-1011,First-Line Supervisors of Correctional Officers,33,0.217391304347826,0.2826086956521739,0.3478260869565217,0.217391304347826,0.2826086956521739,0.3478260869565217,-0.5584278,0.025,True,True,True,3,True,in_v0
33-1012,First-Line Supervisors of Police and Detectives,33,0.1052631578947368,0.3289473684210526,0.5526315789473684,0.1578947368421052,0.3552631578947368,0.5526315789473684,-0.1923298,0.0044,True,True,True,3,True,in_v0
33-1021,First-Line Supervisors of Fire Fighting and Prevention Workers,33,0.2264150943396226,0.4150943396226415,0.6037735849056604,0.320754716981132,0.4056603773584905,0.490566037735849,-0.593021,0.0036,True,True,True,3,True,in_v0
33-1091,First-Line Supervisors of Security Workers,33,0.238095238095238,0.4047619047619047,0.5714285714285714,0.1428571428571428,0.2619047619047618,0.3809523809523809,,,True,False,False,1,False,missing_from_aioe_and_frey_osborne
33-2011,Firefighters,33,0.1052631578947368,0.1403508771929824,0.175438596491228,0.0701754385964912,0.087719298245614,0.1052631578947368,-1.320232,0.17,True,True,True,3,True,in_v0
33-2021,Fire Inspectors and Investigators,33,0.1346153846153846,0.2884615384615385,0.4423076923076923,0.25,0.3846153846153846,0.5192307692307693,0.062793,0.48,True,True,True,3,True,in_v0
33-2022,Forest Fire Inspectors and Prevention Specialists,33,0.125,0.21875,0.3125,0.25,0.375,0.5,-0.2144127,0.048,True,True,True,3,True,in_v0
33-3011,Bailiffs,33,0.0357142857142857,0.0357142857142857,0.0357142857142857,0.0714285714285714,0.1607142857142857,0.25,-0.5103183,0.36,True,True,True,3,True,in_v0
33-3012,Correctional Officers and Jailers,33,0.2272727272727273,0.2613636363636363,0.2954545454545454,0.1136363636363636,0.2386363636363636,0.3636363636363636,-0.8875365,0.6,True,True,True,3,True,in_v0
33-3021,Detectives and Criminal Investigators,33,0.0883861236802413,0.397410759175465,0.7064353946706888,0.0772750125691301,0.3477375565610859,0.6182001005530418,0.2257696,0.34,True,True,True,3,True,in_v0
33-3031,Fish and Game Wardens,33,0.0909090909090909,0.2840909090909091,0.4772727272727273,0.0454545454545454,0.1590909090909091,0.2727272727272727,-0.4585168,0.08,True,True,True,3,True,in_v0
33-3041,Parking Enforcement Workers,33,0.1794871794871795,0.3205128205128205,0.4615384615384615,0.1025641025641025,0.3205128205128205,0.5384615384615384,-0.6239931,0.84,True,True,True,3,True,in_v0
33-3051,Police and Sheriff's Patrol Officers,33,0.1773399014778325,0.3511904761904761,0.5250410509031198,0.1165845648604269,0.2473316912972084,0.3780788177339901,-0.6681123,0.098,True,True,True,3,True,in_v0
33-3052,Transit and Railroad Police,33,0.0833333333333333,0.2499999999999999,0.4166666666666666,0.25,0.4375,0.625,-0.8205515,0.57,True,True,True,3,True,in_v0
33-9011,Animal Control Workers,33,0.2666666666666666,0.35,0.4333333333333333,0.0,0.1333333333333333,0.2666666666666666,-0.5946321,0.21,True,True,True,3,True,in_v0
33-9021,Private Detectives and Investigators,33,0.074074074074074,0.3888888888888888,0.7037037037037037,0.2222222222222222,0.3888888888888888,0.5555555555555556,0.7483108,0.31,True,True,True,3,True,in_v0
33-9031,Gambling Surveillance Officers and Gambling Investigators,33,0.25,0.4375,0.625,0.0,0.3125,0.625,0.7283933,0.95,True,True,True,3,True,in_v0
33-9032,Security Guards,33,0.1666666666666666,0.1666666666666666,0.1666666666666666,0.1666666666666666,0.2499999999999999,0.3333333333333333,-0.3908421,0.84,True,True,True,3,True,in_v0
33-9091,Crossing Guards and Flaggers,33,0.0526315789473684,0.1052631578947368,0.1578947368421052,0.0,0.2631578947368421,0.5263157894736842,-0.5699511,0.49,True,True,True,3,True,in_v0
33-9092,"Lifeguards, Ski Patrol, and Other Recreational Protective Service Workers",33,0.08,0.08,0.08,0.08,0.16,0.24,-0.4718385,0.67,True,True,True,3,True,in_v0
33-9093,Transportation Security Screeners,33,0.0,0.26,0.52,0.04,0.23,0.42,-0.5068558,,True,True,False,2,False,missing_from_frey_osborne
33-9094,School Bus Monitors,33,0.1666666666666666,0.1666666666666666,0.1666666666666666,0.0,0.1944444444444444,0.3888888888888888,0.0764088,,True,True,False,2,False,missing_from_frey_osborne
33-9099,"Protective Service Workers, All Other",33,0.0975609756097561,0.3780487804878049,0.6585365853658537,0.1463414634146341,0.3414634146341463,0.5365853658536586,0.0764088,,True,True,False,2,False,missing_from_frey_osborne
35-1011,Chefs and Head Cooks,35,0.0952380952380952,0.2619047619047618,0.4285714285714285,0.1428571428571428,0.2619047619047618,0.3809523809523809,-0.2676433,0.1,True,True,True,3,True,in_v0
35-1012,First-Line Supervisors of Food Preparation and Serving Workers,35,0.2222222222222222,0.5111111111111112,0.8,0.0444444444444444,0.2555555555555555,0.4666666666666667,-0.2575492,0.63,True,True,True,3,True,in_v0
35-2011,"Cooks, Fast Food",35,0.0,0.0,0.0,0.0,0.0263157894736842,0.0526315789473684,-0.7131837,0.81,True,True,True,3,True,in_v0
35-2012,"Cooks, Institution and Cafeteria",35,0.0344827586206896,0.1206896551724137,0.2068965517241379,0.0344827586206896,0.0862068965517241,0.1379310344827586,-0.6360813,0.83,True,True,True,3,True,in_v0
35-2013,"Cooks, Private Household",35,0.16,0.24,0.32,0.16,0.28,0.4,-0.7867444,0.3,True,True,True,3,True,in_v0
35-2014,"Cooks, Restaurant",35,0.027027027027027,0.0945945945945946,0.1621621621621621,0.081081081081081,0.1216216216216216,0.1621621621621621,-0.7418264,0.96,True,True,True,3,True,in_v0
35-2015,"Cooks, Short Order",35,0.0,0.0,0.0,0.0,0.0,0.0,-0.5933817,0.94,True,True,True,3,True,in_v0
35-2021,Food Preparation Workers,35,0.0185185185185185,0.037037037037037,0.0555555555555555,0.0,0.0462962962962962,0.0925925925925925,-1.226416,0.87,True,True,True,3,True,in_v0
35-3011,Bartenders,35,0.1111111111111111,0.1944444444444444,0.2777777777777778,0.0833333333333333,0.1388888888888889,0.1944444444444444,-0.6159883,0.77,True,True,True,3,True,in_v0
35-3023,Fast Food and Counter Workers,35,0.063048245614035,0.0970394736842105,0.1310307017543859,0.0893640350877192,0.1154057017543859,0.1414473684210526,-0.5078111,0.94,True,True,True,3,True,in_v0
35-3031,Waiters and Waitresses,35,0.0816326530612244,0.183673469387755,0.2857142857142857,0.2040816326530612,0.2244897959183673,0.2448979591836734,-0.9481003,0.94,True,True,True,3,True,in_v0
35-3041,"Food Servers, Nonrestaurant",35,0.074074074074074,0.1296296296296296,0.1851851851851851,0.0,0.1111111111111111,0.2222222222222222,-0.7270206,0.86,True,True,True,3,True,in_v0
35-9011,Dining Room and Cafeteria Attendants and Bartender Helpers,35,0.0,0.0,0.0,0.0,0.0,0.0,-1.927078,0.91,True,True,True,3,True,in_v0
35-9021,Dishwashers,35,0.0,0.0,0.0,0.0,0.0,0.0,-1.738612,0.77,True,True,True,3,True,in_v0
35-9031,"Hosts and Hostesses, Restaurant, Lounge, and Coffee Shop",35,0.0571428571428571,0.2285714285714285,0.3999999999999999,0.1999999999999999,0.3285714285714285,0.4571428571428571,-0.0565477,0.97,True,True,True,3,True,in_v0
37-1011,First-Line Supervisors of Housekeeping and Janitorial Workers,37,0.1632653061224489,0.2653061224489795,0.3673469387755101,0.0816326530612244,0.2551020408163265,0.4285714285714285,-0.5854128,0.94,True,True,True,3,True,in_v0
37-1012,"First-Line Supervisors of Landscaping, Lawn Service, and Groundskeeping Workers",37,0.1454545454545454,0.3545454545454545,0.5636363636363636,0.0727272727272727,0.2454545454545454,0.4181818181818181,-0.5548871,0.57,True,True,True,3,True,in_v0
37-2011,"Janitors and Cleaners, Except Maids and Housekeeping Cleaners",37,0.0,0.0,0.0,0.0,0.0277777777777777,0.0555555555555555,-1.436201,0.66,True,True,True,3,True,in_v0
37-2012,Maids and Housekeeping Cleaners,37,0.0,0.0,0.0,0.0588235294117647,0.0588235294117647,0.0588235294117647,-1.480657,0.69,True,True,True,3,True,in_v0
37-2021,Pest Control Workers,37,0.1666666666666666,0.25,0.3333333333333333,0.0833333333333333,0.2291666666666666,0.375,-0.7255374,0.66,True,True,True,3,True,in_v0
37-3011,Landscaping and Groundskeeping Workers,37,0.0,0.024390243902439,0.048780487804878,0.0,0.024390243902439,0.048780487804878,-1.824293,0.95,True,True,True,3,True,in_v0
37-3012,"Pesticide Handlers, Sprayers, and Applicators, Vegetation",37,0.0,0.0555555555555555,0.1111111111111111,0.0555555555555555,0.0555555555555555,0.0555555555555555,-0.8847935,0.97,True,True,True,3,True,in_v0
37-3013,Tree Trimmers and Pruners,37,0.048780487804878,0.0609756097560975,0.073170731707317,0.0,0.0609756097560975,0.1219512195121951,-1.727035,0.77,True,True,True,3,True,in_v0
39-1013,First-line Supervisors of Gambling Services Workers,39,0.3076923076923077,0.4326923076923077,0.5576923076923077,0.173076923076923,0.3365384615384615,0.5,0.4955934,0.41,True,True,True,3,True,in_v0
39-1014,"First-line Supervisors of Entertainment and Recreation Workers, Except Gambling Services",39,0.1578947368421052,0.3684210526315789,0.5789473684210527,0.2631578947368421,0.3421052631578947,0.4210526315789473,0.4303075,0.076,True,True,True,3,True,in_v0
39-1022,First-Line Supervisors of Personal Service Workers,39,0.1034482758620689,0.4137931034482758,0.7241379310344828,0.2413793103448275,0.3620689655172414,0.4827586206896551,0.4303075,0.076,True,True,True,3,True,in_v0
39-2011,Animal Trainers,39,0.0689655172413793,0.1034482758620689,0.1379310344827586,0.1379310344827586,0.1379310344827586,0.1379310344827586,-0.9167759,0.1,True,True,True,3,True,in_v0
39-2021,Animal Caretakers,39,0.1818181818181818,0.2727272727272727,0.3636363636363636,0.1515151515151515,0.1818181818181818,0.2121212121212121,-0.8890408,0.82,True,True,True,3,True,in_v0
39-3011,Gambling Dealers,39,0.1351351351351351,0.1351351351351351,0.1351351351351351,0.1081081081081081,0.1486486486486486,0.1891891891891892,0.0605832,0.96,True,True,True,3,True,in_v0
39-3012,Gambling and Sports Book Writers and Runners,39,0.2307692307692307,0.2692307692307693,0.3076923076923077,0.0769230769230769,0.2307692307692307,0.3846153846153846,0.4652752,0.91,True,True,True,3,True,in_v0
39-3021,Motion Picture Projectionists,39,0.0909090909090909,0.1818181818181818,0.2727272727272727,0.0,0.0757575757575757,0.1515151515151515,-0.3786598,0.97,True,True,True,3,True,in_v0
39-3031,"Ushers, Lobby Attendants, and Ticket Takers",39,0.1142857142857142,0.1428571428571428,0.1714285714285714,0.1428571428571428,0.1999999999999999,0.2571428571428571,-0.2420959,0.96,True,True,True,3,True,in_v0
39-3091,Amusement and Recreation Attendants,39,0.1923076923076923,0.2115384615384615,0.2307692307692307,0.3076923076923077,0.3653846153846154,0.4230769230769231,-0.5246153,0.72,True,True,True,3,True,in_v0
39-3092,Costume Attendants,39,0.1111111111111111,0.2638888888888889,0.4166666666666666,0.0,0.2361111111111111,0.4722222222222222,-0.4533608,0.61,True,True,True,3,True,in_v0
39-3093,"Locker Room, Coatroom, and Dressing Room Attendants",39,0.064516129032258,0.064516129032258,0.064516129032258,0.064516129032258,0.1451612903225806,0.2258064516129032,-0.3454376,0.43,True,True,True,3,True,in_v0
39-4011,Embalmers,39,0.04,0.04,0.04,0.0,0.04,0.08,-0.7311451,0.54,True,True,True,3,True,in_v0
39-4012,Crematory Operators,39,0.0,0.0416666666666666,0.0833333333333333,0.0,0.125,0.25,,,True,False,False,1,False,missing_from_aioe_and_frey_osborne
39-4021,Funeral Attendants,39,0.1777777777777777,0.1777777777777777,0.1777777777777777,0.1555555555555555,0.2333333333333333,0.3111111111111111,-0.5445412,0.37,True,True,True,3,True,in_v0
39-4031,"Morticians, Undertakers, and Funeral Arrangers",39,0.0930232558139534,0.1627906976744186,0.2325581395348837,0.0,0.0930232558139534,0.1860465116279069,-0.1903759,,True,True,False,2,False,missing_from_frey_osborne
39-5011,Barbers,39,0.088235294117647,0.1617647058823529,0.2352941176470588,0.0,0.0735294117647058,0.1470588235294117,-0.7294621,0.8,True,True,True,3,True,in_v0
39-5012,"Hairdressers, Hairstylists, and Cosmetologists",39,0.0526315789473684,0.0789473684210526,0.1052631578947368,0.0,0.0526315789473684,0.1052631578947368,-0.6824517,0.11,True,True,True,3,True,in_v0
39-5091,"Makeup Artists, Theatrical and Performance",39,0.048780487804878,0.3414634146341463,0.6341463414634146,0.048780487804878,0.2439024390243902,0.4390243902439024,-0.4596138,0.01,True,True,True,3,True,in_v0
39-5092,Manicurists and Pedicurists,39,0.0555555555555555,0.0833333333333333,0.1111111111111111,0.0,0.0555555555555555,0.1111111111111111,0.0335124,0.95,True,True,True,3,True,in_v0
39-5093,Shampooers,39,0.1428571428571428,0.1428571428571428,0.1428571428571428,0.0,0.0714285714285714,0.1428571428571428,-0.905371,0.79,True,True,True,3,True,in_v0
39-5094,Skincare Specialists,39,0.0606060606060606,0.1969696969696969,0.3333333333333333,0.0606060606060606,0.106060606060606,0.1515151515151515,-0.2628396,0.29,True,True,True,3,True,in_v0
39-6011,Baggage Porters and Bellhops,39,0.074074074074074,0.1481481481481481,0.2222222222222222,0.2592592592592592,0.2777777777777778,0.2962962962962963,-1.272015,0.83,True,True,True,3,True,in_v0
39-6012,Concierges,39,0.1333333333333333,0.4666666666666667,0.8,0.6666666666666666,0.7,0.7333333333333333,0.855832,0.21,True,True,True,3,True,in_v0
39-7011,Tour Guides and Escorts,39,0.1538461538461538,0.2692307692307693,0.3846153846153846,0.3076923076923077,0.3461538461538461,0.3846153846153846,0.357096,0.91,True,True,True,3,True,in_v0
39-7012,Travel Guides,39,0.16,0.38,0.6,0.32,0.4,0.48,0.6083829,0.057,True,True,True,3,True,in_v0
39-9011,Childcare Workers,39,0.1108722358722358,0.1414312039312039,0.1719901719901719,0.2374078624078623,0.3404484029484029,0.4434889434889435,-0.3834794,0.084,True,True,True,3,True,in_v0
39-9031,Exercise Trainers and Group Fitness Instructors,39,0.0,0.0147058823529411,0.0294117647058823,0.1470588235294117,0.2352941176470588,0.3235294117647059,-2.111948,0.085,True,True,True,3,True,in_v0
39-9032,Recreation Workers,39,0.119047619047619,0.238095238095238,0.3571428571428571,0.0952380952380952,0.25,0.4047619047619047,-0.2441154,0.0061,True,True,True,3,True,in_v0
39-9041,Residential Advisors,39,0.1,0.24,0.38,0.18,0.28,0.38,0.4746119,0.064,True,True,True,3,True,in_v0
41-1011,First-Line Supervisors of Retail Sales Workers,41,0.081081081081081,0.4864864864864865,0.8918918918918919,0.1621621621621621,0.4054054054054054,0.6486486486486487,0.0191826,0.28,True,True,True,3,True,in_v0
41-1012,First-Line Supervisors of Non-Retail Sales Workers,41,0.1111111111111111,0.537037037037037,0.9629629629629628,0.1851851851851851,0.4444444444444444,0.7037037037037037,1.316195,0.075,True,True,True,3,True,in_v0
41-2011,Cashiers,41,0.1395348837209302,0.2093023255813953,0.2790697674418604,0.2325581395348837,0.3604651162790697,0.4883720930232558,-0.2480887,0.97,True,True,True,3,True,in_v0
41-2012,Gambling Change Persons and Booth Cashiers,41,0.238095238095238,0.2619047619047618,0.2857142857142857,0.0,0.3095238095238095,0.6190476190476191,-0.0500926,0.83,True,True,True,3,True,in_v0
41-2021,Counter and Rental Clerks,41,0.2580645161290322,0.532258064516129,0.8064516129032258,0.5483870967741935,0.6774193548387096,0.8064516129032258,0.0784367,0.97,True,True,True,3,True,in_v0
41-2022,Parts Salespersons,41,0.1714285714285714,0.3428571428571428,0.5142857142857142,0.2857142857142857,0.3428571428571428,0.3999999999999999,-0.1184909,0.98,True,True,True,3,True,in_v0
41-2031,Retail Salespersons,41,0.0789473684210526,0.3421052631578947,0.6052631578947368,0.2631578947368421,0.3552631578947368,0.4473684210526315,0.0873069,0.92,True,True,True,3,True,in_v0
41-3011,Advertising Sales Agents,41,0.1794871794871795,0.5384615384615384,0.8974358974358974,0.4358974358974359,0.6923076923076923,0.9487179487179488,1.162588,0.54,True,True,True,3,True,in_v0
41-3021,Insurance Sales Agents,41,0.1515151515151515,0.5757575757575758,1.0,0.3333333333333333,0.5303030303030303,0.7272727272727273,1.341258,0.92,True,True,True,3,True,in_v0
41-3031,"Securities, Commodities, and Financial Services Sales Agents",41,0.2115384615384615,0.6057692307692308,1.0,0.2692307692307693,0.5192307692307693,0.7692307692307693,1.256298,0.016,True,True,True,3,True,in_v0
41-3041,Travel Agents,41,0.125,0.5625,1.0,0.25,0.5625,0.875,1.133598,0.099,True,True,True,3,True,in_v0
41-3091,"Sales Representatives of Services, Except Advertising, Insurance, Financial Services, and Travel",41,0.3333333333333333,0.6333333333333333,0.9333333333333332,0.3333333333333333,0.5666666666666667,0.8,1.302674,,True,True,False,2,False,missing_from_frey_osborne
41-4011,"Sales Representatives, Wholesale and Manufacturing, Technical and Scientific Products",41,0.0789473684210526,0.4983130904183536,0.9176788124156546,0.3852901484480431,0.573549257759784,0.761808367071525,0.8911985,0.25,True,True,True,3,True,in_v0
41-4012,"Sales Representatives, Wholesale and Manufacturing, Except Technical and Scientific Products",41,0.2413793103448275,0.6206896551724138,1.0,0.4827586206896551,0.7068965517241379,0.9310344827586208,0.8224681,0.85,True,True,True,3,True,in_v0
41-9011,Demonstrators and Product Promoters,41,0.0512820512820512,0.1282051282051282,0.2051282051282051,0.2051282051282051,0.3974358974358974,0.5897435897435898,0.1235652,0.51,True,True,True,3,True,in_v0
41-9012,Models,41,0.1333333333333333,0.2333333333333333,0.3333333333333333,0.0666666666666666,0.4,0.7333333333333334,-1.122021,0.98,True,True,True,3,True,in_v0
41-9021,Real Estate Brokers,41,0.0,0.5,1.0,0.125,0.421875,0.71875,1.149681,0.97,True,True,True,3,True,in_v0
41-9022,Real Estate Sales Agents,41,0.0,0.4375,0.875,0.2857142857142857,0.4107142857142857,0.5357142857142857,0.8649445,0.86,True,True,True,3,True,in_v0
41-9031,Sales Engineers,41,0.1590909090909091,0.5113636363636364,0.8636363636363636,0.3181818181818182,0.5340909090909091,0.75,1.145416,0.0041,True,True,True,3,True,in_v0
41-9041,Telemarketers,41,0.611111111111111,0.8055555555555555,1.0,0.2222222222222222,0.5277777777777778,0.8333333333333333,1.118129,0.99,True,True,True,3,True,in_v0
41-9091,"Door-to-Door Sales Workers, News and Street Vendors, and Related Workers",41,0.1739130434782608,0.2608695652173913,0.3478260869565217,0.5217391304347826,0.5217391304347826,0.5217391304347826,1.107101,0.94,True,True,True,3,True,in_v0
43-1011,First-Line Supervisors of Office and Administrative Support Workers,43,0.0833333333333333,0.4895833333333333,0.8958333333333333,0.2291666666666666,0.53125,0.8333333333333333,1.038688,0.014,True,True,True,3,True,in_v0
43-2011,"Switchboard Operators, Including Answering Service",43,0.5161290322580645,0.6290322580645161,0.7419354838709677,0.3870967741935484,0.4838709677419355,0.5806451612903225,0.9832644,0.96,True,True,True,3,True,in_v0
43-2021,Telephone Operators,43,0.8421052631578947,0.894736842105263,0.9473684210526316,0.3684210526315789,0.5526315789473684,0.7368421052631579,1.019712,0.97,True,True,True,3,True,in_v0
43-2099,"Communications Equipment Operators, All Other",43,,,,,,,0.926126,0.98,False,True,True,2,False,missing_from_eloundou
43-3011,Bill and Account Collectors,43,0.3928571428571428,0.6964285714285714,1.0,0.1071428571428571,0.4285714285714285,0.75,1.271991,0.95,True,True,True,3,True,in_v0
43-3021,Billing and Posting Clerks,43,0.6904761904761905,0.7738095238095237,0.8571428571428571,0.1904761904761904,0.4166666666666666,0.6428571428571428,1.333455,0.96,True,True,True,3,True,in_v0
43-3031,"Bookkeeping, Accounting, and Auditing Clerks",43,0.6046511627906976,0.8023255813953488,1.0,0.1395348837209302,0.313953488372093,0.4883720930232558,1.039749,0.98,True,True,True,3,True,in_v0
43-3041,Gambling Cage Workers,43,0.3870967741935484,0.4193548387096774,0.4516129032258064,0.3225806451612903,0.4193548387096774,0.5161290322580645,0.4026518,0.39,True,True,True,3,True,in_v0
43-3051,Payroll and Timekeeping Clerks,43,0.6756756756756757,0.8378378378378379,1.0,0.1621621621621621,0.4864864864864865,0.8108108108108109,1.257632,0.97,True,True,True,3,True,in_v0
43-3061,Procurement Clerks,43,0.2571428571428571,0.6142857142857142,0.9714285714285714,0.2571428571428571,0.4571428571428571,0.6571428571428571,1.487838,0.98,True,True,True,3,True,in_v0
43-3071,Tellers,43,0.3125,0.5416666666666666,0.7708333333333333,0.2291666666666666,0.3333333333333333,0.4375,0.4727723,0.98,True,True,True,3,True,in_v0
43-4011,Brokerage Clerks,43,0.5333333333333333,0.7666666666666666,1.0,0.7333333333333333,0.8,0.8666666666666667,1.144877,0.98,True,True,True,3,True,in_v0
43-4021,Correspondence Clerks,43,0.9642857142857142,0.9642857142857142,0.9642857142857142,0.5714285714285714,0.7321428571428571,0.8928571428571428,1.149758,0.86,True,True,True,3,True,in_v0
43-4031,"Court, Municipal, and License Clerks",43,0.4363636363636363,0.7,0.9636363636363636,0.3090909090909091,0.5909090909090908,0.8727272727272727,1.166267,0.46,True,True,True,3,True,in_v0
43-4041,"Credit Authorizers, Checkers, and Clerks",43,0.35,0.65,0.95,0.25,0.5750000000000001,0.9,1.440296,0.97,True,True,True,3,True,in_v0
43-4051,Customer Service Representatives,43,0.1363636363636363,0.5681818181818182,1.0,0.5454545454545454,0.7045454545454546,0.8636363636363636,0.9562519,0.55,True,True,True,3,True,in_v0
43-4061,"Eligibility Interviewers, Government Programs",43,0.4,0.68,0.96,0.28,0.62,0.96,1.226286,0.7,True,True,True,3,True,in_v0
43-4071,File Clerks,43,0.6764705882352942,0.7941176470588235,0.9117647058823528,0.1764705882352941,0.4705882352941176,0.7647058823529411,0.2839743,0.97,True,True,True,3,True,in_v0
43-4081,"Hotel, Motel, and Resort Desk Clerks",43,0.2051282051282051,0.5,0.7948717948717948,0.2051282051282051,0.3974358974358974,0.5897435897435898,0.6063127,0.94,True,True,True,3,True,in_v0
43-4111,"Interviewers, Except Eligibility and Loan",43,0.5172413793103449,0.6724137931034483,0.8275862068965517,0.3103448275862069,0.4310344827586206,0.5517241379310345,1.297031,0.94,True,True,True,3,True,in_v0
43-4121,"Library Assistants, Clerical",43,0.3275862068965517,0.5344827586206896,0.7413793103448276,0.2413793103448275,0.4396551724137931,0.6379310344827586,0.2038919,0.95,True,True,True,3,True,in_v0
43-4131,Loan Interviewers and Clerks,43,0.1875,0.59375,1.0,0.125,0.5,0.875,1.364395,0.92,True,True,True,3,True,in_v0
43-4141,New Accounts Clerks,43,0.28,0.56,0.8400000000000001,0.52,0.6,0.68,1.174998,0.99,True,True,True,3,True,in_v0
43-4151,Order Clerks,43,0.4285714285714285,0.7142857142857143,1.0,0.4285714285714285,0.6,0.7714285714285714,0.8388861,0.98,True,True,True,3,True,in_v0
43-4161,"Human Resources Assistants, Except Payroll and Timekeeping",43,0.2758620689655172,0.6206896551724138,0.9655172413793104,0.1379310344827586,0.4655172413793103,0.7931034482758621,1.353098,0.9,True,True,True,3,True,in_v0
43-4171,Receptionists and Information Clerks,43,0.2,0.5333333333333333,0.8666666666666667,0.4333333333333333,0.5833333333333334,0.7333333333333333,1.013186,0.96,True,True,True,3,True,in_v0
43-4181,Reservation and Transportation Ticket Agents and Travel Clerks,43,0.1142857142857142,0.4571428571428571,0.7999999999999999,0.3714285714285714,0.5285714285714286,0.6857142857142857,0.227312,0.61,True,True,True,3,True,in_v0
43-5011,Cargo and Freight Agents,43,0.2061177815894796,0.5273013150371642,0.8484848484848485,0.2152658662092623,0.4288164665523156,0.6423670668953687,1.405415,0.99,True,True,True,3,True,in_v0
43-5021,Couriers and Messengers,43,0.2413793103448275,0.3103448275862069,0.3793103448275862,0.0,0.1551724137931034,0.3103448275862069,-0.9591126,0.94,True,True,True,3,True,in_v0
43-5031,Public Safety Telecommunicators,43,0.40625,0.65625,0.90625,0.4375,0.59375,0.75,0.9074452,0.49,True,True,True,3,True,in_v0
43-5032,"Dispatchers, Except Police, Fire, and Ambulance",43,0.3478260869565217,0.6739130434782609,1.0,0.3478260869565217,0.6521739130434783,0.9565217391304348,1.234523,0.96,True,True,True,3,True,in_v0
43-5041,"Meter Readers, Utilities",43,0.3333333333333333,0.4374999999999999,0.5416666666666666,0.0833333333333333,0.3541666666666666,0.625,-0.9723772,0.85,True,True,True,3,True,in_v0
43-5051,Postal Service Clerks,43,0.1481481481481481,0.3148148148148147,0.4814814814814814,0.1481481481481481,0.2777777777777778,0.4074074074074074,-0.5186997,0.95,True,True,True,3,True,in_v0
43-5052,Postal Service Mail Carriers,43,0.2051282051282051,0.2307692307692307,0.2564102564102564,0.1794871794871795,0.3461538461538461,0.5128205128205128,-1.064715,0.68,True,True,True,3,True,in_v0
43-5053,"Postal Service Mail Sorters, Processors, and Processing Machine Operators",43,0.1,0.1,0.1,0.05,0.125,0.2,-1.185001,0.79,True,True,True,3,True,in_v0
43-5061,"Production, Planning, and Expediting Clerks",43,0.2692307692307693,0.5961538461538461,0.9230769230769232,0.1538461538461538,0.5192307692307693,0.8846153846153847,0.6999103,0.88,True,True,True,3,True,in_v0
43-5071,"Shipping, Receiving, and Inventory Clerks",43,0.2857142857142857,0.5,0.7142857142857142,0.1904761904761904,0.3571428571428571,0.5238095238095237,-0.7463213,0.98,True,True,True,3,True,in_v0
43-5111,"Weighers, Measurers, Checkers, and Samplers, Recordkeeping",43,0.2068965517241379,0.293103448275862,0.3793103448275862,0.1724137931034483,0.2758620689655172,0.3793103448275862,-0.1860789,0.95,True,True,True,3,True,in_v0
43-6011,Executive Secretaries and Executive Administrative Assistants,43,0.3783783783783784,0.6486486486486487,0.918918918918919,0.6216216216216217,0.7432432432432433,0.8648648648648649,1.079643,0.86,True,True,True,3,True,in_v0
43-6012,Legal Secretaries and Administrative Assistants,43,0.3913043478260869,0.6956521739130435,1.0,0.5217391304347826,0.7608695652173912,1.0,1.014541,0.98,True,True,True,3,True,in_v0
43-6013,Medical Secretaries and Administrative Assistants,43,0.3333333333333333,0.6666666666666666,1.0,0.3703703703703703,0.611111111111111,0.8518518518518519,1.217982,0.81,True,True,True,3,True,in_v0
43-6014,"Secretaries and Administrative Assistants, Except Legal, Medical, and Executive",43,0.3846153846153846,0.6442307692307693,0.903846153846154,0.3653846153846154,0.5673076923076923,0.7692307692307693,1.099056,0.96,True,True,True,3,True,in_v0
43-9021,Data Entry Keyers,43,0.8571428571428571,0.8928571428571428,0.9285714285714284,0.2142857142857142,0.4999999999999999,0.7857142857142857,0.3108081,0.99,True,True,True,3,True,in_v0
43-9022,Word Processors and Typists,43,0.7027027027027027,0.7432432432432433,0.7837837837837838,0.1891891891891892,0.4864864864864865,0.7837837837837838,0.6219606,0.81,True,True,True,3,True,in_v0
43-9031,Desktop Publishers,43,0.3225806451612903,0.6451612903225806,0.967741935483871,0.032258064516129,0.4838709677419355,0.935483870967742,0.3437743,0.16,True,True,True,3,True,in_v0
43-9041,Insurance Claims and Policy Processing Clerks,43,0.6666666666666666,0.8333333333333333,1.0,0.2619047619047618,0.5119047619047619,0.7619047619047619,1.240201,0.98,True,True,True,3,True,in_v0
43-9051,"Mail Clerks and Mail Machine Operators, Except Postal Service",43,0.1081081081081081,0.2162162162162162,0.3243243243243243,0.054054054054054,0.1216216216216216,0.1891891891891892,-0.8184676,0.94,True,True,True,3,True,in_v0
43-9061,"Office Clerks, General",43,0.3636363636363636,0.5757575757575758,0.7878787878787878,0.2121212121212121,0.5,0.7878787878787878,0.9888986,0.96,True,True,True,3,True,in_v0
43-9071,"Office Machine Operators, Except Computer",43,0.2941176470588235,0.3970588235294117,0.5,0.0,0.1764705882352941,0.3529411764705882,-0.5171404,0.92,True,True,True,3,True,in_v0
43-9081,Proofreaders and Copy Markers,43,0.95,0.975,1.0,0.2,0.6000000000000001,1.0,1.288375,0.84,True,True,True,3,True,in_v0
43-9111,Statistical Assistants,43,0.8260869565217391,0.8913043478260869,0.9565217391304348,0.3478260869565217,0.6739130434782609,1.0,1.389965,0.66,True,True,True,3,True,in_v0
45-1011,"First-Line Supervisors of Farming, Fishing, and Forestry Workers",45,0.1403508771929824,0.2807017543859649,0.4210526315789473,0.0,0.1578947368421052,0.3157894736842105,-0.4791843,0.57,True,True,True,3,True,in_v0
45-2011,Agricultural Inspectors,45,0.0833333333333333,0.2916666666666666,0.5,0.125,0.2916666666666666,0.4583333333333333,0.1704867,0.94,True,True,True,3,True,in_v0
45-2021,Animal Breeders,45,0.0909090909090909,0.1666666666666666,0.2424242424242424,0.0303030303030303,0.0757575757575757,0.1212121212121212,-1.044292,0.95,True,True,True,3,True,in_v0
45-2041,"Graders and Sorters, Agricultural Products",45,0.1,0.1,0.1,0.0,0.05,0.1,-1.370968,0.41,True,True,True,3,True,in_v0
45-2091,Agricultural Equipment Operators,45,0.0,0.0,0.0,0.0,0.0,0.0,-1.145156,,True,True,False,2,False,missing_from_frey_osborne
45-2092,"Farmworkers and Laborers, Crop, Nursery, and Greenhouse",45,0.0714285714285714,0.1428571428571428,0.2142857142857142,0.0,0.0714285714285714,0.1428571428571428,-1.601349,,True,True,False,2,False,missing_from_frey_osborne
45-2093,"Farmworkers, Farm, Ranch, and Aquacultural Animals",45,0.0,0.0625,0.125,0.0,0.078125,0.15625,-1.108432,,True,True,False,2,False,missing_from_frey_osborne
45-3031,Fishing and Hunting Workers,45,0.0,0.043859649122807,0.087719298245614,0.0,0.0087719298245614,0.0175438596491228,-1.409023,0.8,True,True,True,3,True,in_v0
45-4011,Forest and Conservation Workers,45,0.0434782608695652,0.0434782608695652,0.0434782608695652,0.0,0.0652173913043478,0.1304347826086956,-1.064205,0.87,True,True,True,3,True,in_v0
45-4021,Fallers,45,0.0,0.03125,0.0625,0.125,0.125,0.125,-1.795407,0.76,True,True,True,3,True,in_v0
45-4022,Logging Equipment Operators,45,0.1875,0.1875,0.1875,0.0,0.0625,0.125,-1.003702,0.79,True,True,True,3,True,in_v0
45-4023,Log Graders and Scalers,45,0.0,0.2105263157894736,0.4210526315789473,0.0,0.1578947368421052,0.3157894736842105,-0.4768305,0.97,True,True,True,3,True,in_v0
47-1011,First-Line Supervisors of Construction Trades and Extraction Workers,47,0.0333333333333333,0.4166666666666666,0.8,0.0333333333333333,0.2333333333333333,0.4333333333333333,-0.3054048,0.17,True,True,True,3,True,in_v0
47-2011,Boilermakers,47,0.0,0.0303030303030303,0.0606060606060606,0.0,0.0,0.0,-1.097532,0.68,True,True,True,3,True,in_v0
47-2021,Brickmasons and Blockmasons,47,0.0,0.0384615384615384,0.0769230769230769,0.0,0.0,0.0,-1.75434,0.82,True,True,True,3,True,in_v0
47-2022,Stonemasons,47,0.0,0.0,0.0,0.0,0.0,0.0,-1.714759,0.89,True,True,True,3,True,in_v0
47-2031,Carpenters,47,0.0444444444444444,0.1444444444444444,0.2444444444444444,0.0444444444444444,0.0888888888888888,0.1333333333333333,-1.323631,0.72,True,True,True,3,True,in_v0
47-2041,Carpet Installers,47,0.0,0.0625,0.125,0.0,0.03125,0.0625,-1.564577,0.87,True,True,True,3,True,in_v0
47-2042,"Floor Layers, Except Carpet, Wood, and Hard Tiles",47,0.0,0.0,0.0,0.0,0.0,0.0,-1.301024,0.79,True,True,True,3,True,in_v0
47-2043,Floor Sanders and Finishers,47,0.0,0.0714285714285714,0.1428571428571428,0.0,0.0,0.0,-1.748722,0.87,True,True,True,3,True,in_v0
47-2044,Tile and Stone Setters,47,0.025,0.0875,0.15,0.0,0.0375,0.075,-1.22543,0.75,True,True,True,3,True,in_v0
47-2051,Cement Masons and Concrete Finishers,47,0.0,0.0,0.0,0.0,0.0,0.0,-1.777407,0.94,True,True,True,3,True,in_v0
47-2053,Terrazzo Workers and Finishers,47,0.0,0.0,0.0,0.0,0.0227272727272727,0.0454545454545454,-1.776065,0.88,True,True,True,3,True,in_v0
47-2061,Construction Laborers,47,0.0,0.05,0.1,0.0,0.025,0.05,-1.622988,0.88,True,True,True,3,True,in_v0
47-2071,"Paving, Surfacing, and Tamping Equipment Operators",47,0.0,0.0,0.0,0.0,0.0,0.0,-1.184739,0.83,True,True,True,3,True,in_v0
47-2072,Pile Driver Operators,47,0.0,0.0,0.0,0.0,0.0,0.0,-1.220009,0.82,True,True,True,3,True,in_v0
47-2073,Operating Engineers and Other Construction Equipment Operators,47,0.0434782608695652,0.0543478260869565,0.0652173913043478,0.0,0.0869565217391304,0.1739130434782608,-0.8815078,0.95,True,True,True,3,True,in_v0
47-2081,Drywall and Ceiling Tile Installers,47,0.0,0.0416666666666666,0.0833333333333333,0.0,0.0208333333333333,0.0416666666666666,-1.647971,0.79,True,True,True,3,True,in_v0
47-2082,Tapers,47,0.0,0.0,0.0,0.0,0.0,0.0,-1.540774,0.62,True,True,True,3,True,in_v0
47-2111,Electricians,47,0.0975609756097561,0.1463414634146341,0.1951219512195122,0.048780487804878,0.1463414634146341,0.2439024390243902,-0.7796905,0.15,True,True,True,3,True,in_v0
47-2121,Glaziers,47,0.0,0.0833333333333333,0.1666666666666666,0.0,0.03125,0.0625,-1.388901,0.73,True,True,True,3,True,in_v0
47-2131,"Insulation Workers, Floor, Ceiling, and Wall",47,0.0,0.05,0.1,0.1,0.1,0.1,-1.618772,0.83,True,True,True,3,True,in_v0
47-2132,"Insulation Workers, Mechanical",47,0.0,0.0454545454545454,0.0909090909090909,0.0,0.0454545454545454,0.0909090909090909,-1.268615,0.64,True,True,True,3,True,in_v0
47-2141,"Painters, Construction and Maintenance",47,0.0571428571428571,0.0571428571428571,0.0571428571428571,0.0,0.0285714285714285,0.0571428571428571,-1.58799,0.75,True,True,True,3,True,in_v0
47-2142,Paperhangers,47,0.0,0.027027027027027,0.054054054054054,0.0,0.0,0.0,-1.72753,0.87,True,True,True,3,True,in_v0
47-2151,Pipelayers,47,0.0,0.0357142857142857,0.0714285714285714,0.0,0.0,0.0,-1.225611,0.62,True,True,True,3,True,in_v0
47-2152,"Plumbers, Pipefitters, and Steamfitters",47,0.0185185185185185,0.0753161698283649,0.1321138211382113,0.024390243902439,0.0643631436314362,0.1043360433604336,-1.121219,0.35,True,True,True,3,True,in_v0
47-2161,Plasterers and Stucco Masons,47,0.0769230769230769,0.0769230769230769,0.0769230769230769,0.0,0.0384615384615384,0.0769230769230769,-1.755588,0.84,True,True,True,3,True,in_v0
47-2171,Reinforcing Iron and Rebar Workers,47,0.0,0.0714285714285714,0.1428571428571428,0.0,0.0,0.0,-1.970997,0.9,True,True,True,3,True,in_v0
47-2181,Roofers,47,0.0,0.04,0.08,0.0,0.0,0.0,-1.752941,0.9,True,True,True,3,True,in_v0
47-2211,Sheet Metal Workers,47,0.0,0.0657894736842105,0.131578947368421,0.0,0.0394736842105263,0.0789473684210526,-1.174972,0.82,True,True,True,3,True,in_v0
47-2221,Structural Iron and Steel Workers,47,0.0,0.0285714285714285,0.0571428571428571,0.0,0.0,0.0,-1.780065,0.83,True,True,True,3,True,in_v0
47-2231,Solar Photovoltaic Installers,47,0.0,0.11,0.22,0.0,0.11,0.22,-0.9441692,,True,True,False,2,False,missing_from_frey_osborne
47-3011,"Helpers--Brickmasons, Blockmasons, Stonemasons, and Tile and Marble Setters",47,0.0,0.0,0.0,0.0,0.0,0.0,-1.94229,0.83,True,True,True,3,True,in_v0
47-3012,Helpers--Carpenters,47,0.0,0.0,0.0,0.0,0.0,0.0,-1.425282,0.92,True,True,True,3,True,in_v0
47-3013,Helpers--Electricians,47,0.024390243902439,0.024390243902439,0.024390243902439,0.0,0.0,0.0,-1.506896,0.74,True,True,True,3,True,in_v0
47-3014,"Helpers--Painters, Paperhangers, Plasterers, and Stucco Masons",47,0.0,0.0,0.0,0.0,0.0,0.0,-2.04484,0.94,True,True,True,3,True,in_v0
47-3015,"Helpers--Pipelayers, Plumbers, Pipefitters, and Steamfitters",47,0.0,0.0,0.0,0.0,0.0,0.0,-1.678876,0.57,True,True,True,3,True,in_v0
47-3016,Helpers--Roofers,47,0.0,0.0,0.0,0.0,0.0,0.0,-1.89822,0.72,True,True,True,3,True,in_v0
47-4011,Construction and Building Inspectors,47,0.0,0.3341042893187552,0.6682085786375105,0.073170731707317,0.2823801513877207,0.4915895710681245,0.2860245,0.63,True,True,True,3,True,in_v0
47-4021,Elevator and Escalator Installers and Repairers,47,0.1578947368421052,0.1842105263157894,0.2105263157894736,0.0,0.0789473684210526,0.1578947368421052,-0.8604742,0.39,True,True,True,3,True,in_v0
47-4031,Fence Erectors,47,0.0512820512820512,0.0512820512820512,0.0512820512820512,0.0,0.0256410256410256,0.0512820512820512,-1.902113,0.92,True,True,True,3,True,in_v0
47-4041,Hazardous Materials Removal Workers,47,0.032258064516129,0.0806451612903225,0.1290322580645161,0.0,0.032258064516129,0.064516129032258,-0.6887439,0.53,True,True,True,3,True,in_v0
47-4051,Highway Maintenance Workers,47,0.0,0.0161290322580645,0.032258064516129,0.0,0.0,0.0,-1.27909,0.87,True,True,True,3,True,in_v0
47-4061,Rail-Track Laying and Maintenance Equipment Operators,47,0.0,0.0,0.0,0.0,0.0,0.0,-1.39906,0.89,True,True,True,3,True,in_v0
47-4071,Septic Tank Servicers and Sewer Pipe Cleaners,47,0.0625,0.078125,0.09375,0.03125,0.09375,0.15625,-1.210591,0.83,True,True,True,3,True,in_v0
47-4091,Segmental Pavers,47,0.0,0.0416666666666666,0.0833333333333333,0.0,0.0833333333333333,0.1666666666666666,-0.9827304,0.83,True,True,True,3,True,in_v0
47-4099,"Construction and Related Workers, All Other",47,0.15,0.2,0.25,0.05,0.2,0.35,-0.8728439,,True,True,False,2,False,missing_from_frey_osborne
47-5011,"Derrick Operators, Oil and Gas",47,0.0,0.0,0.0,0.0,0.0,0.0,-1.415002,0.8,True,True,True,3,True,in_v0
47-5012,"Rotary Drill Operators, Oil and Gas",47,0.0526315789473684,0.0526315789473684,0.0526315789473684,0.0,0.0263157894736842,0.0526315789473684,-0.7737326,0.53,True,True,True,3,True,in_v0
47-5013,"Service Unit Operators, Oil and Gas",47,0.064516129032258,0.064516129032258,0.064516129032258,0.064516129032258,0.1451612903225806,0.2258064516129032,-0.971916,0.93,True,True,True,3,True,in_v0
47-5022,"Excavating and Loading Machine and Dragline Operators, Surface Mining",47,0.0,0.0,0.0,0.0,0.0,0.0,-1.144356,0.94,True,True,True,3,True,in_v0
47-5023,"Earth Drillers, Except Oil and Gas",47,0.0909090909090909,0.1363636363636363,0.1818181818181818,0.0,0.1136363636363636,0.2272727272727273,-0.7018391,0.85,True,True,True,3,True,in_v0
47-5032,"Explosives Workers, Ordnance Handling Experts, and Blasters",47,0.125,0.1354166666666666,0.1458333333333333,0.0208333333333333,0.1145833333333333,0.2083333333333333,-0.73743305,0.665,True,True,True,3,True,in_v0
47-5041,Continuous Mining Machine Operators,47,0.0,0.0,0.0,0.0,0.06,0.12,-1.165492,0.54,True,True,True,3,True,in_v0
47-5043,"Roof Bolters, Mining",47,0.0,0.0,0.0,0.0,0.0,0.0,-1.618518,0.49,True,True,True,3,True,in_v0
47-5044,"Loading and Moving Machine Operators, Underground Mining",47,0.0232558139534883,0.0232558139534883,0.0232558139534883,0.0232558139534883,0.0813953488372093,0.1395348837209302,-1.307343,0.435,True,True,True,3,True,in_v0
47-5049,"Underground Mining Machine Operators, All Other",47,,,,,,,-1.200425,0.59,False,True,True,2,False,missing_from_eloundou
47-5051,"Rock Splitters, Quarry",47,0.0,0.0769230769230769,0.1538461538461538,0.0,0.0769230769230769,0.1538461538461538,-1.763494,0.96,True,True,True,3,True,in_v0
47-5071,"Roustabouts, Oil and Gas",47,0.0,0.0,0.0,0.0,0.0,0.0,-1.518977,0.68,True,True,True,3,True,in_v0
47-5081,Helpers--Extraction Workers,47,0.0,0.0,0.0,0.0,0.0652173913043478,0.1304347826086956,-1.543154,0.37,True,True,True,3,True,in_v0
49-1011,"First-Line Supervisors of Mechanics, Installers, and Repairers",49,0.0256410256410256,0.4102564102564102,0.7948717948717948,0.0769230769230769,0.2692307692307692,0.4615384615384615,-0.0205169,0.003,True,True,True,3,True,in_v0
49-2011,"Computer, Automated Teller, and Office Machine Repairers",49,0.2857142857142857,0.3673469387755101,0.4489795918367346,0.0816326530612244,0.2040816326530612,0.3265306122448979,-0.3458247,0.74,True,True,True,3,True,in_v0
49-2021,"Radio, Cellular, and Tower Equipment Installers and Repairers",49,0.0476190476190476,0.1071428571428571,0.1666666666666666,0.0476190476190476,0.0833333333333333,0.119047619047619,-0.6335382,0.93,True,True,True,3,True,in_v0
49-2022,"Telecommunications Equipment Installers and Repairers, Except Line Installers",49,0.234375,0.28125,0.328125,0.109375,0.203125,0.296875,-0.853048,0.36,True,True,True,3,True,in_v0
49-2091,Avionics Technicians,49,0.12,0.24,0.36,0.08,0.14,0.2,-0.1728535,0.7,True,True,True,3,True,in_v0
49-2092,"Electric Motor, Power Tool, and Related Repairers",49,0.0961538461538461,0.1057692307692307,0.1153846153846153,0.0,0.0192307692307692,0.0384615384615384,-0.8106341,0.76,True,True,True,3,True,in_v0
49-2093,"Electrical and Electronics Installers and Repairers, Transportation Equipment",49,0.16,0.24,0.32,0.08,0.16,0.24,-0.8303875,0.91,True,True,True,3,True,in_v0
49-2094,"Electrical and Electronics Repairers, Commercial and Industrial Equipment",49,0.1794871794871795,0.3076923076923077,0.4358974358974359,0.1794871794871795,0.282051282051282,0.3846153846153846,-0.4632031,0.41,True,True,True,3,True,in_v0
49-2095,"Electrical and Electronics Repairers, Powerhouse, Substation, and Relay",49,0.24,0.34,0.44,0.0,0.16,0.32,-0.5522636,0.38,True,True,True,3,True,in_v0
49-2096,"Electronic Equipment Installers and Repairers, Motor Vehicles",49,0.1666666666666666,0.1666666666666666,0.1666666666666666,0.0,0.125,0.25,-0.7915968,0.61,True,True,True,3,True,in_v0
49-2097,Audiovisual Equipment Installers and Repairers,49,0.1904761904761904,0.238095238095238,0.2857142857142857,0.0,0.0952380952380952,0.1904761904761904,-0.571284,0.65,True,True,True,3,True,in_v0
49-2098,Security and Fire Alarm Systems Installers,49,0.0666666666666666,0.1666666666666666,0.2666666666666666,0.1,0.1833333333333333,0.2666666666666666,-0.6926484,0.82,True,True,True,3,True,in_v0
49-3011,Aircraft Mechanics and Service Technicians,49,0.0895522388059701,0.1343283582089552,0.1791044776119403,0.0149253731343283,0.0597014925373134,0.1044776119402985,-0.6551197,0.71,True,True,True,3,True,in_v0
49-3021,Automotive Body and Related Repairers,49,0.0,0.0425531914893617,0.0851063829787234,0.0212765957446808,0.0425531914893617,0.0638297872340425,-1.180589,0.91,True,True,True,3,True,in_v0
49-3022,Automotive Glass Installers and Repairers,49,0.0,0.0,0.0,0.0,0.0,0.0,-1.202285,0.55,True,True,True,3,True,in_v0
49-3023,Automotive Service Technicians and Mechanics,49,0.0363636363636363,0.0818181818181818,0.1272727272727272,0.0363636363636363,0.0727272727272727,0.109090909090909,-0.9547055,0.59,True,True,True,3,True,in_v0
49-3031,Bus and Truck Mechanics and Diesel Engine Specialists,49,0.0,0.0,0.0,0.0,0.0,0.0,-1.010472,0.73,True,True,True,3,True,in_v0
49-3041,Farm Equipment Mechanics and Service Technicians,49,0.1153846153846153,0.1153846153846153,0.1153846153846153,0.1538461538461538,0.173076923076923,0.1923076923076923,-1.20703,0.75,True,True,True,3,True,in_v0
49-3042,"Mobile Heavy Equipment Mechanics, Except Engines",49,0.05,0.1,0.15,0.05,0.125,0.2,-1.169815,0.4,True,True,True,3,True,in_v0
49-3043,Rail Car Repairers,49,0.064516129032258,0.0967741935483871,0.1290322580645161,0.064516129032258,0.064516129032258,0.064516129032258,-1.448102,0.88,True,True,True,3,True,in_v0
49-3051,Motorboat Mechanics and Service Technicians,49,0.0769230769230769,0.0769230769230769,0.0769230769230769,0.0,0.0384615384615384,0.0769230769230769,-0.8863602,0.66,True,True,True,3,True,in_v0
49-3052,Motorcycle Mechanics,49,0.0,0.0,0.0,0.0,0.0,0.0,-0.763721,0.79,True,True,True,3,True,in_v0
49-3053,Outdoor Power Equipment and Other Small Engine Mechanics,49,0.1428571428571428,0.1785714285714285,0.2142857142857142,0.0714285714285714,0.1071428571428571,0.1428571428571428,-0.8941408,0.93,True,True,True,3,True,in_v0
49-3091,Bicycle Repairers,49,0.0,0.1034482758620689,0.2068965517241379,0.0689655172413793,0.0689655172413793,0.0689655172413793,-0.9226068,0.94,True,True,True,3,True,in_v0
49-3092,Recreational Vehicle Service Technicians,49,0.0606060606060606,0.0606060606060606,0.0606060606060606,0.0606060606060606,0.0909090909090909,0.1212121212121212,-0.9244052,0.59,True,True,True,3,True,in_v0
49-3093,Tire Repairers and Changers,49,0.0,0.0,0.0,0.0,0.0,0.0,-1.550724,0.7,True,True,True,3,True,in_v0
49-9011,Mechanical Door Repairers,49,0.0909090909090909,0.1363636363636363,0.1818181818181818,0.0454545454545454,0.0681818181818181,0.0909090909090909,-1.383152,0.91,True,True,True,3,True,in_v0
49-9012,"Control and Valve Installers and Repairers, Except Mechanical Door",49,0.0952380952380952,0.1309523809523809,0.1666666666666666,0.0476190476190476,0.0714285714285714,0.0952380952380952,-0.7606913,0.63,True,True,True,3,True,in_v0
49-9021,"Heating, Air Conditioning, and Refrigeration Mechanics and Installers",49,0.0701754385964912,0.1052631578947368,0.1403508771929824,0.0701754385964912,0.1403508771929824,0.2105263157894736,-0.8491117,0.65,True,True,True,3,True,in_v0
49-9031,Home Appliance Repairers,49,0.0727272727272727,0.1454545454545454,0.2181818181818181,0.0727272727272727,0.109090909090909,0.1454545454545454,-0.9703799,0.72,True,True,True,3,True,in_v0
49-9041,Industrial Machinery Mechanics,49,0.1935483870967742,0.2741935483870967,0.3548387096774194,0.064516129032258,0.1451612903225806,0.2258064516129032,-1.133177,0.67,True,True,True,3,True,in_v0
49-9043,"Maintenance Workers, Machinery",49,0.1142857142857142,0.1428571428571428,0.1714285714285714,0.1142857142857142,0.1142857142857142,0.1142857142857142,-0.9735492,0.86,True,True,True,3,True,in_v0
49-9044,Millwrights,49,0.0,0.0217391304347826,0.0434782608695652,0.0,0.0434782608695652,0.0869565217391304,-1.266085,0.59,True,True,True,3,True,in_v0
49-9045,"Refractory Materials Repairers, Except Brickmasons",49,0.0,0.0,0.0,0.0,0.0,0.0,-1.237463,0.82,True,True,True,3,True,in_v0
49-9051,Electrical Power-Line Installers and Repairers,49,0.0,0.0,0.0,0.0,0.0,0.0,-1.081398,0.097,True,True,True,3,True,in_v0
49-9052,Telecommunications Line Installers and Repairers,49,0.03125,0.03125,0.03125,0.0,0.03125,0.0625,-1.083883,0.49,True,True,True,3,True,in_v0
49-9061,Camera and Photographic Equipment Repairers,49,0.04,0.24,0.44,0.0,0.04,0.08,0.0546422,0.97,True,True,True,3,True,in_v0
49-9062,Medical Equipment Repairers,49,0.1515151515151515,0.303030303030303,0.4545454545454546,0.2121212121212121,0.2727272727272727,0.3333333333333333,-0.2768838,0.27,True,True,True,3,True,in_v0
49-9063,Musical Instrument Repairers and Tuners,49,0.0,0.0196078431372549,0.0392156862745098,0.0,0.0,0.0,-0.5306271,0.91,True,True,True,3,True,in_v0
49-9064,Watch and Clock Repairers,49,0.1333333333333333,0.1999999999999999,0.2666666666666666,0.0666666666666666,0.1666666666666666,0.2666666666666666,-0.2123996,0.99,True,True,True,3,True,in_v0
49-9071,"Maintenance and Repair Workers, General",49,0.0392156862745098,0.1372549019607843,0.2352941176470588,0.0,0.0784313725490196,0.1568627450980392,-1.014408,0.64,True,True,True,3,True,in_v0
49-9081,Wind Turbine Service Technicians,49,0.0,0.0434782608695652,0.0869565217391304,0.0,0.0434782608695652,0.0869565217391304,-0.9709935,,True,True,False,2,False,missing_from_frey_osborne
49-9091,"Coin, Vending, and Amusement Machine Servicers and Repairers",49,0.3214285714285714,0.3214285714285714,0.3214285714285714,0.1785714285714285,0.1964285714285714,0.2142857142857142,-0.7233995,0.94,True,True,True,3,True,in_v0
49-9092,Commercial Divers,49,0.0,0.0666666666666666,0.1333333333333333,0.0,0.0888888888888888,0.1777777777777777,-1.102728,0.18,True,True,True,3,True,in_v0
49-9094,Locksmiths and Safe Repairers,49,0.08,0.08,0.08,0.08,0.08,0.08,-0.8657498,0.77,True,True,True,3,True,in_v0
49-9095,Manufactured Building and Mobile Home Installers,49,0.0769230769230769,0.0769230769230769,0.0769230769230769,0.0769230769230769,0.1153846153846153,0.1538461538461538,-1.414062,0.18,True,True,True,3,True,in_v0
49-9096,Riggers,49,0.0,0.0,0.0,0.0,0.037037037037037,0.074074074074074,-1.221519,0.89,True,True,True,3,True,in_v0
49-9097,Signal and Track Switch Repairers,49,0.0769230769230769,0.0769230769230769,0.0769230769230769,0.0,0.0384615384615384,0.0769230769230769,-0.858221,0.9,True,True,True,3,True,in_v0
49-9098,"Helpers--Installation, Maintenance, and Repair Workers",49,0.0,0.0333333333333333,0.0666666666666666,0.0,0.0,0.0,-1.346555,0.79,True,True,True,3,True,in_v0
49-9099,"Installation, Maintenance, and Repair Workers, All Other",49,0.064516129032258,0.2096774193548387,0.3548387096774194,0.2903225806451612,0.3064516129032258,0.3225806451612903,-0.98145905,0.96,True,True,True,3,True,in_v0
51-1011,First-Line Supervisors of Production and Operating Workers,51,0.15,0.4,0.65,0.0,0.225,0.45,-0.0845282,0.016,True,True,True,3,True,in_v0
51-2011,"Aircraft Structure, Surfaces, Rigging, and Systems Assemblers",51,0.0,0.025,0.05,0.0,0.025,0.05,-0.8684706,0.79,True,True,True,3,True,in_v0
51-2021,"Coil Winders, Tapers, and Finishers",51,0.2222222222222222,0.2222222222222222,0.2222222222222222,0.0,0.1388888888888889,0.2777777777777778,-0.8289722,0.73,True,True,True,3,True,in_v0
51-2022,Electrical and Electronic Equipment Assemblers,51,0.0384615384615384,0.0961538461538461,0.1538461538461538,0.0,0.0576923076923076,0.1153846153846153,-0.6248807,0.95,True,True,True,3,True,in_v0
51-2023,Electromechanical Equipment Assemblers,51,0.0,0.0454545454545454,0.0909090909090909,0.0,0.0,0.0,-0.4977276,0.97,True,True,True,3,True,in_v0
51-2031,Engine and Other Machine Assemblers,51,0.0,0.0952380952380952,0.1904761904761904,0.0,0.0,0.0,-0.9561453,0.82,True,True,True,3,True,in_v0
51-2041,Structural Metal Fabricators and Fitters,51,0.0,0.0227272727272727,0.0454545454545454,0.0,0.0227272727272727,0.0454545454545454,-1.076307,0.41,True,True,True,3,True,in_v0
51-2051,Fiberglass Laminators and Fabricators,51,0.0,0.0208333333333333,0.0416666666666666,0.0833333333333333,0.0833333333333333,0.0833333333333333,-1.216496,0.93,True,True,True,3,True,in_v0
51-2061,Timing Device Assemblers and Adjusters,51,0.0,0.06,0.12,0.0,0.0,0.0,-0.2552991,0.98,True,True,True,3,True,in_v0
51-2092,Team Assemblers,51,0.1764705882352941,0.2352941176470588,0.2941176470588235,0.0,0.088235294117647,0.1764705882352941,-0.8305441,0.97,True,True,True,3,True,in_v0
51-3011,Bakers,51,0.1470588235294117,0.2647058823529412,0.3823529411764705,0.088235294117647,0.1176470588235294,0.1470588235294117,-0.3852989,0.89,True,True,True,3,True,in_v0
51-3021,Butchers and Meat Cutters,51,0.0526315789473684,0.131578947368421,0.2105263157894736,0.0,0.0263157894736842,0.0526315789473684,-0.9709924,0.93,True,True,True,3,True,in_v0
51-3022,"Meat, Poultry, and Fish Cutters and Trimmers",51,0.0,0.0,0.0,0.0,0.0,0.0,-1.10563,0.94,True,True,True,3,True,in_v0
51-3023,Slaughterers and Meat Packers,51,0.0,0.0,0.0,0.0,0.0,0.0,-1.834668,0.6,True,True,True,3,True,in_v0
51-3091,"Food and Tobacco Roasting, Baking, and Drying Machine Operators and Tenders",51,0.0666666666666666,0.0666666666666666,0.0666666666666666,0.0,0.0666666666666666,0.1333333333333333,-0.758859,0.91,True,True,True,3,True,in_v0
51-3092,Food Batchmakers,51,0.1025641025641025,0.1153846153846153,0.1282051282051282,0.1282051282051282,0.1538461538461538,0.1794871794871795,-0.3791114,0.7,True,True,True,3,True,in_v0
51-3093,Food Cooking Machine Operators and Tenders,51,0.1290322580645161,0.1290322580645161,0.1290322580645161,0.0,0.032258064516129,0.064516129032258,-0.5559894,0.61,True,True,True,3,True,in_v0
51-4021,"Extruding and Drawing Machine Setters, Operators, and Tenders, Metal and Plastic",51,0.0,0.0208333333333333,0.0416666666666666,0.0416666666666666,0.0833333333333333,0.125,-1.234352,0.91,True,True,True,3,True,in_v0
51-4022,"Forging Machine Setters, Operators, and Tenders, Metal and Plastic",51,0.0,0.0416666666666666,0.0833333333333333,0.0,0.0416666666666666,0.0833333333333333,-0.8046677,0.93,True,True,True,3,True,in_v0
51-4023,"Rolling Machine Setters, Operators, and Tenders, Metal and Plastic",51,0.1176470588235294,0.1764705882352941,0.2352941176470588,0.0,0.0735294117647058,0.1470588235294117,-1.08921,0.83,True,True,True,3,True,in_v0
51-4031,"Cutting, Punching, and Press Machine Setters, Operators, and Tenders, Metal and Plastic",51,0.0,0.01,0.02,0.0,0.02,0.04,-1.036569,0.78,True,True,True,3,True,in_v0
51-4032,"Drilling and Boring Machine Tool Setters, Operators, and Tenders, Metal and Plastic",51,0.0,0.0303030303030303,0.0606060606060606,0.0,0.0,0.0,-0.7598132,0.94,True,True,True,3,True,in_v0
51-4033,"Grinding, Lapping, Polishing, and Buffing Machine Tool Setters, Operators, and Tenders, Metal and Plastic",51,0.032258064516129,0.064516129032258,0.0967741935483871,0.0,0.064516129032258,0.1290322580645161,-0.9901662,0.95,True,True,True,3,True,in_v0
51-4034,"Lathe and Turning Machine Tool Setters, Operators, and Tenders, Metal and Plastic",51,0.1290322580645161,0.1612903225806451,0.1935483870967742,0.0,0.032258064516129,0.064516129032258,-1.06734,0.84,True,True,True,3,True,in_v0
51-4035,"Milling and Planing Machine Setters, Operators, and Tenders, Metal and Plastic",51,0.2068965517241379,0.2413793103448275,0.2758620689655172,0.0,0.0689655172413793,0.1379310344827586,-0.8703219,0.98,True,True,True,3,True,in_v0
51-4041,Machinists,51,0.1632653061224489,0.2346938775510204,0.3061224489795918,0.0,0.1326530612244897,0.2653061224489795,-0.8675535,0.65,True,True,True,3,True,in_v0
51-4051,Metal-Refining Furnace Operators and Tenders,51,0.0833333333333333,0.1041666666666666,0.125,0.0,0.0416666666666666,0.0833333333333333,-1.167465,0.88,True,True,True,3,True,in_v0
51-4052,"Pourers and Casters, Metal",51,0.0,0.0,0.0,0.0,0.0,0.0,-1.00914,0.87,True,True,True,3,True,in_v0
51-4061,"Model Makers, Metal and Plastic",51,0.1290322580645161,0.1612903225806451,0.1935483870967742,0.0,0.0967741935483871,0.1935483870967742,-0.7421977,0.93,True,True,True,3,True,in_v0
51-4062,"Patternmakers, Metal and Plastic",51,0.0869565217391304,0.1521739130434782,0.217391304347826,0.0,0.1304347826086956,0.2608695652173913,-0.6131331,0.9,True,True,True,3,True,in_v0
51-4071,Foundry Mold and Coremakers,51,0.0,0.0,0.0,0.0,0.0,0.0,-1.740349,0.67,True,True,True,3,True,in_v0
51-4072,"Molding, Coremaking, and Casting Machine Setters, Operators, and Tenders, Metal and Plastic",51,0.0232558139534883,0.0813953488372093,0.1395348837209302,0.0,0.0348837209302325,0.0697674418604651,-1.146139,0.95,True,True,True,3,True,in_v0
51-4081,"Multiple Machine Tool Setters, Operators, and Tenders, Metal and Plastic",51,0.0769230769230769,0.1025641025641025,0.1282051282051282,0.1025641025641025,0.141025641025641,0.1794871794871795,-0.74266,0.91,True,True,True,3,True,in_v0
51-4111,Tool and Die Makers,51,0.09375,0.1875,0.28125,0.0,0.109375,0.21875,-0.5317897,0.84,True,True,True,3,True,in_v0
51-4121,"Welders, Cutters, Solderers, and Brazers",51,0.0784313725490196,0.088235294117647,0.0980392156862745,0.0,0.0392156862745098,0.0784313725490196,-1.197596,0.94,True,True,True,3,True,in_v0
51-4122,"Welding, Soldering, and Brazing Machine Setters, Operators, and Tenders",51,0.0454545454545454,0.0681818181818181,0.0909090909090909,0.0,0.0568181818181818,0.1136363636363636,-1.002411,0.61,True,True,True,3,True,in_v0
51-4191,"Heat Treating Equipment Setters, Operators, and Tenders, Metal and Plastic",51,0.1764705882352941,0.1764705882352941,0.1764705882352941,0.0,0.0588235294117647,0.1176470588235294,-1.092486,0.91,True,True,True,3,True,in_v0
51-4192,"Layout Workers, Metal and Plastic",51,0.0,0.1304347826086956,0.2608695652173913,0.0,0.1521739130434782,0.3043478260869565,-0.7221353,0.84,True,True,True,3,True,in_v0
51-4193,"Plating Machine Setters, Operators, and Tenders, Metal and Plastic",51,0.0625,0.1041666666666666,0.1458333333333333,0.0,0.0416666666666666,0.0833333333333333,-0.8999876,0.92,True,True,True,3,True,in_v0
51-4194,"Tool Grinders, Filers, and Sharpeners",51,0.0,0.0333333333333333,0.0666666666666666,0.0,0.0,0.0,-0.8809238,0.88,True,True,True,3,True,in_v0
51-5111,Prepress Technicians and Workers,51,0.0625,0.4375,0.8125,0.03125,0.109375,0.1875,0.4107973,0.97,True,True,True,3,True,in_v0
51-5112,Printing Press Operators,51,0.175,0.2875,0.4,0.0,0.125,0.25,-0.7093881,0.83,True,True,True,3,True,in_v0
51-5113,Print Binding and Finishing Workers,51,0.0512820512820512,0.0897435897435897,0.1282051282051282,0.0,0.0641025641025641,0.1282051282051282,-0.9062089,0.95,True,True,True,3,True,in_v0
51-6011,Laundry and Dry-Cleaning Workers,51,0.025,0.05,0.075,0.0,0.05,0.1,-1.054399,0.71,True,True,True,3,True,in_v0
51-6021,"Pressers, Textile, Garment, and Related Materials",51,0.0,0.0104166666666666,0.0208333333333333,0.0,0.0208333333333333,0.0416666666666666,-1.950063,0.81,True,True,True,3,True,in_v0
51-6031,Sewing Machine Operators,51,0.0465116279069767,0.0813953488372093,0.1162790697674418,0.0,0.0232558139534883,0.0465116279069767,-0.9639661,0.89,True,True,True,3,True,in_v0
51-6041,Shoe and Leather Workers and Repairers,51,0.0,0.0588235294117647,0.1176470588235294,0.0,0.0588235294117647,0.1176470588235294,-0.990912,0.52,True,True,True,3,True,in_v0
51-6042,Shoe Machine Operators and Tenders,51,0.0869565217391304,0.0869565217391304,0.0869565217391304,0.0,0.0217391304347826,0.0434782608695652,-1.029855,0.97,True,True,True,3,True,in_v0
51-6051,"Sewers, Hand",51,0.0,0.0416666666666666,0.0833333333333333,0.0,0.0416666666666666,0.0833333333333333,-0.5987218,0.99,True,True,True,3,True,in_v0
51-6052,"Tailors, Dressmakers, and Custom Sewers",51,0.0454545454545454,0.0909090909090909,0.1363636363636363,0.0,0.0681818181818181,0.1363636363636363,-0.4305268,0.84,True,True,True,3,True,in_v0
51-6061,Textile Bleaching and Dyeing Machine Operators and Tenders,51,0.131578947368421,0.1578947368421052,0.1842105263157894,0.0,0.1184210526315789,0.2368421052631578,-0.8609312,0.97,True,True,True,3,True,in_v0
51-6062,"Textile Cutting Machine Setters, Operators, and Tenders",51,0.1071428571428571,0.1607142857142857,0.2142857142857142,0.0,0.1428571428571428,0.2857142857142857,-1.022949,0.95,True,True,True,3,True,in_v0
51-6063,"Textile Knitting and Weaving Machine Setters, Operators, and Tenders",51,0.125,0.15625,0.1875,0.0,0.125,0.25,-1.241662,0.73,True,True,True,3,True,in_v0
51-6064,"Textile Winding, Twisting, and Drawing Out Machine Setters, Operators, and Tenders",51,0.0857142857142857,0.0857142857142857,0.0857142857142857,0.0,0.0714285714285714,0.1428571428571428,-1.392929,0.96,True,True,True,3,True,in_v0
51-6091,"Extruding and Forming Machine Setters, Operators, and Tenders, Synthetic and Glass Fibers",51,0.0689655172413793,0.0689655172413793,0.0689655172413793,0.0,0.0862068965517241,0.1724137931034483,-0.8596925,0.88,True,True,True,3,True,in_v0
51-6092,Fabric and Apparel Patternmakers,51,0.125,0.46875,0.8125,0.0,0.1875,0.375,-0.0831096,0.0049,True,True,True,3,True,in_v0
51-6093,Upholsterers,51,0.1176470588235294,0.1911764705882352,0.2647058823529412,0.0294117647058823,0.088235294117647,0.1470588235294117,-1.313735,0.39,True,True,True,3,True,in_v0
51-7011,Cabinetmakers and Bench Carpenters,51,0.0588235294117647,0.1176470588235294,0.1764705882352941,0.0,0.0441176470588235,0.088235294117647,-1.327489,0.92,True,True,True,3,True,in_v0
51-7021,Furniture Finishers,51,0.0,0.0285714285714285,0.0571428571428571,0.0,0.0714285714285714,0.1428571428571428,-1.197727,0.87,True,True,True,3,True,in_v0
51-7031,"Model Makers, Wood",51,0.0769230769230769,0.1538461538461538,0.2307692307692307,0.0,0.1538461538461538,0.3076923076923077,-0.7278869,0.96,True,True,True,3,True,in_v0
51-7032,"Patternmakers, Wood",51,0.2051282051282051,0.2564102564102564,0.3076923076923077,0.1538461538461538,0.282051282051282,0.4102564102564102,-1.057897,0.91,True,True,True,3,True,in_v0
51-7041,"Sawing Machine Setters, Operators, and Tenders, Wood",51,0.0,0.0588235294117647,0.1176470588235294,0.0,0.0147058823529411,0.0294117647058823,-1.165031,0.86,True,True,True,3,True,in_v0
51-7042,"Woodworking Machine Setters, Operators, and Tenders, Except Sawing",51,0.0217391304347826,0.0652173913043478,0.108695652173913,0.0,0.0326086956521739,0.0652173913043478,-1.130357,0.97,True,True,True,3,True,in_v0
51-8011,Nuclear Power Reactor Operators,51,0.1818181818181818,0.3181818181818182,0.4545454545454546,0.0,0.1212121212121212,0.2424242424242424,0.7705302,0.95,True,True,True,3,True,in_v0
51-8012,Power Distributors and Dispatchers,51,0.0833333333333333,0.375,0.6666666666666666,0.0833333333333333,0.2499999999999999,0.4166666666666666,0.5012214,0.64,True,True,True,3,True,in_v0
51-8013,Power Plant Operators,51,0.0825708061002178,0.1552287581699346,0.2278867102396513,0.0,0.0914488017429193,0.1828976034858387,-0.3482779,0.85,True,True,True,3,True,in_v0
51-8021,Stationary Engineers and Boiler Operators,51,0.1395348837209302,0.1627906976744186,0.1860465116279069,0.0,0.1046511627906976,0.2093023255813953,-0.5032496,0.89,True,True,True,3,True,in_v0
51-8031,Water and Wastewater Treatment Plant and System Operators,51,0.125,0.125,0.125,0.0,0.125,0.25,-0.44501,0.61,True,True,True,3,True,in_v0
51-8091,Chemical Plant and System Operators,51,0.0303030303030303,0.1515151515151515,0.2727272727272727,0.0909090909090909,0.1515151515151515,0.2121212121212121,-0.3831282,0.85,True,True,True,3,True,in_v0
51-8092,Gas Plant Operators,51,0.0625,0.09375,0.125,0.0,0.078125,0.15625,-0.2982082,0.78,True,True,True,3,True,in_v0
51-8093,"Petroleum Pump System Operators, Refinery Operators, and Gaugers",51,0.048780487804878,0.1951219512195122,0.3414634146341463,0.024390243902439,0.1707317073170731,0.3170731707317073,-0.370036,0.71,True,True,True,3,True,in_v0
51-8099,"Plant and System Operators, All Other",51,0.0,0.0945945945945946,0.1891891891891892,0.0,0.081081081081081,0.1621621621621621,-0.6702387,0.86,True,True,True,3,True,in_v0
51-9011,Chemical Equipment Operators and Tenders,51,0.0869565217391304,0.1521739130434782,0.217391304347826,0.0434782608695652,0.0652173913043478,0.0869565217391304,-0.511521,0.76,True,True,True,3,True,in_v0
51-9012,"Separating, Filtering, Clarifying, Precipitating, and Still Machine Setters, Operators, and Tenders",51,0.1142857142857142,0.1428571428571428,0.1714285714285714,0.0,0.0857142857142857,0.1714285714285714,-0.9379141,0.88,True,True,True,3,True,in_v0
51-9021,"Crushing, Grinding, and Polishing Machine Setters, Operators, and Tenders",51,0.1081081081081081,0.1081081081081081,0.1081081081081081,0.0,0.081081081081081,0.1621621621621621,-1.043476,0.97,True,True,True,3,True,in_v0
51-9022,"Grinding and Polishing Workers, Hand",51,0.0357142857142857,0.0357142857142857,0.0357142857142857,0.0,0.0357142857142857,0.0714285714285714,-1.146524,0.97,True,True,True,3,True,in_v0
51-9023,"Mixing and Blending Machine Setters, Operators, and Tenders",51,0.1111111111111111,0.1111111111111111,0.1111111111111111,0.0555555555555555,0.0833333333333333,0.1111111111111111,-0.819664,0.83,True,True,True,3,True,in_v0
51-9031,"Cutters and Trimmers, Hand",51,0.0,0.0,0.0,0.0,0.0,0.0,-0.9479839,0.64,True,True,True,3,True,in_v0
51-9032,"Cutting and Slicing Machine Setters, Operators, and Tenders",51,0.0454545454545454,0.0681818181818181,0.0909090909090909,0.0,0.0568181818181818,0.1136363636363636,-1.079282,0.86,True,True,True,3,True,in_v0
51-9041,"Extruding, Forming, Pressing, and Compacting Machine Setters, Operators, and Tenders",51,0.075,0.075,0.075,0.025,0.075,0.125,-1.042151,0.93,True,True,True,3,True,in_v0
51-9051,"Furnace, Kiln, Oven, Drier, and Kettle Operators and Tenders",51,0.16,0.16,0.16,0.0,0.04,0.08,-0.9582346,0.37,True,True,True,3,True,in_v0
51-9061,"Inspectors, Testers, Sorters, Samplers, and Weighers",51,0.2708333333333333,0.4166666666666666,0.5625,0.0416666666666666,0.1770833333333333,0.3125,-0.0293395,0.98,True,True,True,3,True,in_v0
51-9071,Jewelers and Precious Stone and Metal Workers,51,0.0357142857142857,0.2053571428571428,0.3749999999999999,0.0178571428571428,0.1339285714285714,0.2499999999999999,-0.1560197,0.95,True,True,True,3,True,in_v0
51-9081,Dental Laboratory Technicians,51,0.0,0.0416666666666666,0.0833333333333333,0.0,0.0416666666666666,0.0833333333333333,0.0013206,0.97,True,True,True,3,True,in_v0
51-9082,Medical Appliance Technicians,51,0.0689655172413793,0.1379310344827586,0.2068965517241379,0.0689655172413793,0.1034482758620689,0.1379310344827586,-0.4949538,0.45,True,True,True,3,True,in_v0
51-9083,Ophthalmic Laboratory Technicians,51,0.0,0.09375,0.1875,0.0,0.0625,0.125,-0.5966759,0.97,True,True,True,3,True,in_v0
51-9111,Packaging and Filling Machine Operators and Tenders,51,0.0,0.0,0.0,0.0,0.075,0.15,-0.978608,0.98,True,True,True,3,True,in_v0
51-9123,"Painting, Coating, and Decorating Workers",51,0.0,0.0,0.0,0.0,0.0294117647058823,0.0588235294117647,-0.9705587,0.92,True,True,True,3,True,in_v0
51-9124,"Coating, Painting, and Spraying Machine Setters, Operators, and Tenders",51,0.0217391304347826,0.0434782608695652,0.0652173913043478,0.0,0.0108695652173913,0.0217391304347826,-1.284442,0.8,True,True,True,3,True,in_v0
51-9141,Semiconductor Processing Technicians,51,0.1875,0.234375,0.28125,0.03125,0.0625,0.09375,-0.6372312,0.88,True,True,True,3,True,in_v0
51-9151,Photographic Process Workers and Processing Machine Operators,51,0.08,0.38,0.68,0.0,0.17,0.34,-0.3615806,0.99,True,True,True,3,True,in_v0
51-9161,Computer Numerically Controlled Tool Operators,51,0.22,0.25,0.28,0.0,0.18,0.36,-0.9823542,0.86,True,True,True,3,True,in_v0
51-9162,Computer Numerically Controlled Tool Programmers,51,0.7142857142857142,0.8035714285714285,0.8928571428571428,0.0,0.3571428571428571,0.7142857142857142,-0.6575732,0.36,True,True,True,3,True,in_v0
51-9191,Adhesive Bonding Machine Operators and Tenders,51,0.064516129032258,0.064516129032258,0.064516129032258,0.0,0.0,0.0,-1.311418,0.95,True,True,True,3,True,in_v0
51-9192,"Cleaning, Washing, and Metal Pickling Equipment Operators and Tenders",51,0.1052631578947368,0.1052631578947368,0.1052631578947368,0.0,0.0526315789473684,0.1052631578947368,-1.141885,0.81,True,True,True,3,True,in_v0
51-9193,Cooling and Freezing Equipment Operators and Tenders,51,0.08,0.08,0.08,0.0,0.04,0.08,-0.9604952,0.93,True,True,True,3,True,in_v0
51-9194,Etchers and Engravers,51,0.0,0.1363636363636363,0.2727272727272727,0.0,0.0303030303030303,0.0606060606060606,-0.6395226,0.98,True,True,True,3,True,in_v0
51-9195,"Molders, Shapers, and Casters, Except Metal and Plastic",51,0.0227272727272727,0.0709815546772068,0.1192358366271409,0.0,0.0465651914302588,0.0931303828605177,-1.183408,0.9,True,True,True,3,True,in_v0
51-9196,"Paper Goods Machine Setters, Operators, and Tenders",51,0.0,0.0,0.0,0.0,0.0263157894736842,0.0526315789473684,-0.8740445,0.67,True,True,True,3,True,in_v0
51-9197,Tire Builders,51,0.0,0.0192307692307692,0.0384615384615384,0.0,0.0,0.0,-1.610915,0.94,True,True,True,3,True,in_v0
51-9198,Helpers--Production Workers,51,0.0444444444444444,0.0888888888888888,0.1333333333333333,0.0,0.0555555555555555,0.1111111111111111,-1.411304,0.66,True,True,True,3,True,in_v0
51-9199,"Production Workers, All Other",51,,,,,,,-1.290964,,False,True,False,1,False,missing_from_eloundou_and_frey_osborne
53-1041,Aircraft Cargo Handling Supervisors,53,0.1,0.3,0.5,0.0,0.0,0.0,-0.7091902,0.066,True,True,True,3,True,in_v0
53-1042,"First-Line Supervisors of Helpers, Laborers, and Material Movers, Hand",53,0.1022988505747126,0.3007662835249042,0.4992337164750957,0.2551724137931034,0.4105363984674329,0.5659003831417625,0.1160332,0.42,True,True,True,3,True,in_v0
53-1043,First-Line Supervisors of Material-Moving Machine and Vehicle Operators,53,0.1538461538461538,0.3717948717948718,0.5897435897435898,0.1538461538461538,0.3076923076923077,0.4615384615384615,0.1466245,0.029,True,True,True,3,True,in_v0
53-1044,First-line Supervisors of Passenger Attendants,53,0.0526315789473684,0.2894736842105263,0.5263157894736842,0.2631578947368421,0.3157894736842105,0.3684210526315789,0.288466,0.0525,True,True,True,3,True,in_v0
53-1049,"First Line Supervisors of Transportation Workers, All Other",53,,,,,,,0.1466245,0.029,False,True,True,2,False,missing_from_eloundou
53-2011,"Airline Pilots, Copilots, and Flight Engineers",53,0.0909090909090909,0.3522727272727273,0.6136363636363636,0.0,0.2272727272727273,0.4545454545454546,-0.2070626,0.18,True,True,True,3,True,in_v0
53-2012,Commercial Pilots,53,0.1136363636363636,0.2386363636363636,0.3636363636363636,0.0,0.2159090909090909,0.4318181818181818,-0.1817332,0.55,True,True,True,3,True,in_v0
53-2021,Air Traffic Controllers,53,0.0909090909090909,0.3409090909090909,0.5909090909090909,0.0,0.3068181818181818,0.6136363636363636,1.152798,0.11,True,True,True,3,True,in_v0
53-2022,Airfield Operations Specialists,53,0.0975609756097561,0.3658536585365853,0.6341463414634146,0.0,0.3292682926829268,0.6585365853658537,0.4845738,0.71,True,True,True,3,True,in_v0
53-2031,Flight Attendants,53,0.1458333333333333,0.1666666666666666,0.1875,0.0416666666666666,0.1458333333333333,0.25,-0.7621183,0.35,True,True,True,3,True,in_v0
53-3011,"Ambulance Drivers and Attendants, Except Emergency Medical Technicians",53,0.0909090909090909,0.0909090909090909,0.0909090909090909,0.0,0.0454545454545454,0.0909090909090909,-0.8298703,0.25,True,True,True,3,True,in_v0
53-3031,Driver/Sales Workers,53,0.1666666666666666,0.3333333333333333,0.5,0.0,0.1388888888888889,0.2777777777777778,-0.7293087,0.98,True,True,True,3,True,in_v0
53-3032,Heavy and Tractor-Trailer Truck Drivers,53,0.1923076923076923,0.2788461538461538,0.3653846153846154,0.0384615384615384,0.173076923076923,0.3076923076923077,-1.149057,0.79,True,True,True,3,True,in_v0
53-3033,Light Truck Drivers,53,0.2307692307692307,0.3653846153846154,0.5,0.0,0.25,0.5,-1.120501,0.69,True,True,True,3,True,in_v0
53-3051,"Bus Drivers, School",53,0.2941176470588235,0.3235294117647059,0.3529411764705882,0.0,0.1764705882352941,0.3529411764705882,-0.2977046,0.89,True,True,True,3,True,in_v0
53-3052,"Bus Drivers, Transit and Intercity",53,0.2222222222222222,0.2407407407407407,0.2592592592592592,0.0,0.1666666666666666,0.3333333333333333,-0.605453,0.67,True,True,True,3,True,in_v0
53-3053,Shuttle Drivers and Chauffeurs,53,0.1923076923076923,0.25,0.3076923076923077,0.0384615384615384,0.173076923076923,0.3076923076923077,-0.46498245,0.89,True,True,True,3,True,in_v0
53-3054,Taxi Drivers,53,0.25,0.28125,0.3125,0.125,0.25,0.375,-0.6322603,0.89,True,True,True,3,True,in_v0
53-4011,Locomotive Engineers,53,0.2142857142857142,0.2857142857142857,0.3571428571428571,0.0714285714285714,0.2321428571428571,0.3928571428571428,-0.4977403,0.96,True,True,True,3,True,in_v0
53-4013,"Rail Yard Engineers, Dinkey Operators, and Hostlers",53,0.2045454545454545,0.2045454545454545,0.2045454545454545,0.0,0.0568181818181818,0.1136363636363636,-0.8320907,0.91,True,True,True,3,True,in_v0
53-4022,"Railroad Brake, Signal, and Switch Operators and Locomotive Firers",53,0.0833333333333333,0.1666666666666666,0.2499999999999999,0.0,0.0416666666666666,0.0833333333333333,-0.994359,0.88,True,True,True,3,True,in_v0
53-4031,Railroad Conductors and Yardmasters,53,0.0833333333333333,0.2777777777777778,0.4722222222222222,0.0,0.2083333333333333,0.4166666666666666,-0.4662731,0.83,True,True,True,3,True,in_v0
53-4041,Subway and Streetcar Operators,53,0.4090909090909091,0.4090909090909091,0.4090909090909091,0.0,0.2045454545454545,0.4090909090909091,-0.6155429,0.86,True,True,True,3,True,in_v0
53-5011,Sailors and Marine Oilers,53,0.0212765957446808,0.0425531914893617,0.0638297872340425,0.0,0.0106382978723404,0.0212765957446808,-1.150001,0.83,True,True,True,3,True,in_v0
53-5021,"Captains, Mates, and Pilots of Water Vessels",53,0.1999999999999999,0.2636363636363636,0.3272727272727272,0.0727272727272727,0.209090909090909,0.3454545454545454,-0.4281868,0.27,True,True,True,3,True,in_v0
53-5022,Motorboat Operators,53,0.0,0.0,0.0,0.0,0.1290322580645161,0.2580645161290322,-0.8871186,0.62,True,True,True,3,True,in_v0
53-5031,Ship Engineers,53,0.125,0.171875,0.21875,0.0,0.140625,0.28125,-0.5264951,0.041,True,True,True,3,True,in_v0
53-6011,Bridge and Lock Tenders,53,0.2857142857142857,0.2857142857142857,0.2857142857142857,0.0,0.1607142857142857,0.3214285714285714,-0.6322159,0.97,True,True,True,3,True,in_v0
53-6021,Parking Attendants,53,0.0357142857142857,0.1071428571428571,0.1785714285714285,0.0357142857142857,0.125,0.2142857142857142,-0.8353891,0.87,True,True,True,3,True,in_v0
53-6031,Automotive and Watercraft Service Attendants,53,0.1304347826086956,0.1304347826086956,0.1304347826086956,0.0,0.0652173913043478,0.1304347826086956,-1.221489,0.83,True,True,True,3,True,in_v0
53-6032,Aircraft Service Attendants,53,0.1111111111111111,0.1388888888888889,0.1666666666666666,0.1111111111111111,0.1111111111111111,0.1111111111111111,,,True,False,False,1,False,missing_from_aioe_and_frey_osborne
53-6041,Traffic Technicians,53,0.1111111111111111,0.4629629629629629,0.8148148148148148,0.037037037037037,0.3888888888888888,0.7407407407407407,0.3995872,0.9,True,True,True,3,True,in_v0
53-6051,Transportation Inspectors,53,0.187020202020202,0.4125757575757576,0.6381313131313131,0.0602020202020202,0.2343939393939393,0.4085858585858586,-0.18376,0.9,True,True,True,3,True,in_v0
53-6061,Passenger Attendants,53,0.1666666666666666,0.2222222222222222,0.2777777777777778,0.0,0.1388888888888889,0.2777777777777778,-0.3752249,0.75,True,True,True,3,True,in_v0
53-7011,Conveyor Operators and Tenders,53,0.0689655172413793,0.1034482758620689,0.1379310344827586,0.0,0.1379310344827586,0.2758620689655172,-0.7554432,0.93,True,True,True,3,True,in_v0
53-7021,Crane and Tower Operators,53,0.1052631578947368,0.1842105263157894,0.2631578947368421,0.0,0.0263157894736842,0.0526315789473684,-1.030619,0.9,True,True,True,3,True,in_v0
53-7031,Dredge Operators,53,0.0,0.0,0.0,0.0,0.0,0.0,-1.016648,0.92,True,True,True,3,True,in_v0
53-7041,Hoist and Winch Operators,53,0.0,0.0,0.0,0.0,0.0952380952380952,0.1904761904761904,-0.9781997,0.65,True,True,True,3,True,in_v0
53-7051,Industrial Truck and Tractor Operators,53,0.0,0.03125,0.0625,0.0,0.03125,0.0625,-1.39869,0.93,True,True,True,3,True,in_v0
53-7061,Cleaners of Vehicles and Equipment,53,0.0555555555555555,0.0833333333333333,0.1111111111111111,0.0,0.0,0.0,-1.629897,0.37,True,True,True,3,True,in_v0
53-7062,"Laborers and Freight, Stock, and Material Movers, Hand",53,0.0417391304347826,0.0417391304347826,0.0417391304347826,0.0,0.0408695652173912,0.0817391304347825,-1.709183,0.85,True,True,True,3,True,in_v0
53-7063,Machine Feeders and Offbearers,53,0.0909090909090909,0.0909090909090909,0.0909090909090909,0.0,0.0909090909090909,0.1818181818181818,-1.037413,0.93,True,True,True,3,True,in_v0
53-7064,"Packers and Packagers, Hand",53,0.1,0.1,0.1,0.0,0.1,0.2,-1.51362,0.38,True,True,True,3,True,in_v0
53-7065,Stockers and Order Fillers,53,0.109090909090909,0.1818181818181818,0.2545454545454545,0.109090909090909,0.1909090909090909,0.2727272727272727,-0.7892948,0.64,True,True,True,3,True,in_v0
53-7071,Gas Compressor and Gas Pumping Station Operators,53,0.2307692307692307,0.2692307692307693,0.3076923076923077,0.0,0.0769230769230769,0.1538461538461538,-0.6909992,0.91,True,True,True,3,True,in_v0
53-7072,"Pump Operators, Except Wellhead Pumpers",53,0.1666666666666666,0.2499999999999999,0.3333333333333333,0.0,0.1666666666666666,0.3333333333333333,-0.8422927,0.9,True,True,True,3,True,in_v0
53-7073,Wellhead Pumpers,53,0.0,0.0,0.0,0.0,0.0,0.0,-1.091197,0.84,True,True,True,3,True,in_v0
53-7081,Refuse and Recyclable Material Collectors,53,0.1785714285714285,0.1964285714285714,0.2142857142857142,0.1071428571428571,0.2321428571428571,0.3571428571428571,-1.283373,0.93,True,True,True,3,True,in_v0
53-7121,"Tank Car, Truck, and Ship Loaders",53,0.0714285714285714,0.0714285714285714,0.0714285714285714,0.0,0.125,0.25,-1.38776,0.72,True,True,True,3,True,in_v0
53-7199,"Material Moving Workers, All Other",53,,,,,,,-1.144356,0.94,False,True,True,2,False,missing_from_eloundou
