soc,title,major_group,major_group_name,dv_rating_alpha,dv_rating_beta,dv_rating_gamma,human_rating_alpha,human_rating_beta,human_rating_gamma,AIOE,frey_osborne_probability,pct_eloundou_beta,pct_eloundou_beta_human,pct_aioe,pct_frey_osborne,pct_full_eloundou_beta,pct_full_eloundou_beta_human,pct_full_aioe,pct_full_frey_osborne,pct_spread,eloundou_n_onet_children,eloundou_onet_codes,aioe_n_2010_parents,aioe_parent_soc2010_codes,aioe_is_split,aioe_is_merge,fo_n_2010_parents,fo_parent_soc2010_codes,fo_is_split,fo_is_merge,any_provenance_flag
11-1011,Chief Executives,11,Management,0.1333333333333333,0.5077777777777778,0.8822222222222222,0.1177777777777777,0.3694444444444443,0.6211111111111112,1.334246,0.015,79.8,65.66,92.06,9.74,79.32,63.28,91.0,9.66,82.32,2.0,11-1011.00;11-1011.03,1.0,11-1011,False,False,1.0,11-1011,False,False,True
11-1021,General and Operations Managers,11,Management,0.0,0.4807692307692308,0.9615384615384616,0.1153846153846153,0.3846153846153846,0.6538461538461539,0.5748773,0.16,73.88,67.32,66.09,28.14,72.68,65.48,62.75,28.04,45.74,1.0,11-1021.00,1.0,11-1021,False,False,1.0,11-1021,False,False,False
11-2011,Advertising and Promotions Managers,11,Management,0.0,0.4767441860465116,0.9534883720930232,0.2558139534883721,0.5465116279069767,0.8372093023255813,1.294387,0.039,73.3,89.18,89.9,17.97,71.68,88.47,87.62,17.95,71.93,1.0,11-2011.00,1.0,11-2011,False,False,1.0,11-2011,False,False,False
11-2021,Marketing Managers,11,Management,0.0625,0.5,0.9375,0.21875,0.578125,0.9375,1.315032,0.014,78.07,91.63,90.91,8.73,77.51,91.1,88.88,8.66,82.18,1.0,11-2021.00,1.0,11-2021,False,False,1.0,11-2021,False,False,False
11-2022,Sales Managers,11,Management,0.0,0.45,0.9,0.1,0.4833333333333333,0.8666666666666667,1.26628,0.013,69.7,80.23,87.45,8.15,67.29,79.57,85.25,8.08,79.29,1.0,11-2022.00,1.0,11-2022,False,False,1.0,11-2022,False,False,False
11-2032,Public Relations Managers,11,Management,0.15,0.55,0.95,0.25,0.5750000000000001,0.9,1.293689,0.015,86.29,91.27,89.54,9.74,86.84,90.73,87.31,9.66,79.8,1.0,11-2032.00,1.0,11-2031,True,False,1.0,11-2031,True,False,True
11-2033,Fundraising Managers,11,Management,0.125,0.5625,1.0,0.25,0.5,0.75,1.293689,0.015,87.73,82.76,89.54,9.74,88.22,81.89,87.31,9.66,79.8,1.0,11-2033.00,1.0,11-2031,True,False,1.0,11-2031,True,False,True
11-3012,Administrative Services Managers,11,Management,0.0869565217391304,0.3913043478260869,0.6956521739130435,0.2608695652173913,0.5,0.7391304347826086,0.7398278,0.73,60.97,82.76,69.91,56.78,57.71,81.89,67.56,56.87,13.13,1.0,11-3012.00,1.0,11-3011,True,False,1.0,11-3011,True,False,True
11-3013,Facilities Managers,11,Management,0.0357142857142857,0.4001623376623376,0.7646103896103895,0.1704545454545454,0.4042207792207792,0.637987012987013,0.7398278,0.73,62.77,69.7,69.91,56.78,59.52,68.3,67.56,56.87,13.13,2.0,11-3013.00;11-3013.01,1.0,11-3011,True,False,1.0,11-3011,True,False,True
11-3021,Computer and Information Systems Managers,11,Management,0.1212121212121212,0.5303030303030303,0.9393939393939394,0.303030303030303,0.5606060606060607,0.8181818181818182,1.059853,0.035,83.26,90.19,80.38,16.81,83.52,89.35,77.62,16.81,66.45,1.0,11-3021.00,1.0,11-3021,False,False,1.0,11-3021,False,False,False
11-3031,Financial Managers,11,Management,0.0,0.4850552306692657,0.9701104613385316,0.1221201151025712,0.4541306971131532,0.7861412791237351,1.446232,0.069,74.46,75.9,98.27,21.79,73.43,75.69,98.38,21.75,76.48,3.0,11-3031.00;11-3031.01;11-3031.03,1.0,11-3031,False,False,1.0,11-3031,False,False,True
11-3051,Industrial Production Managers,11,Management,0.0707451026436875,0.4057187015028995,0.7406923003621116,0.1307070026409648,0.3296039063138119,0.5285008099866589,0.5086878,0.03,63.35,59.74,65.22,15.8,60.28,56.64,61.75,15.81,49.42,6.0,11-3051.00;11-3051.01;11-3051.02;11-3051.03;11-3051.04;11-3051.06,1.0,11-3051,False,False,1.0,11-3051,False,False,True
11-3061,Purchasing Managers,11,Management,0.2285714285714285,0.5857142857142857,0.9428571428571428,0.1142857142857142,0.4714285714285714,0.8285714285714285,1.423426,0.03,90.04,78.21,96.97,15.8,90.23,77.82,97.12,15.81,81.17,1.0,11-3061.00,1.0,11-3061,False,False,1.0,11-3061,False,False,False
11-3071,"Transportation, Storage, and Distribution Managers",11,Management,0.0178571428571428,0.486525974025974,0.9551948051948052,0.1620129870129869,0.4729707792207792,0.7839285714285713,0.8907923,0.59,74.89,78.5,74.31,46.75,73.81,78.07,71.75,46.71,28.14,2.0,11-3071.00;11-3071.04,1.0,11-3071,False,False,1.0,11-3071,False,False,True
11-3111,Compensation and Benefits Managers,11,Management,0.131578947368421,0.513157894736842,0.894736842105263,0.1842105263157894,0.4605263157894737,0.7368421052631579,1.298235,0.96,80.38,76.91,90.48,90.4,80.33,76.57,88.12,90.34,10.1,1.0,11-3111.00,1.0,11-3111,False,False,1.0,11-3111,False,False,False
11-3121,Human Resources Managers,11,Management,0.04,0.48,0.92,0.14,0.45,0.76,1.320417,0.0055,73.74,75.54,91.2,3.97,72.49,75.38,89.38,3.93,87.23,1.0,11-3121.00,1.0,11-3121,False,False,1.0,11-3121,False,False,False
11-3131,Training and Development Managers,11,Management,0.0909090909090909,0.5,0.9090909090909092,0.0454545454545454,0.4772727272727273,0.9090909090909092,1.284423,0.0063,78.07,79.58,88.6,4.33,77.51,79.01,86.5,4.29,84.27,1.0,11-3131.00,1.0,11-3131,False,False,1.0,11-3131,False,False,False
11-9013,"Farmers, Ranchers, and Other Agricultural Managers",11,Management,0.0408163265306122,0.3673469387755101,0.6938775510204082,0.1020408163265306,0.2448979591836734,0.3877551020408163,-0.1443684,0.047,58.23,48.92,51.08,19.48,54.57,45.61,46.38,19.46,38.74,1.0,11-9013.00,1.0,11-9013,False,False,1.0,11-9013,False,False,False
11-9021,Construction Managers,11,Management,0.0444444444444444,0.4444444444444445,0.8444444444444444,0.2,0.4,0.6,1.029139,0.071,69.55,69.05,78.64,22.08,67.04,67.54,75.75,22.03,56.57,1.0,11-9021.00,1.0,11-9021,False,False,1.0,11-9021,False,False,False
11-9031,"Education and Childcare Administrators, Preschool and Daycare",11,Management,0.0625,0.46875,0.875,0.28125,0.515625,0.75,0.838007,0.015,72.51,84.7,72.58,9.74,70.11,83.83,70.25,9.66,62.84,1.0,11-9031.00,1.0,11-9031,False,False,1.0,11-9031,False,False,False
11-9032,"Education Administrators, Kindergarten through Secondary",11,Management,0.0181818181818181,0.4181818181818181,0.8181818181818181,0.2727272727272727,0.4545454545454545,0.6363636363636364,1.048811,0.0046,65.51,76.12,80.23,3.1,62.28,75.88,77.5,3.08,77.13,1.0,11-9032.00,1.0,11-9032,False,False,1.0,11-9032,False,False,False
11-9033,"Education Administrators, Postsecondary",11,Management,0.024390243902439,0.4390243902439024,0.8536585365853658,0.3414634146341463,0.475609756097561,0.6097560975609756,1.461149,0.01,68.54,79.37,98.7,7.07,66.04,78.82,98.75,7.01,91.63,1.0,11-9033.00,1.0,11-9033,False,False,1.0,11-9033,False,False,False
11-9041,Architectural and Engineering Managers,11,Management,0.0517241379310344,0.4426108374384236,0.8334975369458129,0.0571428571428571,0.3307881773399014,0.6044334975369459,0.8370105,0.017,69.26,60.03,72.44,11.11,66.79,56.89,70.12,11.02,61.33,2.0,11-9041.00;11-9041.01,1.0,11-9041,False,False,1.0,11-9041,False,False,True
11-9051,Food Service Managers,11,Management,0.0625,0.4166666666666666,0.7708333333333333,0.1875,0.3958333333333333,0.6041666666666666,-0.1213112,0.083,65.08,68.11,51.52,23.38,61.9,66.42,46.75,23.32,41.7,1.0,11-9051.00,1.0,11-9051,False,False,1.0,11-9051,False,False,False
11-9071,Gambling Managers,11,Management,0.3235294117647059,0.5735294117647058,0.8235294117647058,0.2647058823529412,0.4852941176470588,0.7058823529411764,0.8299207,0.091,89.03,80.66,72.01,24.24,89.35,79.95,69.75,24.18,64.79,1.0,11-9071.00,1.0,11-9071,False,False,1.0,11-9071,False,False,False
11-9072,"Entertainment and Recreation Managers, Except Gambling",11,Management,0.1764705882352941,0.3529411764705882,0.5294117647058824,0.2352941176470588,0.3823529411764705,0.5294117647058824,0.9646872,0.25,56.71,67.1,76.19,32.47,52.76,65.29,73.62,32.33,43.72,1.0,11-9072.00,1.0,11-9199,True,False,1.0,11-9199,True,False,True
11-9081,Lodging Managers,11,Management,0.0434782608695652,0.4565217391304347,0.8695652173913043,0.2608695652173913,0.3804347826086956,0.5,0.4021726,0.0039,71.07,66.96,62.48,1.66,68.67,65.16,59.25,1.65,69.41,1.0,11-9081.00,1.0,11-9081,False,False,1.0,11-9081,False,False,False
11-9111,Medical and Health Services Managers,11,Management,0.0,0.4285714285714285,0.8571428571428571,0.1142857142857142,0.3714285714285714,0.6285714285714286,1.260259,0.0073,67.32,66.09,87.3,5.19,64.41,63.91,85.0,5.15,82.11,1.0,11-9111.00,1.0,11-9111,False,False,1.0,11-9111,False,False,False
11-9121,Natural Sciences Managers,11,Management,0.111552064673189,0.5306967984934087,0.9498415323136284,0.244449037710716,0.4865325432915346,0.7286160488723531,1.327906,0.018,83.41,81.1,91.49,11.62,83.71,80.33,90.12,11.52,79.87,3.0,11-9121.00;11-9121.01;11-9121.02,1.0,11-9121,False,False,1.0,11-9121,False,False,True
11-9131,Postmasters and Mail Superintendents,11,Management,0.1428571428571428,0.5238095238095237,0.9047619047619048,0.238095238095238,0.4523809523809523,0.6666666666666666,0.8233757,0.75,81.75,75.76,71.86,58.23,81.89,75.56,69.62,58.3,23.52,1.0,11-9131.00,1.0,11-9131,False,False,1.0,11-9131,False,False,False
11-9141,"Property, Real Estate, and Community Association Managers",11,Management,0.0,0.4431818181818182,0.8863636363636364,0.2045454545454545,0.4318181818181818,0.6590909090909091,1.215396,0.81,69.41,73.45,85.57,63.28,66.92,72.68,83.0,63.3,22.29,1.0,11-9141.00,1.0,11-9141,False,False,1.0,11-9141,False,False,False
11-9151,Social and Community Service Managers,11,Management,0.0714285714285714,0.3928571428571428,0.7142857142857142,0.25,0.4464285714285714,0.6428571428571428,1.156153,0.0067,61.47,74.75,83.98,4.76,58.21,74.56,81.12,4.72,79.22,1.0,11-9151.00,1.0,11-9151,False,False,1.0,11-9151,False,False,False
11-9161,Emergency Management Directors,11,Management,0.0,0.4222222222222222,0.8444444444444444,0.4,0.6,0.8,1.030768,0.003,66.23,93.65,78.79,0.36,63.16,93.73,75.88,0.36,78.43,1.0,11-9161.00,1.0,11-9161,False,False,1.0,11-9161,False,False,False
11-9179,"Personal Service Managers, All Other",11,Management,0.1625258799171842,0.4521221532091096,0.7417184265010353,0.1149068322981366,0.3253105590062111,0.5357142857142857,0.9646872,0.25,69.99,59.16,76.19,32.47,67.67,56.14,73.62,32.33,43.72,2.0,11-9179.01;11-9179.02,1.0,11-9199,True,False,1.0,11-9199,True,False,True
11-9199,"Managers, All Other",11,Management,0.0712777805905273,0.4912673640410586,0.91125694749159,0.2181640386209276,0.4654910240471341,0.7128180094733407,0.9646872,0.25,76.05,77.49,76.19,32.47,75.44,77.07,73.62,32.33,43.72,6.0,11-9199.01;11-9199.02;11-9199.08;11-9199.09;11-9199.10;11-9199.11,1.0,11-9199,True,False,1.0,11-9199,True,False,True
13-1011,"Agents and Business Managers of Artists, Performers, and Athletes",13,Business & Financial,0.1739130434782608,0.5434782608695652,0.9130434782608696,0.3043478260869565,0.3695652173913043,0.4347826086956521,1.068559,0.24,85.64,65.8,80.66,31.53,86.15,63.47,77.88,31.4,54.11,1.0,13-1011.00,1.0,13-1011,False,False,1.0,13-1011,False,False,False
13-1021,"Buyers and Purchasing Agents, Farm Products",13,Business & Financial,0.0555555555555555,0.5277777777777778,1.0,0.0555555555555555,0.25,0.4444444444444444,0.7687054,0.87,82.83,50.07,70.56,71.79,83.08,46.74,68.38,71.75,12.27,1.0,13-1021.00,1.0,13-1021,False,False,1.0,13-1021,False,False,False
13-1022,"Wholesale and Retail Buyers, Except Farm Products",13,Business & Financial,0.0333333333333333,0.4666666666666667,0.9,0.1,0.4,0.7,0.8188258,0.29,72.15,69.05,71.57,34.27,69.8,67.54,69.38,34.12,37.88,1.0,13-1022.00,1.0,13-1022,False,False,1.0,13-1022,False,False,False
13-1023,"Purchasing Agents, Except Wholesale, Retail, and Farm Products",13,Business & Financial,0.0526315789473684,0.4736842105263157,0.894736842105263,0.1578947368421052,0.3684210526315789,0.5789473684210527,1.509181,0.77,73.02,65.44,99.71,59.81,70.8,62.91,99.62,59.87,39.9,1.0,13-1023.00,1.0,13-1023,False,False,1.0,13-1023,False,False,False
13-1031,"Claims Adjusters, Examiners, and Investigators",13,Business & Financial,0.08,0.52,0.96,0.18,0.49,0.8,1.274024,0.98,80.81,81.39,87.88,96.83,80.83,80.58,85.62,96.78,16.02,1.0,13-1031.00,1.0,13-1031,False,False,1.0,13-1031,False,False,False
13-1032,"Insurance Appraisers, Auto Damage",13,Business & Financial,0.0,0.5,1.0,0.1428571428571428,0.5,0.8571428571428571,0.6634955,0.98,78.07,82.76,67.68,96.83,77.51,81.89,64.25,96.78,29.15,1.0,13-1032.00,1.0,13-1032,False,False,1.0,13-1032,False,False,False
13-1041,Compliance Officers,13,Business & Financial,0.2342960489763113,0.5263042749310427,0.8183125008857741,0.3373490296220364,0.5265367802901109,0.7157245309581854,0.6981205,0.08,82.4,86.72,68.54,23.02,82.46,85.84,65.12,22.96,59.38,7.0,13-1041.00;13-1041.01;13-1041.03;13-1041.04;13-1041.06;13-1041.07;13-1041.08,1.0,13-1041,False,False,1.0,13-1041,False,False,True
13-1051,Cost Estimators,13,Business & Financial,0.0,0.5,1.0,0.1538461538461538,0.4807692307692308,0.8076923076923077,1.367669,0.57,78.07,80.09,94.37,45.82,77.51,79.45,94.38,45.71,48.56,1.0,13-1051.00,1.0,13-1051,False,False,1.0,13-1051,False,False,False
13-1074,Farm Labor Contractors,13,Business & Financial,0.0,0.1428571428571428,0.2857142857142857,0.0,0.0,0.0,-0.4354025,0.97,29.87,4.04,43.29,93.43,27.13,3.57,39.25,93.35,63.56,1.0,13-1074.00,1.0,13-1074,False,False,1.0,13-1074,False,False,False
13-1081,Logisticians,13,Business & Financial,0.0860240939684832,0.5278605318327264,0.9696969696969696,0.350576269146279,0.5965664590292197,0.8425566489121602,1.297303,0.012,83.12,93.07,90.33,7.72,83.33,93.23,88.0,7.65,82.61,3.0,13-1081.00;13-1081.01;13-1081.02,1.0,13-1081,False,False,1.0,13-1081,False,False,True
13-1082,Project Management Specialists,13,Business & Financial,0.1,0.55,1.0,0.05,0.4,0.75,1.0816930666666666,0.24,86.29,69.05,80.95,31.53,86.84,67.54,78.12,31.4,54.76,1.0,13-1082.00,3.0,11-9199;13-1199;15-1199,True,True,2.0,11-9199;13-1199,True,True,True
13-1111,Management Analysts,13,Business & Financial,0.0952380952380952,0.4047619047619047,0.7142857142857142,0.1904761904761904,0.5,0.8095238095238095,1.432417,0.13,63.06,82.76,97.55,26.62,59.96,81.89,97.62,26.54,70.92,1.0,13-1111.00,1.0,13-1111,False,False,1.0,13-1111,False,False,False
13-1121,"Meeting, Convention, and Event Planners",13,Business & Financial,0.1081081081081081,0.4864864864864865,0.8648648648648649,0.081081081081081,0.3648648648648649,0.6486486486486487,0.3740207,0.037,74.68,64.79,61.76,17.32,73.62,62.16,58.5,17.31,57.36,1.0,13-1121.00,1.0,13-1121,False,False,1.0,13-1121,False,False,False
13-1141,"Compensation, Benefits, and Job Analysis Specialists",13,Business & Financial,0.0789473684210526,0.4736842105263157,0.8684210526315789,0.3157894736842105,0.4736842105263157,0.631578947368421,1.440985,0.47,73.02,78.79,98.12,41.27,70.8,78.32,98.25,41.06,56.85,1.0,13-1141.00,1.0,13-1141,False,False,1.0,13-1141,False,False,False
13-1151,Training and Development Specialists,13,Business & Financial,0.1052631578947368,0.5526315789473684,1.0,0.4210526315789473,0.5921052631578947,0.763157894736842,1.198409,0.014,86.65,92.64,85.14,8.73,87.16,92.73,82.5,8.66,77.92,1.0,13-1151.00,1.0,13-1151,False,False,1.0,13-1151,False,False,False
13-1161,Market Research Analysts and Marketing Specialists,13,Business & Financial,0.0491803278688524,0.5245901639344263,1.0,0.1235813366960907,0.5425598991172762,0.9615384615384616,1.426757,0.61,81.96,89.03,97.26,48.2,82.08,88.1,97.38,48.21,49.06,2.0,13-1161.00;13-1161.01,1.0,13-1161,False,False,1.0,13-1161,False,False,True
13-1199,"Business Operations Specialists, All Other",13,Business & Financial,0.2241522966739626,0.5828407660281357,0.9415292353823088,0.2661182474964608,0.5379899336046262,0.8098616197127917,1.047687,0.23,89.75,88.6,80.09,30.95,89.97,87.59,77.38,30.83,58.8,4.0,13-1199.04;13-1199.05;13-1199.06;13-1199.07,1.0,13-1199,True,False,1.0,13-1199,True,False,True
13-2011,Accountants and Auditors,13,Business & Financial,0.12,0.56,1.0,0.2,0.52,0.84,1.481956,0.94,87.37,85.79,99.13,85.21,87.91,84.9,99.12,85.12,13.92,1.0,13-2011.00,1.0,13-2011,False,False,1.0,13-2011,False,False,False
13-2022,Appraisers of Personal and Business Property,13,Business & Financial,0.1428571428571428,0.5714285714285714,1.0,0.3571428571428571,0.5714285714285714,0.7857142857142857,0.8413203,0.9,88.67,90.91,73.09,76.62,89.04,90.29,70.69,76.54,15.58,1.0,13-2022.00,1.0,13-2021,True,False,1.0,13-2021,True,False,True
13-2023,Appraisers and Assessors of Real Estate,13,Business & Financial,0.0178571428571428,0.4910714285714285,0.9642857142857142,0.1964285714285714,0.4642857142857142,0.7321428571428571,0.8413203,0.9,75.9,77.34,73.09,76.62,75.31,76.94,70.69,76.54,3.54,1.0,13-2023.00,1.0,13-2021,True,False,1.0,13-2021,True,False,True
13-2031,Budget Analysts,13,Business & Financial,0.08,0.52,0.96,0.32,0.64,0.96,1.502988,0.94,80.81,95.96,99.57,85.21,80.83,96.24,99.5,85.12,18.76,1.0,13-2031.00,1.0,13-2031,False,False,1.0,13-2031,False,False,False
13-2041,Credit Analysts,13,Business & Financial,0.1111111111111111,0.5555555555555556,1.0,0.2222222222222222,0.5555555555555556,0.8888888888888888,1.345268,0.98,87.09,89.75,93.07,96.83,87.53,88.97,92.12,96.78,9.74,1.0,13-2041.00,1.0,13-2041,False,False,1.0,13-2041,False,False,False
13-2051,Financial and Investment Analysts,13,Business & Financial,0.0,0.4615384615384615,0.9230769230769232,0.1538461538461538,0.5,0.8461538461538463,1.380615,0.23,71.5,82.76,95.09,30.95,69.24,81.89,95.12,30.83,64.14,1.0,13-2051.00,1.0,13-2051,True,False,1.0,13-2051,True,False,True
13-2052,Personal Financial Advisors,13,Business & Financial,0.0526315789473684,0.5,0.9473684210526316,0.3947368421052631,0.6710526315789473,0.9473684210526316,1.400749,0.58,78.07,96.97,96.1,46.32,77.51,97.37,96.25,46.21,49.78,1.0,13-2052.00,1.0,13-2052,False,False,1.0,13-2052,False,False,False
13-2053,Insurance Underwriters,13,Business & Financial,0.1428571428571428,0.5714285714285714,1.0,0.1428571428571428,0.5,0.8571428571428571,1.326652,0.99,88.67,82.76,91.34,99.21,89.04,81.89,90.0,99.21,10.53,1.0,13-2053.00,1.0,13-2053,False,False,1.0,13-2053,False,False,False
13-2054,Financial Risk Specialists,13,Business & Financial,0.0666666666666666,0.5333333333333333,1.0,0.2333333333333333,0.5833333333333334,0.9333333333333332,1.3709885,0.28,84.2,92.14,94.52,33.91,84.46,91.67,94.62,33.76,60.61,1.0,13-2054.00,2.0,13-2051;13-2099,True,True,2.0,13-2051;13-2099,True,True,True
13-2061,Financial Examiners,13,Business & Financial,0.0606060606060606,0.5,0.9393939393939394,0.303030303030303,0.5757575757575758,0.8484848484848485,1.526064,0.17,78.07,91.49,100.0,28.72,77.51,90.98,99.88,28.61,71.28,1.0,13-2061.00,1.0,13-2061,False,False,1.0,13-2061,False,False,False
13-2071,Credit Counselors,13,Business & Financial,0.2727272727272727,0.625,0.9772727272727272,0.4545454545454546,0.6931818181818182,0.931818181818182,1.385381,0.04,92.21,97.98,95.38,18.25,92.23,98.25,95.38,18.24,77.13,1.0,13-2071.00,1.0,13-2071,False,False,1.0,13-2071,False,False,False
13-2072,Loan Officers,13,Business & Financial,0.2045454545454545,0.5909090909090909,0.9772727272727272,0.3409090909090909,0.6477272727272727,0.9545454545454546,1.385739,0.98,90.48,96.39,95.53,96.83,90.6,96.62,95.5,96.78,6.35,1.0,13-2072.00,1.0,13-2072,False,False,1.0,13-2072,False,False,False
13-2081,"Tax Examiners and Collectors, and Revenue Agents",13,Business & Financial,0.1935483870967742,0.5806451612903225,0.967741935483871,0.4516129032258064,0.6774193548387096,0.9032258064516128,1.36682,0.93,89.61,97.33,94.08,82.61,89.85,97.68,94.12,82.47,11.47,1.0,13-2081.00,1.0,13-2081,False,False,1.0,13-2081,False,False,False
13-2082,Tax Preparers,13,Business & Financial,0.25,0.625,1.0,0.25,0.625,1.0,1.29371,0.99,92.21,95.09,89.75,99.21,92.23,95.11,87.5,99.21,9.45,1.0,13-2082.00,1.0,13-2082,False,False,1.0,13-2082,False,False,False
13-2099,"Financial Specialists, All Other",13,Business & Financial,0.2346437346437346,0.5832309582309583,0.931818181818182,0.253071253071253,0.5924447174447174,0.931818181818182,1.361362,0.33,89.9,92.78,93.8,35.35,90.1,92.86,93.75,35.19,58.44,2.0,13-2099.01;13-2099.04,1.0,13-2099,True,False,1.0,13-2099,True,False,True
15-1211,Computer Systems Analysts,15,Computer & Mathematical,0.2941176470588235,0.6174242424242424,0.9407308377896612,0.2406417112299465,0.553475935828877,0.8663101604278075,1.19815,0.0065,91.34,89.47,84.99,4.62,91.48,88.72,82.38,4.58,86.72,2.0,15-1211.00;15-1211.01,1.0,15-1121,False,False,1.0,15-1121,False,False,True
15-1221,Computer and Information Research Scientists,15,Computer & Mathematical,0.3846153846153846,0.6346153846153847,0.8846153846153847,0.2307692307692307,0.5,0.7692307692307693,1.154269,0.015,92.78,82.76,83.84,9.74,92.92,81.89,81.0,9.66,83.04,1.0,15-1221.00,1.0,15-1111,False,False,1.0,15-1111,False,False,False
15-1242,Database Administrators,15,Computer & Mathematical,0.8709677419354839,0.935483870967742,1.0,0.2903225806451612,0.5967741935483871,0.9032258064516128,1.284863,0.03,99.28,93.22,88.74,15.8,99.37,93.36,86.62,15.81,83.48,1.0,15-1242.00,1.0,15-1141,True,False,1.0,15-1141,True,False,True
15-1243,Database Architects,15,Computer & Mathematical,0.8224932249322493,0.9112466124661248,1.0,0.3163956639566395,0.6460027100271002,0.975609756097561,1.258784,0.03,99.13,96.1,87.16,15.8,99.12,96.37,84.88,15.81,83.33,2.0,15-1243.00;15-1243.01,2.0,15-1141;15-1199,True,True,1.0,15-1141,True,False,True
15-1244,Network and Computer Systems Administrators,15,Computer & Mathematical,0.5405405405405406,0.7297297297297298,0.918918918918919,0.1621621621621621,0.5135135135135136,0.8648648648648649,0.7895315,0.03,96.1,84.56,71.14,15.8,96.37,83.71,69.0,15.81,80.3,1.0,15-1244.00,1.0,15-1142,False,False,1.0,15-1142,False,False,False
15-1251,Computer Programmers,15,Computer & Mathematical,0.9,0.95,1.0,0.4333333333333333,0.6833333333333333,0.9333333333333332,1.271506,0.48,99.42,97.55,87.59,41.77,99.5,97.87,85.38,41.56,57.65,1.0,15-1251.00,1.0,15-1131,False,False,1.0,15-1131,False,False,False
15-1252,Software Developers,15,Computer & Mathematical,0.7894736842105263,0.8684210526315789,0.9473684210526316,0.0526315789473684,0.4473684210526315,0.8421052631578947,1.2421155,0.086,97.98,74.96,86.58,23.88,98.12,74.75,84.12,23.82,74.1,1.0,15-1252.00,2.0,15-1132;15-1133,True,True,2.0,15-1132;15-1133,True,True,True
15-1253,Software Quality Assurance Analysts and Testers,15,Computer & Mathematical,0.8070175438596491,0.8771929824561403,0.9473684210526316,0.3157894736842105,0.6140350877192982,0.912280701754386,1.2389786666666665,0.086,98.41,94.37,86.29,23.88,98.5,94.36,83.88,23.82,74.53,1.0,15-1253.00,3.0,15-1132;15-1133;15-1199,True,True,2.0,15-1132;15-1133,True,True,True
15-1299,"Computer Occupations, All Other",15,Computer & Mathematical,0.4766228777169385,0.7357861863332168,0.994949494949495,0.277384400302843,0.5969636725035986,0.9165429447043542,0.96837845,0.78,96.25,93.36,76.48,60.53,96.49,93.48,73.88,60.59,35.71,9.0,15-1299.01;15-1299.02;15-1299.03;15-1299.04;15-1299.05;15-1299.06;15-1299.07;15-1299.08;15-1299.09,2.0,15-1199;43-9011,True,True,1.0,43-9011,False,False,True
15-2011,Actuaries,15,Computer & Mathematical,0.0,0.5,1.0,0.2222222222222222,0.537037037037037,0.8518518518518519,1.516474,0.21,78.07,88.24,99.86,30.16,77.51,87.28,99.75,30.04,69.7,1.0,15-2011.00,1.0,15-2011,False,False,1.0,15-2011,False,False,False
15-2021,Mathematicians,15,Computer & Mathematical,1.0,1.0,1.0,0.3809523809523809,0.6904761904761905,1.0,1.472319,0.047,100.0,97.69,98.99,19.48,100.0,97.99,99.0,19.46,80.52,1.0,15-2021.00,1.0,15-2021,False,False,1.0,15-2021,False,False,False
15-2031,Operations Research Analysts,15,Computer & Mathematical,0.2580645161290322,0.6290322580645161,1.0,0.2580645161290322,0.6290322580645161,1.0,1.40002,0.035,92.57,95.24,95.96,16.81,92.54,95.24,96.12,16.81,79.15,1.0,15-2031.00,1.0,15-2031,False,False,1.0,15-2031,False,False,False
15-2041,Statisticians,15,Computer & Mathematical,0.4494736842105263,0.7247368421052631,1.0,0.5368421052631578,0.7252631578947368,0.913684210526316,1.382724,0.22,95.82,98.7,95.24,30.52,96.12,98.87,95.25,30.4,65.3,2.0,15-2041.00;15-2041.01,1.0,15-2041,False,False,1.0,15-2041,False,False,True
15-2099,"Mathematical Science Occupations, All Other",15,Computer & Mathematical,0.7666666666666666,0.8666666666666667,0.9666666666666668,0.3333333333333333,0.65,0.9666666666666668,0.7559803,0.99,97.84,96.54,70.42,99.21,97.99,96.8,68.12,99.21,28.79,1.0,15-2099.01,1.0,15-2091,False,False,1.0,15-2091,False,False,False
17-1011,"Architects, Except Landscape and Naval",17,Architecture & Engineering,0.0697674418604651,0.4883720930232558,0.9069767441860463,0.1627906976744186,0.4302325581395348,0.6976744186046512,1.047142,0.018,75.32,72.87,79.94,11.62,74.56,72.18,77.25,11.52,68.33,1.0,17-1011.00,1.0,17-1011,False,False,1.0,17-1011,False,False,False
17-1012,Landscape Architects,17,Architecture & Engineering,0.0,0.4210526315789473,0.8421052631578947,0.0526315789473684,0.3684210526315789,0.6842105263157894,1.034388,0.045,66.02,65.44,79.22,19.12,62.97,62.91,76.38,19.1,60.1,1.0,17-1012.00,1.0,17-1012,False,False,1.0,17-1012,False,False,False
17-1021,Cartographers and Photogrammetrists,17,Architecture & Engineering,0.04,0.52,1.0,0.08,0.46,0.84,0.8169979,0.88,80.81,76.77,71.43,73.3,80.83,76.44,69.25,73.25,9.38,1.0,17-1021.00,1.0,17-1021,False,False,1.0,17-1021,False,False,False
17-1022,Surveyors,17,Architecture & Engineering,0.1493055555555555,0.5100694444444445,0.8708333333333333,0.1604166666666666,0.4197916666666667,0.6791666666666667,0.1460606,0.38,79.94,71.57,57.86,37.81,79.45,70.43,53.37,37.63,42.14,2.0,17-1022.00;17-1022.01,1.0,17-1022,False,False,1.0,17-1022,False,False,True
17-2011,Aerospace Engineers,17,Architecture & Engineering,0.2142857142857142,0.5714285714285714,0.9285714285714284,0.1428571428571428,0.5178571428571428,0.8928571428571428,1.338738,0.017,88.67,85.14,92.21,11.11,89.04,84.34,91.38,11.02,81.1,1.0,17-2011.00,1.0,17-2011,False,False,1.0,17-2011,False,False,False
17-2021,Agricultural Engineers,17,Architecture & Engineering,0.074074074074074,0.4259259259259259,0.7777777777777777,0.0,0.3333333333333333,0.6666666666666666,0.9409636,0.49,66.88,60.46,75.61,42.42,63.85,57.27,73.12,42.2,33.19,1.0,17-2021.00,1.0,17-2021,False,False,1.0,17-2021,False,False,False
17-2031,Bioengineers and Biomedical Engineers,17,Architecture & Engineering,0.2307692307692307,0.5897435897435898,0.9487179487179488,0.2564102564102564,0.5384615384615384,0.8205128205128205,0.9874239,0.037,90.19,88.74,77.06,17.32,90.35,87.72,74.38,17.31,72.87,1.0,17-2031.00,1.0,17-2031,False,False,1.0,17-2031,False,False,False
17-2041,Chemical Engineers,17,Architecture & Engineering,0.0769230769230769,0.4615384615384615,0.8461538461538463,0.0769230769230769,0.3461538461538461,0.6153846153846154,1.341336,0.017,71.5,62.55,92.5,11.11,69.24,59.59,91.62,11.02,81.39,1.0,17-2041.00,1.0,17-2041,False,False,1.0,17-2041,False,False,False
17-2051,Civil Engineers,17,Architecture & Engineering,0.0556277056277056,0.4821428571428571,0.9086580086580086,0.1718614718614718,0.4545454545454545,0.7372294372294372,1.282867,0.019,74.17,76.12,88.46,11.98,73.06,75.88,86.38,11.87,76.48,3.0,17-2051.00;17-2051.01;17-2051.02,1.0,17-2051,False,False,1.0,17-2051,False,False,True
17-2061,Computer Hardware Engineers,17,Architecture & Engineering,0.5454545454545454,0.7272727272727273,0.9090909090909092,0.1818181818181818,0.3181818181818182,0.4545454545454546,1.141812,0.22,95.96,58.66,82.83,30.52,96.24,55.51,80.12,30.4,65.44,1.0,17-2061.00,1.0,17-2061,False,False,1.0,17-2061,False,False,False
17-2071,Electrical Engineers,17,Architecture & Engineering,0.28125,0.5625,0.84375,0.15625,0.40625,0.65625,1.126725,0.1,87.73,70.13,82.11,25.25,88.22,68.67,79.5,25.18,62.48,1.0,17-2071.00,1.0,17-2071,False,False,1.0,17-2071,False,False,False
17-2072,"Electronics Engineers, Except Computer",17,Architecture & Engineering,0.361344537815126,0.6200980392156863,0.8788515406162465,0.2240896358543417,0.447829131652661,0.6715686274509804,0.6654578,0.025,91.63,75.18,67.82,14.0,91.73,74.94,64.5,13.88,77.63,2.0,17-2072.00;17-2072.01,1.0,17-2072,False,False,1.0,17-2072,False,False,True
17-2081,Environmental Engineers,17,Architecture & Engineering,0.1296296296296296,0.5555555555555556,0.9814814814814814,0.2407407407407407,0.5,0.7592592592592592,1.343561,0.018,87.09,82.76,92.93,11.62,87.53,81.89,92.0,11.52,81.31,1.0,17-2081.00,1.0,17-2081,False,False,1.0,17-2081,False,False,False
17-2111,"Health and Safety Engineers, Except Mining Safety Engineers and Inspectors",17,Architecture & Engineering,0.0984615384615384,0.5042307692307693,0.91,0.4692307692307693,0.5676923076923077,0.6661538461538461,0.9948935,0.028,79.65,90.62,77.49,14.72,79.2,89.97,74.75,14.59,64.94,2.0,17-2111.00;17-2111.02,1.0,17-2111,False,False,1.0,17-2111,False,False,True
17-2112,Industrial Engineers,17,Architecture & Engineering,0.1837961926091825,0.554355036527489,0.9249138804457954,0.2942057270836666,0.520044259585133,0.7458827920865995,1.13787,0.029,86.87,86.0,82.54,15.15,87.34,85.09,79.88,15.09,71.72,4.0,17-2112.00;17-2112.01;17-2112.02;17-2112.03,1.0,17-2112,False,False,1.0,17-2112,False,False,True
17-2121,Marine Engineers and Naval Architects,17,Architecture & Engineering,0.1052631578947368,0.4210526315789473,0.7368421052631579,0.2631578947368421,0.4035087719298245,0.5438596491228069,0.5472173,0.01,66.02,69.55,65.8,7.07,62.97,68.17,62.38,7.01,58.95,1.0,17-2121.00,1.0,17-2121,False,False,1.0,17-2121,False,False,False
17-2131,Materials Engineers,17,Architecture & Engineering,0.1463414634146341,0.4878048780487805,0.8292682926829269,0.1463414634146341,0.3170731707317073,0.4878048780487805,1.037278,0.021,75.18,58.44,79.37,12.77,74.25,55.14,76.5,12.66,66.59,1.0,17-2131.00,1.0,17-2131,False,False,1.0,17-2131,False,False,False
17-2141,Mechanical Engineers,17,Architecture & Engineering,0.2061833105335156,0.5312935096519228,0.8564037087703298,0.3067213862289101,0.5007630338957288,0.6948046815625476,1.004709,0.011,83.69,83.98,77.63,7.36,83.96,82.96,74.88,7.3,76.33,3.0,17-2141.00;17-2141.01;17-2141.02,1.0,17-2141,False,False,1.0,17-2141,False,False,True
17-2151,"Mining and Geological Engineers, Including Mining Safety Engineers",17,Architecture & Engineering,0.1111111111111111,0.4814814814814814,0.8518518518518519,0.4074074074074074,0.5,0.5925925925925926,1.34695,0.14,74.03,82.76,93.36,27.42,72.87,81.89,92.38,27.32,65.95,1.0,17-2151.00,1.0,17-2151,False,False,1.0,17-2151,False,False,False
17-2161,Nuclear Engineers,17,Architecture & Engineering,0.25,0.55,0.8500000000000001,0.25,0.475,0.7000000000000001,1.303009,0.07,86.29,79.08,90.76,21.93,86.84,78.57,88.5,21.89,68.83,1.0,17-2161.00,1.0,17-2161,False,False,1.0,17-2161,False,False,False
17-2171,Petroleum Engineers,17,Architecture & Engineering,0.1666666666666666,0.5277777777777778,0.8888888888888888,0.0833333333333333,0.4305555555555555,0.7777777777777777,1.247779,0.16,82.83,73.02,86.72,28.14,83.08,72.31,84.38,28.04,58.59,1.0,17-2171.00,1.0,17-2171,False,False,1.0,17-2171,False,False,False
17-2199,"Engineers, All Other",17,Architecture & Engineering,0.1974527590509618,0.5226496200276688,0.8478464810043758,0.2062260578531438,0.4461732967325073,0.6861205356118707,0.787566,0.014,81.24,74.6,71.0,8.73,81.45,74.44,68.88,8.66,72.51,8.0,17-2199.03;17-2199.05;17-2199.06;17-2199.07;17-2199.08;17-2199.09;17-2199.10;17-2199.11,1.0,17-2199,False,False,1.0,17-2199,False,False,True
17-3011,Architectural and Civil Drafters,17,Architecture & Engineering,0.12,0.54,0.96,0.18,0.52,0.86,0.9233925,0.52,85.28,85.79,75.04,43.43,85.59,84.9,72.38,43.2,41.85,1.0,17-3011.00,1.0,17-3011,False,False,1.0,17-3011,False,False,False
17-3012,Electrical and Electronics Drafters,17,Architecture & Engineering,0.1914893617021276,0.5744680851063829,0.9574468085106382,0.2553191489361702,0.4893617021276595,0.7234042553191489,0.910166,0.81,89.18,81.24,74.89,63.28,89.47,80.45,72.25,63.3,25.9,1.0,17-3012.00,1.0,17-3012,False,False,1.0,17-3012,False,False,False
17-3013,Mechanical Drafters,17,Architecture & Engineering,0.0689655172413793,0.5,0.9310344827586208,0.0689655172413793,0.4655172413793103,0.8620689655172413,0.8410071,0.68,78.07,77.71,72.87,53.54,77.51,77.26,70.5,53.51,24.53,1.0,17-3013.00,1.0,17-3013,False,False,1.0,17-3013,False,False,False
17-3021,Aerospace Engineering and Operations Technologists and Technicians,17,Architecture & Engineering,0.1,0.325,0.55,0.0,0.225,0.45,0.3909402,0.48,53.68,46.03,61.9,41.77,49.75,42.73,58.75,41.56,20.13,1.0,17-3021.00,1.0,17-3021,False,False,1.0,17-3021,False,False,False
17-3022,Civil Engineering Technologists and Technicians,17,Architecture & Engineering,0.1818181818181818,0.5909090909090909,1.0,0.2727272727272727,0.4772727272727273,0.6818181818181819,0.9323219,0.75,90.48,79.58,75.18,58.23,90.6,79.01,72.75,58.3,32.25,1.0,17-3022.00,1.0,17-3022,False,False,1.0,17-3022,False,False,False
17-3023,Electrical and Electronic Engineering Technologists and Technicians,17,Architecture & Engineering,0.1886792452830188,0.4056603773584905,0.6226415094339622,0.0943396226415094,0.330188679245283,0.5660377358490566,0.3515252,0.84,63.2,59.88,61.18,67.75,60.15,56.77,57.75,67.74,6.57,1.0,17-3023.00,1.0,17-3023,False,False,1.0,17-3023,False,False,False
17-3024,Electro-Mechanical and Mechatronics Technologists and Technicians,17,Architecture & Engineering,0.2564184852374839,0.3873555840821566,0.5182926829268293,0.048780487804878,0.2211168164313221,0.3934531450577663,-0.3040507,0.81,60.32,45.45,46.32,63.28,57.02,41.98,41.88,63.3,16.96,2.0,17-3024.00;17-3024.01,1.0,17-3024,False,False,1.0,17-3024,False,False,True
17-3025,Environmental Engineering Technologists and Technicians,17,Architecture & Engineering,0.1052631578947368,0.4078947368421052,0.7105263157894737,0.2368421052631578,0.4342105263157894,0.631578947368421,0.0438054,0.25,63.49,73.59,54.83,32.47,60.4,72.93,50.38,32.33,31.02,1.0,17-3025.00,1.0,17-3025,False,False,1.0,17-3025,False,False,False
17-3026,Industrial Engineering Technologists and Technicians,17,Architecture & Engineering,0.1725768321513002,0.41903073286052,0.66548463356974,0.1684397163120567,0.3683510638297872,0.5682624113475176,0.6106679,0.03,65.66,65.22,66.81,15.8,62.53,62.66,63.5,15.81,51.01,2.0,17-3026.00;17-3026.01,1.0,17-3026,False,False,1.0,17-3026,False,False,True
17-3027,Mechanical Engineering Technologists and Technicians,17,Architecture & Engineering,0.1094104308390022,0.3786848072562357,0.6479591836734693,0.1678004535147392,0.3151927437641723,0.4625850340136054,-0.1192367,0.38,59.31,58.01,51.66,37.81,55.89,54.76,46.88,37.63,21.5,2.0,17-3027.00;17-3027.01,1.0,17-3027,False,False,1.0,17-3027,False,False,True
17-3028,Calibration Technologists and Technicians,17,Architecture & Engineering,0.2,0.4,0.6,0.0666666666666666,0.2666666666666666,0.4666666666666667,0.1941278,0.24,62.55,51.8,58.95,31.53,59.27,48.5,54.81,31.4,31.02,1.0,17-3028.00,1.0,17-3029,True,False,1.0,17-3029,True,False,True
17-3029,"Engineering Technologists and Technicians, Except Drafters, All Other",17,Architecture & Engineering,0.0555555555555555,0.2687739463601531,0.4819923371647509,0.0444444444444444,0.2601532567049808,0.4758620689655172,0.1941278,0.24,46.03,51.08,58.95,31.53,42.73,47.74,54.81,31.4,27.42,2.0,17-3029.01;17-3029.08,1.0,17-3029,True,False,1.0,17-3029,True,False,True
17-3031,Surveying and Mapping Technicians,17,Architecture & Engineering,0.0851063829787234,0.5,0.9148936170212766,0.1063829787234042,0.5106382978723404,0.9148936170212766,0.0852324,0.96,78.07,84.27,56.13,90.4,77.51,83.21,51.88,90.34,34.27,1.0,17-3031.00,1.0,17-3031,False,False,1.0,17-3031,False,False,False
19-1011,Animal Scientists,19,"Life, Physical & Social Sci.",0.125,0.53125,0.9375,0.75,0.84375,0.9375,1.041358,0.061,83.55,99.93,79.8,21.21,83.83,99.94,76.88,21.17,62.34,1.0,19-1011.00,1.0,19-1011,False,False,1.0,19-1011,False,False,False
19-1012,Food Scientists and Technologists,19,"Life, Physical & Social Sci.",0.0,0.3461538461538461,0.6923076923076923,0.2307692307692307,0.5,0.7692307692307693,0.7943575,0.077,55.99,82.76,71.28,22.8,52.07,81.89,69.12,22.75,48.48,1.0,19-1012.00,1.0,19-1012,False,False,1.0,19-1012,False,False,False
19-1013,Soil and Plant Scientists,19,"Life, Physical & Social Sci.",0.0,0.4891304347826087,0.9782608695652174,0.4347826086956521,0.6304347826086957,0.8260869565217391,0.6320696,0.021,75.61,95.38,67.24,12.77,75.06,95.36,63.88,12.66,62.84,1.0,19-1013.00,1.0,19-1013,False,False,1.0,19-1013,False,False,False
19-1021,Biochemists and Biophysicists,19,"Life, Physical & Social Sci.",0.1363636363636363,0.4545454545454546,0.7727272727272727,0.2045454545454545,0.4431818181818182,0.6818181818181819,0.9060509,0.027,70.56,74.17,74.6,14.36,68.17,73.81,72.0,14.23,60.25,1.0,19-1021.00,1.0,19-1021,False,False,1.0,19-1021,False,False,False
19-1022,Microbiologists,19,"Life, Physical & Social Sci.",0.0833333333333333,0.3958333333333333,0.7083333333333333,0.0833333333333333,0.3125,0.5416666666666666,0.6955647,0.012,61.98,57.58,68.25,7.72,58.71,54.26,64.88,7.65,60.53,1.0,19-1022.00,1.0,19-1022,False,False,1.0,19-1022,False,False,False
19-1023,Zoologists and Wildlife Biologists,19,"Life, Physical & Social Sci.",0.0952380952380952,0.4523809523809523,0.8095238095238095,0.2857142857142857,0.5238095238095237,0.7619047619047619,0.3175953,0.3,70.13,86.44,60.89,34.7,67.79,85.59,57.5,34.55,35.43,1.0,19-1023.00,1.0,19-1023,False,False,1.0,19-1023,False,False,False
19-1029,"Biological Scientists, All Other",19,"Life, Physical & Social Sci.",0.2525397025205173,0.5492120286984489,0.8458843548763805,0.2140532565318191,0.4608940157303575,0.7077347749288959,1.010193,0.015,86.0,77.06,77.78,9.74,86.59,76.69,75.0,9.66,76.26,4.0,19-1029.01;19-1029.02;19-1029.03;19-1029.04,1.0,19-1029,False,False,1.0,19-1029,False,False,True
19-1031,Conservation Scientists,19,"Life, Physical & Social Sci.",0.0606060606060606,0.4394408823058358,0.818275704005611,0.2060683378343301,0.4796405829757388,0.7532128281171474,0.0690313,0.016,68.83,79.94,55.7,10.61,66.29,79.32,51.12,10.52,58.23,3.0,19-1031.00;19-1031.02;19-1031.03,1.0,19-1031,False,False,1.0,19-1031,False,False,True
19-1032,Foresters,19,"Life, Physical & Social Sci.",0.0,0.3676470588235294,0.7352941176470588,0.1764705882352941,0.3676470588235294,0.5588235294117647,-0.184381,0.0081,58.44,65.08,49.78,6.13,54.76,62.53,45.25,6.08,52.31,1.0,19-1032.00,1.0,19-1032,False,False,1.0,19-1032,False,False,False
19-1041,Epidemiologists,19,"Life, Physical & Social Sci.",0.0,0.4423076923076923,0.8846153846153847,0.3461538461538461,0.5576923076923077,0.7692307692307693,1.436287,0.2,69.12,89.9,97.69,29.87,66.67,89.1,97.75,29.76,67.82,1.0,19-1041.00,1.0,19-1041,False,False,1.0,19-1041,False,False,False
19-1042,"Medical Scientists, Except Epidemiologists",19,"Life, Physical & Social Sci.",0.1818181818181818,0.5227272727272727,0.8636363636363636,0.3636363636363636,0.5681818181818182,0.7727272727272727,1.279928,0.0045,81.39,90.76,88.02,2.89,81.58,90.1,85.88,2.86,85.14,1.0,19-1042.00,1.0,19-1042,False,False,1.0,19-1042,False,False,False
19-2011,Astronomers,19,"Life, Physical & Social Sci.",0.0625,0.4375,0.8125,0.25,0.421875,0.59375,1.373737,0.041,68.11,71.86,94.66,18.54,65.54,70.8,94.75,18.53,76.12,1.0,19-2011.00,1.0,19-2011,False,False,1.0,19-2011,False,False,False
19-2012,Physicists,19,"Life, Physical & Social Sci.",0.5454545454545454,0.75,0.9545454545454546,0.5,0.6363636363636364,0.7727272727272727,1.345736,0.1,96.54,95.82,93.22,25.25,96.8,96.12,92.25,25.18,71.28,1.0,19-2012.00,1.0,19-2012,False,False,1.0,19-2012,False,False,False
19-2021,Atmospheric and Space Scientists,19,"Life, Physical & Social Sci.",0.1739130434782608,0.5652173913043478,0.9565217391304348,0.3478260869565217,0.6086956521739131,0.8695652173913043,1.373917,0.67,88.02,94.08,94.81,52.74,88.47,94.11,94.88,52.72,42.06,1.0,19-2021.00,1.0,19-2021,False,False,1.0,19-2021,False,False,False
19-2031,Chemists,19,"Life, Physical & Social Sci.",0.08,0.38,0.68,0.28,0.4,0.52,0.5011251,0.1,59.67,69.05,64.65,25.25,56.2,67.54,61.25,25.18,39.39,1.0,19-2031.00,1.0,19-2031,False,False,1.0,19-2031,False,False,False
19-2032,Materials Scientists,19,"Life, Physical & Social Sci.",0.1379310344827586,0.4827586206896551,0.8275862068965517,0.4482758620689655,0.5172413793103449,0.5862068965517241,1.032757,0.021,74.31,84.92,79.08,12.77,73.18,84.15,76.25,12.66,66.31,1.0,19-2032.00,1.0,19-2032,False,False,1.0,19-2032,False,False,False
19-2041,"Environmental Scientists and Specialists, Including Health",19,"Life, Physical & Social Sci.",0.0623666717738988,0.5217162952137376,0.9810659186535764,0.4647519947670512,0.7103039146935072,0.9558558346199628,1.014113,0.033,81.1,98.56,78.07,16.38,81.2,98.75,75.25,16.38,64.72,4.0,19-2041.00;19-2041.01;19-2041.02;19-2041.03,1.0,19-2041,False,False,1.0,19-2041,False,False,True
19-2042,"Geoscientists, Except Hydrologists and Geographers",19,"Life, Physical & Social Sci.",0.1111111111111111,0.4666666666666667,0.8222222222222223,0.2888888888888889,0.4777777777777778,0.6666666666666667,0.7143481,0.63,72.15,79.8,69.26,49.57,69.8,79.2,66.75,49.57,22.58,1.0,19-2042.00,1.0,19-2042,False,False,1.0,19-2042,False,False,False
19-2043,Hydrologists,19,"Life, Physical & Social Sci.",0.125,0.5,0.875,0.2916666666666666,0.53125,0.7708333333333333,0.6405071,0.014,78.07,87.66,67.53,8.73,77.51,86.65,64.12,8.66,69.34,1.0,19-2043.00,1.0,19-2043,False,False,1.0,19-2043,False,False,False
19-2099,"Physical Scientists, All Other",19,"Life, Physical & Social Sci.",0.0,0.4565217391304347,0.9130434782608696,0.1521739130434782,0.4456521739130434,0.7391304347826086,1.140157,0.43,71.07,74.46,82.68,40.26,68.67,74.31,80.0,40.06,42.42,1.0,19-2099.01,1.0,19-2099,False,False,1.0,19-2099,False,False,False
19-3011,Economists,19,"Life, Physical & Social Sci.",0.1052631578947368,0.5526315789473684,1.0,0.4429824561403508,0.6173245614035088,0.7916666666666666,1.403764,0.43,86.65,94.66,96.39,40.26,87.16,94.74,96.5,40.06,56.13,2.0,19-3011.00;19-3011.01,1.0,19-3011,False,False,1.0,19-3011,False,False,True
19-3022,Survey Researchers,19,"Life, Physical & Social Sci.",0.25,0.625,1.0,0.75,0.84375,0.9375,1.42653,0.23,92.21,99.93,97.11,30.95,92.23,99.94,97.25,30.83,66.16,1.0,19-3022.00,1.0,19-3022,False,False,1.0,19-3022,False,False,False
19-3032,Industrial-Organizational Psychologists,19,"Life, Physical & Social Sci.",0.0888888888888888,0.4888888888888889,0.888888888888889,0.3555555555555555,0.5888888888888889,0.8222222222222223,1.402475,0.012,75.47,92.35,96.25,7.72,74.87,92.17,96.38,7.65,88.53,1.0,19-3032.00,1.0,19-3032,False,False,1.0,19-3032,False,False,False
19-3033,Clinical and Counseling Psychologists,19,"Life, Physical & Social Sci.",0.0925925925925925,0.3703703703703703,0.6481481481481481,0.3333333333333333,0.5092592592592592,0.6851851851851851,1.456361,0.0047,58.8,84.13,98.48,3.39,55.08,83.08,98.56,3.36,95.09,1.0,19-3033.00,1.0,19-3031,True,False,1.0,19-3031,True,False,True
19-3034,School Psychologists,19,"Life, Physical & Social Sci.",0.0,0.3918918918918919,0.7837837837837838,0.3243243243243243,0.5810810810810811,0.8378378378378379,1.456361,0.0047,61.18,91.92,98.48,3.39,57.89,91.35,98.56,3.36,95.09,1.0,19-3034.00,1.0,19-3031,True,False,1.0,19-3031,True,False,True
19-3039,"Psychologists, All Other",19,"Life, Physical & Social Sci.",0.0634920634920634,0.4543650793650793,0.8452380952380951,0.2182539682539682,0.2817460317460317,0.3452380952380952,1.389854,0.0043,70.27,53.82,95.67,2.31,67.92,50.38,95.75,2.29,93.36,2.0,19-3039.02;19-3039.03,1.0,19-3039,False,False,1.0,19-3039,False,False,True
19-3041,Sociologists,19,"Life, Physical & Social Sci.",0.1538461538461538,0.5384615384615385,0.9230769230769232,0.3846153846153846,0.6153846153846154,0.8461538461538463,1.411125,0.059,85.14,94.52,96.68,20.92,85.46,94.49,96.75,20.89,75.76,1.0,19-3041.00,1.0,19-3041,False,False,1.0,19-3041,False,False,False
19-3051,Urban and Regional Planners,19,"Life, Physical & Social Sci.",0.0,0.4772727272727273,0.9545454545454546,0.2727272727272727,0.5795454545454546,0.8863636363636364,1.227516,0.13,73.45,91.77,86.0,26.62,71.87,91.23,83.5,26.54,59.38,1.0,19-3051.00,1.0,19-3051,False,False,1.0,19-3051,False,False,False
19-3091,Anthropologists and Archeologists,19,"Life, Physical & Social Sci.",0.0517241379310344,0.4396551724137931,0.8275862068965517,0.293103448275862,0.5172413793103449,0.7413793103448276,0.6965665,0.0077,68.98,84.92,68.4,5.7,66.42,84.15,65.0,5.65,63.28,1.0,19-3091.00,1.0,19-3091,False,False,1.0,19-3091,False,False,False
19-3092,Geographers,19,"Life, Physical & Social Sci.",0.1666666666666666,0.4999999999999999,0.8333333333333333,0.0833333333333333,0.375,0.6666666666666666,1.436298,0.25,76.48,66.45,97.84,32.47,75.81,64.66,97.88,32.33,65.37,1.0,19-3092.00,1.0,19-3092,False,False,1.0,19-3092,False,False,False
19-3093,Historians,19,"Life, Physical & Social Sci.",0.1052631578947368,0.4736842105263157,0.8421052631578947,0.3157894736842105,0.5,0.6842105263157894,1.098921,0.44,73.02,82.76,81.1,40.69,70.8,81.89,78.38,40.49,40.4,1.0,19-3093.00,1.0,19-3093,False,False,1.0,19-3093,False,False,False
19-3094,Political Scientists,19,"Life, Physical & Social Sci.",0.0416666666666666,0.4791666666666666,0.9166666666666666,0.25,0.5416666666666666,0.8333333333333333,1.418863,0.039,73.59,88.89,96.83,17.97,72.31,87.97,97.0,17.95,78.86,1.0,19-3094.00,1.0,19-3094,False,False,1.0,19-3094,False,False,False
19-3099,"Social Scientists and Related Workers, All Other",19,"Life, Physical & Social Sci.",0.0930232558139534,0.5232558139534884,0.9534883720930232,0.3720930232558139,0.6627906976744186,0.9534883720930232,1.328048,0.04,81.53,96.83,91.63,18.25,81.7,97.12,90.25,18.24,73.38,1.0,19-3099.01,1.0,19-3099,False,False,1.0,19-3099,False,False,False
19-4012,Agricultural Technicians,19,"Life, Physical & Social Sci.",0.1426767676767676,0.4097222222222222,0.6767676767676768,0.1691919191919192,0.3333333333333333,0.4974747474747474,0.095719,0.97,63.92,60.46,56.64,93.43,60.78,57.27,52.31,93.35,36.8,2.0,19-4012.00;19-4012.01,1.0,19-4011,True,False,1.0,19-4011,True,False,True
19-4013,Food Science Technicians,19,"Life, Physical & Social Sci.",0.2857142857142857,0.3571428571428571,0.4285714285714285,0.1071428571428571,0.2857142857142857,0.4642857142857142,0.095719,0.97,57.22,54.91,56.64,93.43,53.2,51.32,52.31,93.35,36.8,1.0,19-4013.00,1.0,19-4011,True,False,1.0,19-4011,True,False,True
19-4021,Biological Technicians,19,"Life, Physical & Social Sci.",0.2,0.4166666666666666,0.6333333333333333,0.0666666666666666,0.2666666666666666,0.4666666666666667,0.3012355,0.3,65.08,51.8,60.61,34.7,61.9,48.5,57.25,34.55,30.38,1.0,19-4021.00,1.0,19-4021,False,False,1.0,19-4021,False,False,False
19-4031,Chemical Technicians,19,"Life, Physical & Social Sci.",0.1428571428571428,0.3928571428571428,0.6428571428571428,0.2857142857142857,0.3928571428571428,0.5,0.0628057,0.57,61.47,67.97,55.41,45.82,58.21,66.29,50.88,45.71,15.66,1.0,19-4031.00,1.0,19-4031,False,False,1.0,19-4031,False,False,False
19-4042,"Environmental Science and Protection Technicians, Including Health",19,"Life, Physical & Social Sci.",0.2444444444444444,0.4555555555555556,0.6666666666666667,0.2444444444444444,0.4222222222222222,0.6,0.0169452,0.77,70.85,72.15,54.11,59.81,68.42,71.05,49.62,59.87,16.74,1.0,19-4042.00,1.0,19-4091,False,False,1.0,19-4091,False,False,False
19-4043,"Geological Technicians, Except Hydrologic Technicians",19,"Life, Physical & Social Sci.",0.048780487804878,0.3902439024390244,0.7317073170731707,0.073170731707317,0.3048780487804878,0.5365853658536586,0.0832659,0.91,60.61,56.13,55.99,78.79,57.33,52.88,51.75,78.68,22.8,1.0,19-4043.00,1.0,19-4041,True,False,1.0,19-4041,True,False,True
19-4044,Hydrologic Technicians,19,"Life, Physical & Social Sci.",0.1875,0.5,0.8125,0.25,0.53125,0.8125,0.26668515,0.76,78.07,87.66,59.88,59.02,77.51,86.65,56.38,59.08,19.05,1.0,19-4044.00,2.0,19-4041;19-4099,True,True,2.0,19-4041;19-4099,True,True,True
19-4051,Nuclear Technicians,19,"Life, Physical & Social Sci.",0.1114718614718614,0.185064935064935,0.2586580086580086,0.1114718614718614,0.284090909090909,0.4567099567099566,0.1696743,0.85,35.93,54.69,58.59,68.98,33.08,51.13,54.37,68.96,33.04,2.0,19-4051.00;19-4051.02,1.0,19-4051,False,False,1.0,19-4051,False,False,True
19-4061,Social Science Research Assistants,19,"Life, Physical & Social Sci.",0.4242424242424242,0.6666666666666667,0.9090909090909092,0.3939393939393939,0.6212121212121212,0.8484848484848485,1.204652,0.65,94.37,94.95,85.28,51.08,94.74,94.99,82.62,51.07,43.29,1.0,19-4061.00,1.0,19-4061,False,False,1.0,19-4061,False,False,False
19-4071,Forest and Conservation Technicians,19,"Life, Physical & Social Sci.",0.0769230769230769,0.3269230769230769,0.576923076923077,0.1153846153846153,0.3269230769230769,0.5384615384615385,-0.6672396,0.42,53.82,59.31,34.63,39.9,49.87,56.27,31.37,39.7,19.19,1.0,19-4071.00,1.0,19-4093,False,False,1.0,19-4093,False,False,False
19-4092,Forensic Science Technicians,19,"Life, Physical & Social Sci.",0.064516129032258,0.3870967741935484,0.7096774193548387,0.064516129032258,0.1935483870967742,0.3225806451612903,0.2400518,0.0095,60.17,43.43,59.74,6.78,56.89,39.97,56.12,6.72,53.39,1.0,19-4092.00,1.0,19-4092,False,False,1.0,19-4092,False,False,False
19-4099,"Life, Physical, and Social Science Technicians, All Other",19,"Life, Physical & Social Sci.",0.1547700754975978,0.5348318462594372,0.9148936170212766,0.1921757035003431,0.473232669869595,0.7542896362388469,0.4501044,0.61,84.56,78.64,63.2,48.2,84.84,78.2,59.88,48.21,36.36,2.0,19-4099.01;19-4099.03,1.0,19-4099,True,False,1.0,19-4099,True,False,True
19-5011,Occupational Health and Safety Specialists,19,"Life, Physical & Social Sci.",0.0476190476190476,0.3333333333333333,0.6190476190476191,0.2857142857142857,0.3571428571428571,0.4285714285714285,0.8349371,0.17,54.4,63.78,72.15,28.72,50.56,61.15,69.88,28.61,43.43,1.0,19-5011.00,1.0,29-9011,False,False,1.0,29-9011,False,False,False
19-5012,Occupational Health and Safety Technicians,19,"Life, Physical & Social Sci.",0.125,0.3958333333333333,0.6666666666666666,0.25,0.4166666666666666,0.5833333333333333,0.3996866,0.25,61.98,71.21,62.19,32.47,58.71,70.05,59.0,32.33,29.73,1.0,19-5012.00,1.0,29-9012,False,False,1.0,29-9012,False,False,False
21-1011,Substance Abuse and Behavioral Disorder Counselors,21,Community & Social Service,0.0888888888888888,0.2,0.3111111111111111,0.1777777777777777,0.2888888888888889,0.4,1.030841,0.033,37.81,55.12,78.93,16.38,34.96,51.5,76.0,16.38,62.55,1.0,21-1011.00,1.0,21-1011,False,False,1.0,21-1011,False,False,False
21-1012,"Educational, Guidance, and Career Counselors and Advisors",21,Community & Social Service,0.0526315789473684,0.2894736842105263,0.5263157894736842,0.2456140350877192,0.3245614035087719,0.4035087719298245,0.9739287,0.0085,50.0,59.02,76.62,6.35,46.18,56.02,74.0,6.29,70.27,1.0,21-1012.00,1.0,21-1012,False,False,1.0,21-1012,False,False,False
21-1013,Marriage and Family Therapists,21,Community & Social Service,0.074074074074074,0.1111111111111111,0.1481481481481481,0.1851851851851851,0.2777777777777778,0.3703703703703703,1.367434,0.014,25.83,53.03,94.23,8.73,23.43,49.56,94.25,8.66,85.5,1.0,21-1013.00,1.0,21-1013,False,False,1.0,21-1013,False,False,False
21-1014,Mental Health Counselors,21,Community & Social Service,0.0784313725490196,0.2549019607843137,0.4313725490196078,0.1176470588235294,0.2647058823529412,0.4117647058823529,1.34239,0.0048,44.01,51.52,92.64,3.61,40.73,48.25,91.75,3.58,89.03,1.0,21-1014.00,1.0,21-1014,False,False,1.0,21-1014,False,False,False
21-1015,Rehabilitation Counselors,21,Community & Social Service,0.064516129032258,0.3548387096774194,0.6451612903225806,0.2580645161290322,0.4677419354838709,0.6774193548387096,0.5025014,0.0094,57.0,77.92,64.94,6.64,53.01,77.57,61.5,6.58,58.3,1.0,21-1015.00,1.0,21-1015,False,False,1.0,21-1015,False,False,False
21-1021,"Child, Family, and School Social Workers",21,Community & Social Service,0.0571428571428571,0.2428571428571428,0.4285714285714285,0.1714285714285714,0.3,0.4285714285714285,0.7761707,0.028,42.86,55.92,70.85,14.72,39.47,52.51,68.62,14.59,56.13,1.0,21-1021.00,1.0,21-1021,False,False,1.0,21-1021,False,False,False
21-1022,Healthcare Social Workers,21,Community & Social Service,0.03125,0.34375,0.65625,0.1875,0.421875,0.65625,0.9339648,0.0035,55.84,71.86,75.32,1.01,51.88,70.8,72.88,1.0,74.31,1.0,21-1022.00,1.0,21-1022,False,False,1.0,21-1022,False,False,False
21-1023,Mental Health and Substance Abuse Social Workers,21,Community & Social Service,0.0,0.2708333333333333,0.5416666666666666,0.1666666666666666,0.3541666666666666,0.5416666666666666,1.119216,0.0031,46.83,63.13,81.82,0.58,43.42,60.59,79.12,0.57,81.24,1.0,21-1023.00,1.0,21-1023,False,False,1.0,21-1023,False,False,False
21-1091,Health Education Specialists,21,Community & Social Service,0.2580645161290322,0.532258064516129,0.8064516129032258,0.2580645161290322,0.5,0.7419354838709677,0.691658,0.045,83.91,82.76,68.11,19.12,84.15,81.89,64.75,19.1,64.79,1.0,21-1091.00,1.0,21-1091,False,False,1.0,21-1091,False,False,False
21-1092,Probation Officers and Correctional Treatment Specialists,21,Community & Social Service,0.1578947368421052,0.3947368421052631,0.631578947368421,0.2894736842105263,0.4473684210526315,0.6052631578947368,0.5272448,0.25,61.76,74.96,65.66,32.47,58.52,74.75,62.25,32.33,33.19,1.0,21-1092.00,1.0,21-1092,False,False,1.0,21-1092,False,False,False
21-1093,Social and Human Service Assistants,21,Community & Social Service,0.2142857142857142,0.3928571428571428,0.5714285714285714,0.2857142857142857,0.375,0.4642857142857142,0.4652255,0.13,61.47,66.45,63.64,26.62,58.21,64.66,60.38,26.54,37.01,1.0,21-1093.00,1.0,21-1093,False,False,1.0,21-1093,False,False,False
21-2011,Clergy,21,Community & Social Service,0.1904761904761904,0.3333333333333333,0.4761904761904761,0.1904761904761904,0.238095238095238,0.2857142857142857,1.282559,0.0081,54.4,48.41,88.31,6.13,50.56,45.18,86.25,6.08,82.18,1.0,21-2011.00,1.0,21-2011,False,False,1.0,21-2011,False,False,False
21-2021,"Directors, Religious Activities and Education",21,Community & Social Service,0.1515151515151515,0.4393939393939394,0.7272727272727273,0.303030303030303,0.4545454545454546,0.6060606060606061,1.210922,0.025,68.69,76.41,85.43,14.0,66.17,76.13,82.75,13.88,71.43,1.0,21-2021.00,1.0,21-2021,False,False,1.0,21-2021,False,False,False
23-1011,Lawyers,23,Legal,0.0,0.425,0.8500000000000001,0.15,0.475,0.8,1.328783,0.035,66.59,79.08,91.77,16.81,63.53,78.57,90.38,16.81,74.96,1.0,23-1011.00,1.0,23-1011,False,False,1.0,23-1011,False,False,False
23-1012,Judicial Law Clerks,23,Legal,0.1379310344827586,0.5172413793103449,0.896551724137931,0.0,0.4482758620689655,0.896551724137931,1.462973,0.41,80.52,75.32,98.85,39.39,80.45,75.06,98.88,39.2,59.45,1.0,23-1012.00,1.0,23-1012,False,False,1.0,23-1012,False,False,False
23-1021,"Administrative Law Judges, Adjudicators, and Hearing Officers",23,Legal,0.1538461538461538,0.5,0.8461538461538463,0.0769230769230769,0.3461538461538461,0.6153846153846154,1.374714,0.64,78.07,62.55,94.95,50.29,77.51,59.59,95.0,50.29,44.66,1.0,23-1021.00,1.0,23-1021,False,False,1.0,23-1021,False,False,False
23-1022,"Arbitrators, Mediators, and Conciliators",23,Legal,0.0967741935483871,0.5,0.9032258064516128,0.0967741935483871,0.3709677419354839,0.6451612903225806,1.431593,0.06,78.07,65.95,97.4,21.07,77.51,63.66,97.5,21.03,76.33,1.0,23-1022.00,1.0,23-1022,False,False,1.0,23-1022,False,False,False
23-1023,"Judges, Magistrate Judges, and Magistrates",23,Legal,0.0,0.4166666666666666,0.8333333333333333,0.0555555555555555,0.25,0.4444444444444444,1.496494,0.4,65.08,50.07,99.42,38.89,61.9,46.74,99.38,38.7,60.53,1.0,23-1023.00,1.0,23-1023,False,False,1.0,23-1023,False,False,False
23-2011,Paralegals and Legal Assistants,23,Legal,0.2,0.525,0.8500000000000001,0.05,0.45,0.8500000000000001,1.292055,0.94,82.18,75.54,89.32,85.21,82.27,75.38,87.12,85.12,7.14,1.0,23-2011.00,1.0,23-2011,False,False,1.0,23-2011,False,False,False
23-2093,"Title Examiners, Abstractors, and Searchers",23,Legal,0.2142857142857142,0.5714285714285714,0.9285714285714284,0.25,0.5535714285714285,0.8571428571428571,1.279954,0.99,88.67,89.61,88.17,99.21,89.04,88.85,86.0,99.21,11.04,1.0,23-2093.00,1.0,23-2093,False,False,1.0,23-2093,False,False,False
25-2011,"Preschool Teachers, Except Special Education",25,Education & Library,0.0606060606060606,0.2272727272727273,0.3939393939393939,0.1515151515151515,0.3106060606060606,0.4696969696969697,0.0306372,0.0074,39.97,57.14,54.4,5.34,36.97,53.88,49.88,5.29,49.06,1.0,25-2011.00,1.0,25-2011,False,False,1.0,25-2011,False,False,False
25-2012,"Kindergarten Teachers, Except Special Education",25,Education & Library,0.0547945205479452,0.2328767123287671,0.410958904109589,0.136986301369863,0.2945205479452054,0.4520547945205479,0.3644047,0.15,40.4,55.56,61.47,27.78,37.34,52.13,58.13,27.68,33.69,1.0,25-2012.00,1.0,25-2012,False,False,1.0,25-2012,False,False,False
25-2021,"Elementary School Teachers, Except Special Education",25,Education & Library,0.054054054054054,0.3108108108108108,0.5675675675675675,0.1351351351351351,0.3108108108108108,0.4864864864864865,0.8869491,0.0044,52.38,57.29,74.17,2.6,48.25,54.01,71.62,2.58,71.57,1.0,25-2021.00,1.0,25-2021,False,False,1.0,25-2021,False,False,False
25-2022,"Middle School Teachers, Except Special and Career/Technical Education",25,Education & Library,0.072463768115942,0.3478260869565217,0.6231884057971014,0.2028985507246377,0.3405797101449275,0.4782608695652174,1.286445,0.17,56.13,61.62,89.03,28.72,52.26,58.65,86.88,28.61,60.32,1.0,25-2022.00,1.0,25-2022,False,False,1.0,25-2022,False,False,False
25-2023,"Career/Technical Education Teachers, Middle School",25,Education & Library,0.1935483870967742,0.3225806451612903,0.4516129032258064,0.1612903225806451,0.3387096774193548,0.5161290322580645,0.5199191,0.26,53.39,61.04,65.37,33.19,49.5,58.02,62.0,33.05,32.18,1.0,25-2023.00,1.0,25-2023,False,False,1.0,25-2023,False,False,False
25-2031,"Secondary School Teachers, Except Special and Career/Technical Education",25,Education & Library,0.0317460317460317,0.3333333333333333,0.6349206349206349,0.1587301587301587,0.3412698412698413,0.5238095238095237,1.191325,0.0078,54.4,61.9,84.85,5.92,50.56,58.9,82.12,5.87,78.93,1.0,25-2031.00,1.0,25-2031,False,False,1.0,25-2031,False,False,False
25-2032,"Career/Technical Education Teachers, Secondary School",25,Education & Library,0.1515151515151515,0.3333333333333333,0.5151515151515151,0.1212121212121212,0.3333333333333333,0.5454545454545454,0.3734505,0.0088,54.4,60.46,61.62,6.49,50.56,57.27,58.38,6.44,55.12,1.0,25-2032.00,1.0,25-2032,False,False,1.0,25-2032,False,False,False
25-2057,"Special Education Teachers, Middle School",25,Education & Library,0.0779220779220779,0.3051948051948052,0.5324675324675325,0.1298701298701298,0.3051948051948052,0.4805194805194805,1.296072,0.016,51.95,56.28,90.04,10.61,47.87,53.01,87.75,10.52,79.44,1.0,25-2057.00,1.0,25-2053,False,False,1.0,25-2053,False,False,False
25-2058,"Special Education Teachers, Secondary School",25,Education & Library,0.1025641025641025,0.3012820512820512,0.5,0.1538461538461538,0.2948717948717949,0.4358974358974359,0.9587653,0.0077,51.37,55.7,75.9,5.7,47.37,52.26,73.38,5.65,70.2,1.0,25-2058.00,1.0,25-2054,False,False,1.0,25-2054,False,False,False
25-3011,"Adult Basic Education, Adult Secondary Education, and English as a Second Language Instructors",25,Education & Library,0.1764705882352941,0.4044117647058823,0.6323529411764706,0.2205882352941176,0.4264705882352941,0.6323529411764706,1.348951,0.19,62.91,72.37,93.51,29.73,59.77,71.62,92.88,29.61,63.78,1.0,25-3011.00,1.0,25-3011,False,False,1.0,25-3011,False,False,False
25-3021,Self-Enrichment Teachers,25,Education & Library,0.16,0.36,0.56,0.2,0.38,0.56,0.526352,0.13,57.58,66.81,65.51,26.62,53.51,65.04,62.12,26.54,38.89,1.0,25-3021.00,1.0,25-3021,False,False,1.0,25-3021,False,False,False
25-4011,Archivists,25,Education & Library,0.0769230769230769,0.5,0.9230769230769232,0.2307692307692307,0.5,0.7692307692307693,0.6765602,0.76,78.07,82.76,67.97,59.02,77.51,81.89,64.62,59.08,19.05,1.0,25-4011.00,1.0,25-4011,False,False,1.0,25-4011,False,False,False
25-4012,Curators,25,Education & Library,0.1481481481481481,0.5,0.8518518518518519,0.2592592592592592,0.5185185185185185,0.7777777777777777,0.7366658,0.0068,78.07,85.28,69.7,4.91,77.51,84.46,67.38,4.86,73.16,1.0,25-4012.00,1.0,25-4012,False,False,1.0,25-4012,False,False,False
25-4013,Museum Technicians and Conservators,25,Education & Library,0.0526315789473684,0.2368421052631578,0.4210526315789473,0.1052631578947368,0.2368421052631578,0.3684210526315789,-0.0912107,0.59,41.13,48.2,51.95,46.75,37.97,44.99,47.12,46.71,10.82,1.0,25-4013.00,1.0,25-4013,False,False,1.0,25-4013,False,False,False
25-4022,Librarians and Media Collections Specialists,25,Education & Library,0.1578947368421052,0.5350877192982456,0.912280701754386,0.2631578947368421,0.5,0.7368421052631579,0.7439546,0.52,84.7,82.76,70.13,43.43,84.96,81.89,67.75,43.2,41.27,1.0,25-4022.00,2.0,25-4021;25-9011,False,True,2.0,25-4021;25-9011,False,True,True
25-4031,Library Technicians,25,Education & Library,0.3846153846153846,0.5673076923076923,0.75,0.2692307692307693,0.5288461538461539,0.7884615384615385,0.037965,0.99,88.17,87.16,54.69,99.21,88.6,86.22,50.25,99.21,44.52,1.0,25-4031.00,1.0,25-4031,False,False,1.0,25-4031,False,False,False
25-9021,Farm and Home Management Educators,25,Education & Library,0.074074074074074,0.3703703703703703,0.6666666666666666,0.3703703703703703,0.537037037037037,0.7037037037037037,0.8604031,0.0075,58.8,88.24,73.59,5.48,55.08,87.28,71.12,5.44,68.11,1.0,25-9021.00,1.0,25-9021,False,False,1.0,25-9021,False,False,False
25-9031,Instructional Coordinators,25,Education & Library,0.175,0.4875,0.8,0.275,0.525,0.775,1.301855,0.0042,75.04,86.58,90.62,2.16,74.06,85.71,88.25,2.15,88.46,1.0,25-9031.00,1.0,25-9031,False,False,1.0,25-9031,False,False,False
25-9042,"Teaching Assistants, Preschool, Elementary, Middle, and Secondary School, Except Special Education",25,Education & Library,0.2666666666666666,0.3666666666666666,0.4666666666666667,0.1666666666666666,0.2833333333333333,0.4,0.4516636,0.56,58.01,54.55,63.42,45.24,54.39,51.0,60.12,45.06,18.18,1.0,25-9042.00,1.0,25-9041,True,False,1.0,25-9041,True,False,True
25-9043,"Teaching Assistants, Special Education",25,Education & Library,0.1666666666666666,0.2666666666666666,0.3666666666666666,0.1333333333333333,0.25,0.3666666666666666,0.4516636,0.56,45.67,50.07,63.42,45.24,42.42,46.74,60.12,45.06,18.18,1.0,25-9043.00,1.0,25-9041,True,False,1.0,25-9041,True,False,True
27-1011,Art Directors,27,"Arts, Design & Media",0.0689655172413793,0.5,0.9310344827586208,0.0689655172413793,0.4310344827586206,0.7931034482758621,1.02251,0.023,78.07,73.23,78.5,13.64,77.51,72.49,75.62,13.52,64.86,1.0,27-1011.00,1.0,27-1011,False,False,1.0,27-1011,False,False,False
27-1012,Craft Artists,27,"Arts, Design & Media",0.0,0.2586206896551724,0.5172413793103449,0.0689655172413793,0.2241379310344827,0.3793103448275862,-0.9295284,0.035,44.3,45.6,23.38,16.81,40.98,42.36,21.38,16.81,27.49,1.0,27-1012.00,1.0,27-1012,False,False,1.0,27-1012,False,False,False
27-1013,"Fine Artists, Including Painters, Sculptors, and Illustrators",27,"Arts, Design & Media",0.0,0.425,0.8500000000000001,0.05,0.3125,0.5750000000000001,-0.5690498,0.042,66.59,57.58,38.24,18.76,63.53,54.26,34.62,18.74,47.84,1.0,27-1013.00,1.0,27-1013,False,False,1.0,27-1013,False,False,False
27-1014,Special Effects Artists and Animators,27,"Arts, Design & Media",0.05,0.525,1.0,0.05,0.475,0.9,0.7058651,0.015,82.18,79.08,68.83,9.74,82.27,78.57,65.38,9.66,72.44,1.0,27-1014.00,1.0,27-1014,False,False,1.0,27-1014,False,False,False
27-1021,Commercial and Industrial Designers,27,"Arts, Design & Media",0.0,0.4655172413793103,0.9310344827586208,0.0689655172413793,0.4137931034482758,0.7586206896551724,0.867039,0.037,71.86,71.0,73.88,17.32,69.55,69.67,71.38,17.31,56.57,1.0,27-1021.00,1.0,27-1021,False,False,1.0,27-1021,False,False,False
27-1022,Fashion Designers,27,"Arts, Design & Media",0.0,0.390625,0.78125,0.125,0.375,0.625,0.5801539,0.021,60.75,66.45,66.23,12.77,57.52,64.66,62.88,12.66,53.46,1.0,27-1022.00,1.0,27-1022,False,False,1.0,27-1022,False,False,False
27-1023,Floral Designers,27,"Arts, Design & Media",0.0666666666666666,0.1999999999999999,0.3333333333333333,0.1,0.2666666666666666,0.4333333333333333,-0.2718452,0.047,37.59,51.8,46.9,19.48,34.59,48.5,42.62,19.46,27.42,1.0,27-1023.00,1.0,27-1023,False,False,1.0,27-1023,False,False,False
27-1024,Graphic Designers,27,"Arts, Design & Media",0.0,0.5,1.0,0.0,0.4107142857142857,0.8214285714285714,0.7156958,0.082,78.07,70.63,69.41,23.23,77.51,69.36,66.88,23.18,54.83,1.0,27-1024.00,1.0,27-1024,False,False,1.0,27-1024,False,False,False
27-1025,Interior Designers,27,"Arts, Design & Media",0.0,0.5,1.0,0.1379310344827586,0.3620689655172414,0.5862068965517241,1.12168,0.022,78.07,64.43,81.96,13.35,77.51,61.72,79.25,13.23,68.61,1.0,27-1025.00,1.0,27-1025,False,False,1.0,27-1025,False,False,False
27-1026,Merchandise Displayers and Window Trimmers,27,"Arts, Design & Media",0.0,0.3048780487804878,0.6097560975609756,0.0975609756097561,0.2682926829268293,0.4390243902439024,-1.001413,0.48,51.8,52.09,19.91,41.77,47.74,48.75,18.12,41.56,31.89,1.0,27-1026.00,1.0,27-1026,False,False,1.0,27-1026,False,False,False
27-1027,Set and Exhibit Designers,27,"Arts, Design & Media",0.0,0.3913043478260869,0.7826086956521738,0.1521739130434782,0.358695652173913,0.5652173913043478,-0.0519323,0.0055,60.97,64.07,52.81,3.97,57.71,61.4,48.0,3.93,57.0,1.0,27-1027.00,1.0,27-1027,False,False,1.0,27-1027,False,False,False
27-2011,Actors,27,"Arts, Design & Media",0.15625,0.1875,0.21875,0.125,0.15625,0.1875,0.1590935,0.37,36.29,38.53,58.3,37.09,33.4,35.71,53.87,36.91,22.01,1.0,27-2011.00,1.0,27-2011,False,False,1.0,27-2011,False,False,False
27-2012,Producers and Directors,27,"Arts, Design & Media",0.0938352427714129,0.4695853791598472,0.8453355155482816,0.2176759410801964,0.4369885433715221,0.6563011456628478,0.9388108,0.022,72.73,73.74,75.47,13.35,70.43,73.06,73.0,13.23,62.12,4.0,27-2012.00;27-2012.03;27-2012.04;27-2012.05,1.0,27-2012,False,False,1.0,27-2012,False,False,True
27-2021,Athletes and Sports Competitors,27,"Arts, Design & Media",0.0,0.0,0.0,0.0,0.0,0.0,-1.814336,0.28,3.32,4.04,1.73,33.91,3.01,3.57,1.5,33.76,32.18,1.0,27-2021.00,1.0,27-2021,False,False,1.0,27-2021,False,False,False
27-2022,Coaches and Scouts,27,"Arts, Design & Media",0.0666666666666666,0.3,0.5333333333333333,0.0444444444444444,0.1444444444444444,0.2444444444444444,0.1168668,0.013,50.87,36.36,57.43,8.15,46.93,33.83,53.0,8.08,49.28,1.0,27-2022.00,1.0,27-2022,False,False,1.0,27-2022,False,False,False
27-2023,"Umpires, Referees, and Other Sports Officials",27,"Arts, Design & Media",0.2499999999999999,0.3125,0.375,0.125,0.1666666666666666,0.2083333333333333,-0.0325617,0.98,52.53,40.04,53.1,96.83,48.37,37.03,48.75,96.78,44.3,1.0,27-2023.00,1.0,27-2023,False,False,1.0,27-2023,False,False,False
27-2031,Dancers,27,"Arts, Design & Media",0.0,0.0208333333333333,0.0416666666666666,0.0,0.0416666666666666,0.0833333333333333,-2.669758,0.13,7.65,15.73,0.14,26.62,6.89,13.91,0.12,26.54,26.48,1.0,27-2031.00,1.0,27-2031,False,False,1.0,27-2031,False,False,False
27-2032,Choreographers,27,"Arts, Design & Media",0.0571428571428571,0.2714285714285714,0.4857142857142857,0.1428571428571428,0.1714285714285714,0.2,-1.575769,0.004,47.04,40.91,5.19,1.88,43.61,37.78,4.75,1.86,45.17,1.0,27-2032.00,1.0,27-2032,False,False,1.0,27-2032,False,False,False
27-2041,Music Directors and Composers,27,"Arts, Design & Media",0.5263157894736842,0.7105263157894737,0.894736842105263,0.175438596491228,0.2807017543859649,0.3859649122807017,0.8829641,0.015,95.53,53.68,74.03,9.74,95.86,50.19,71.5,9.66,85.79,1.0,27-2041.00,1.0,27-2041,False,False,1.0,27-2041,False,False,False
27-2042,Musicians and Singers,27,"Arts, Design & Media",0.2448979591836734,0.4081632653061224,0.5714285714285714,0.1020408163265306,0.1326530612244897,0.1632653061224489,-0.0040058,0.074,63.64,33.98,53.68,22.22,60.53,31.64,49.25,22.17,41.41,1.0,27-2042.00,1.0,27-2042,False,False,1.0,27-2042,False,False,False
27-3011,Broadcast Announcers and Radio Disc Jockeys,27,"Arts, Design & Media",0.4,0.65,0.9,0.475,0.5375,0.6000000000000001,0.8493547,0.1,93.65,88.46,73.3,25.25,93.98,87.47,70.88,25.18,68.4,1.0,27-3011.00,1.0,27-3011,False,False,1.0,27-3011,False,False,False
27-3023,"News Analysts, Reporters, and Journalists",27,"Arts, Design & Media",0.3,0.65,1.0,0.4333333333333333,0.6333333333333333,0.8333333333333334,1.175098,0.0885,93.65,95.6,84.56,24.1,93.98,95.74,81.88,24.03,69.55,1.0,27-3023.00,2.0,27-3021;27-3022,False,True,2.0,27-3021;27-3022,False,True,True
27-3031,Public Relations Specialists,27,"Arts, Design & Media",0.2424242424242424,0.5909090909090909,0.9393939393939394,0.6363636363636364,0.7878787878787878,0.9393939393939394,1.284927,0.18,90.48,99.42,88.89,29.37,90.6,99.5,86.75,29.26,61.11,1.0,27-3031.00,1.0,27-3031,False,False,1.0,27-3031,False,False,False
27-3041,Editors,27,"Arts, Design & Media",0.3529411764705882,0.6470588235294118,0.9411764705882352,0.5294117647058824,0.6470588235294118,0.7647058823529411,1.128221,0.055,93.22,96.25,82.25,20.42,93.61,96.49,79.62,20.39,72.8,1.0,27-3041.00,1.0,27-3041,False,False,1.0,27-3041,False,False,False
27-3042,Technical Writers,27,"Arts, Design & Media",0.4666666666666667,0.7,0.9333333333333332,0.3333333333333333,0.6333333333333333,0.9333333333333332,1.184001,0.89,95.31,95.6,84.7,74.89,95.68,95.74,82.0,74.82,20.42,1.0,27-3042.00,1.0,27-3042,False,False,1.0,27-3042,False,False,False
27-3043,Writers and Authors,27,"Arts, Design & Media",0.8098290598290598,0.8771367521367521,0.9444444444444444,0.641025641025641,0.7742165242165242,0.9074074074074074,0.9879274,0.038,98.27,99.28,77.2,17.68,98.37,99.37,74.5,17.67,80.59,2.0,27-3043.00;27-3043.05,1.0,27-3043,False,False,1.0,27-3043,False,False,True
27-3091,Interpreters and Translators,27,"Arts, Design & Media",0.88,0.88,0.88,0.8,0.84,0.88,1.111319,0.38,98.56,99.71,81.53,37.81,98.62,99.75,78.75,37.63,60.75,1.0,27-3091.00,1.0,27-3091,False,False,1.0,27-3091,False,False,False
27-3092,Court Reporters and Simultaneous Captioners,27,"Arts, Design & Media",0.9166666666666666,0.9583333333333331,1.0,0.125,0.5208333333333333,0.9166666666666666,0.835246,0.5,99.57,86.15,72.29,42.86,99.62,85.21,70.0,42.63,56.71,1.0,27-3092.00,1.0,23-2091,False,False,1.0,23-2091,False,False,False
27-4011,Audio and Video Technicians,27,"Arts, Design & Media",0.125,0.4375,0.75,0.125,0.3,0.475,-0.0117747,0.55,68.11,55.92,53.54,44.81,65.54,52.51,49.12,44.56,23.3,1.0,27-4011.00,1.0,27-4011,False,False,1.0,27-4011,False,False,False
27-4012,Broadcast Technicians,27,"Arts, Design & Media",0.2857142857142857,0.5238095238095237,0.7619047619047619,0.0952380952380952,0.2142857142857142,0.3333333333333333,0.1222249,0.74,81.75,45.02,57.58,57.5,81.89,41.6,53.12,57.58,24.24,1.0,27-4012.00,1.0,27-4012,False,False,1.0,27-4012,False,False,False
27-4014,Sound Engineering Technicians,27,"Arts, Design & Media",0.074074074074074,0.4259259259259259,0.7777777777777777,0.0,0.2777777777777778,0.5555555555555556,0.4715462,0.13,66.88,53.03,63.92,26.62,63.85,49.56,60.62,26.54,40.26,1.0,27-4014.00,1.0,27-4014,False,False,1.0,27-4014,False,False,False
27-4021,Photographers,27,"Arts, Design & Media",0.0416666666666666,0.3854166666666666,0.7291666666666666,0.0208333333333333,0.21875,0.4166666666666666,-0.1680973,0.021,60.03,45.31,50.51,12.77,56.77,41.85,45.88,12.66,47.26,1.0,27-4021.00,1.0,27-4021,False,False,1.0,27-4021,False,False,False
27-4031,"Camera Operators, Television, Video, and Film",27,"Arts, Design & Media",0.0606060606060606,0.4242424242424242,0.7878787878787878,0.0303030303030303,0.1818181818181818,0.3333333333333333,-0.4470009,0.6,66.38,42.21,43.0,47.33,63.28,38.91,39.0,47.35,23.38,1.0,27-4031.00,1.0,27-4031,False,False,1.0,27-4031,False,False,False
27-4032,Film and Video Editors,27,"Arts, Design & Media",0.1111111111111111,0.5277777777777778,0.9444444444444444,0.1388888888888889,0.4722222222222222,0.8055555555555555,0.985707,0.31,82.83,78.35,76.91,35.14,83.08,77.94,74.25,34.98,47.69,1.0,27-4032.00,1.0,27-4032,False,False,1.0,27-4032,False,False,False
29-1011,Chiropractors,29,Healthcare Practitioners,0.1818181818181818,0.4545454545454546,0.7272727272727273,0.0909090909090909,0.3181818181818182,0.5454545454545454,-0.1911757,0.027,70.56,58.66,49.35,14.36,68.17,55.51,44.75,14.23,56.2,1.0,29-1011.00,1.0,29-1011,False,False,1.0,29-1011,False,False,False
29-1021,"Dentists, General",29,Healthcare Practitioners,0.05,0.25,0.45,0.15,0.225,0.3,-0.1813301,0.0044,43.58,46.03,50.22,2.6,40.23,42.73,45.62,2.58,47.62,1.0,29-1021.00,1.0,29-1021,False,False,1.0,29-1021,False,False,False
29-1022,Oral and Maxillofacial Surgeons,29,Healthcare Practitioners,0.0,0.04,0.08,0.0,0.08,0.16,-0.2389668,0.0036,11.11,24.89,48.2,1.37,10.03,22.49,43.75,1.36,46.83,1.0,29-1022.00,1.0,29-1022,False,False,1.0,29-1022,False,False,False
29-1023,Orthodontists,29,Healthcare Practitioners,0.0,0.3,0.6000000000000001,0.0,0.2,0.4,0.1616631,0.023,50.87,44.01,58.44,13.64,46.93,40.66,54.0,13.52,44.81,1.0,29-1023.00,1.0,29-1023,False,False,1.0,29-1023,False,False,False
29-1024,Prosthodontists,29,Healthcare Practitioners,0.0,0.0454545454545454,0.0909090909090909,0.0,0.0909090909090909,0.1818181818181818,-0.1561403,0.055,13.13,27.71,50.65,20.42,12.03,25.06,46.0,20.39,37.52,1.0,29-1024.00,1.0,29-1024,False,False,1.0,29-1024,False,False,False
29-1031,Dietitians and Nutritionists,29,Healthcare Practitioners,0.1463414634146341,0.5487804878048781,0.951219512195122,0.2682926829268293,0.4634146341463415,0.6585365853658537,1.342809,0.0039,85.86,77.2,92.78,1.66,86.47,76.82,91.88,1.65,91.13,1.0,29-1031.00,1.0,29-1031,False,False,1.0,29-1031,False,False,False
29-1041,Optometrists,29,Healthcare Practitioners,0.0,0.3,0.6000000000000001,0.0,0.05,0.1,0.5040194,0.14,50.87,17.6,65.08,27.42,46.93,15.85,61.62,27.32,37.66,1.0,29-1041.00,1.0,29-1041,False,False,1.0,29-1041,False,False,False
29-1051,Pharmacists,29,Healthcare Practitioners,0.1142857142857142,0.4285714285714285,0.7428571428571429,0.2857142857142857,0.3999999999999999,0.5142857142857142,0.6058705,0.012,67.32,68.54,66.38,7.72,64.41,67.04,63.12,7.65,59.6,1.0,29-1051.00,1.0,29-1051,False,False,1.0,29-1051,False,False,False
29-1071,Physician Assistants,29,Healthcare Practitioners,0.0,0.2708333333333333,0.5416666666666666,0.0,0.1101190476190476,0.2202380952380952,0.1059147,0.14,46.83,30.45,57.0,27.42,43.42,28.2,52.62,27.32,29.58,2.0,29-1071.00;29-1071.01,1.0,29-1071,False,False,1.0,29-1071,False,False,True
29-1081,Podiatrists,29,Healthcare Practitioners,0.0,0.2857142857142857,0.5714285714285714,0.1904761904761904,0.2857142857142857,0.3809523809523809,0.6279185,0.0046,49.13,54.91,67.1,3.1,45.43,51.32,63.75,3.08,64.0,1.0,29-1081.00,1.0,29-1081,False,False,1.0,29-1081,False,False,False
29-1122,Occupational Therapists,29,Healthcare Practitioners,0.1106060606060606,0.2890151515151515,0.4674242424242424,0.1606060606060606,0.3407196969696969,0.5208333333333334,0.1151615,0.0035,49.78,61.76,57.14,1.01,45.99,58.77,52.75,1.0,56.13,2.0,29-1122.00;29-1122.01,1.0,29-1122,False,False,1.0,29-1122,False,False,True
29-1123,Physical Therapists,29,Healthcare Practitioners,0.0851063829787234,0.1914893617021276,0.2978723404255319,0.1276595744680851,0.3404255319148936,0.5531914893617021,-0.3581922,0.021,36.8,61.33,45.31,12.77,33.83,58.4,41.0,12.66,32.54,1.0,29-1123.00,1.0,29-1123,False,False,1.0,29-1123,False,False,False
29-1124,Radiation Therapists,29,Healthcare Practitioners,0.048780487804878,0.2804878048780488,0.5121951219512195,0.024390243902439,0.1707317073170731,0.3170731707317073,-0.2189393,0.34,48.05,40.62,48.48,35.64,44.49,37.53,44.0,35.48,12.84,1.0,29-1124.00,1.0,29-1124,False,False,1.0,29-1124,False,False,False
29-1125,Recreational Therapists,29,Healthcare Practitioners,0.0909090909090909,0.3181818181818182,0.5454545454545454,0.0909090909090909,0.3636363636363636,0.6363636363636364,0.2190109,0.0028,52.89,64.65,59.31,0.14,48.81,61.97,55.25,0.14,59.16,1.0,29-1125.00,1.0,29-1125,False,False,1.0,29-1125,False,False,False
29-1126,Respiratory Therapists,29,Healthcare Practitioners,0.0952380952380952,0.2023809523809523,0.3095238095238095,0.0952380952380952,0.1904761904761904,0.2857142857142857,-0.1880507,0.066,37.95,43.0,49.49,21.57,35.21,39.6,45.0,21.53,27.92,1.0,29-1126.00,1.0,29-1126,False,False,1.0,29-1126,False,False,False
29-1127,Speech-Language Pathologists,29,Healthcare Practitioners,0.1707317073170731,0.4512195121951219,0.7317073170731707,0.0975609756097561,0.3902439024390244,0.6829268292682927,1.146267,0.0064,69.84,67.82,83.26,4.47,67.54,66.17,80.5,4.43,78.79,1.0,29-1127.00,1.0,29-1127,False,False,1.0,29-1127,False,False,False
29-1131,Veterinarians,29,Healthcare Practitioners,0.081081081081081,0.2702702702702703,0.4594594594594595,0.027027027027027,0.2297297297297297,0.4324324324324324,-0.0749958,0.038,46.61,46.61,52.53,17.68,43.23,43.23,47.62,17.67,34.85,1.0,29-1131.00,1.0,29-1131,False,False,1.0,29-1131,False,False,False
29-1181,Audiologists,29,Healthcare Practitioners,0.1363636363636363,0.4545454545454546,0.7727272727272727,0.2272727272727273,0.4545454545454546,0.6818181818181819,0.6329063,0.0033,70.56,76.41,67.39,0.72,68.17,76.13,64.0,0.72,69.84,1.0,29-1181.00,1.0,29-1181,False,False,1.0,29-1181,False,False,False
29-1291,Acupuncturists,29,Healthcare Practitioners,0.1666666666666666,0.1666666666666666,0.1666666666666666,0.1666666666666666,0.3055555555555555,0.4444444444444444,0.7109566,0.02,33.62,56.42,69.05,12.19,30.83,53.13,66.56,12.09,56.85,1.0,29-1291.00,1.0,29-1199,True,False,1.0,29-1199,True,False,True
29-1292,Dental Hygienists,29,Healthcare Practitioners,0.0625,0.1875,0.3125,0.0,0.09375,0.1875,-0.416508,0.68,36.29,28.21,43.72,53.54,33.4,25.69,39.62,53.51,17.24,1.0,29-1292.00,1.0,29-2021,False,False,1.0,29-2021,False,False,False
29-1299,"Healthcare Diagnosing or Treating Practitioners, All Other",29,Healthcare Practitioners,0.1963141025641025,0.4963942307692307,0.796474358974359,0.1450320512820512,0.3157051282051282,0.486378205128205,0.7109566,0.02,76.19,58.15,69.05,12.19,75.56,54.89,66.56,12.09,64.0,2.0,29-1299.01;29-1299.02,1.0,29-1199,True,False,1.0,29-1199,True,False,True
29-2011,Medical and Clinical Laboratory Technologists,29,Healthcare Practitioners,0.1408312807881773,0.3389516625615763,0.5370720443349754,0.1116841133004925,0.1977124384236453,0.283740763546798,0.2818067,0.9,54.98,43.72,60.03,76.62,51.13,40.35,56.62,76.54,21.65,4.0,29-2011.00;29-2011.01;29-2011.02;29-2011.04,1.0,29-2011,False,False,1.0,29-2011,False,False,True
29-2012,Medical and Clinical Laboratory Technicians,29,Healthcare Practitioners,0.0,0.1696428571428571,0.3392857142857142,0.0,0.0476190476190476,0.0952380952380952,-0.1273315,0.47,34.2,17.32,51.23,41.27,31.45,15.54,46.5,41.06,17.03,2.0,29-2012.00;29-2012.01,1.0,29-2012,False,False,1.0,29-2012,False,False,True
29-2031,Cardiovascular Technologists and Technicians,29,Healthcare Practitioners,0.0857142857142857,0.3571428571428571,0.6285714285714286,0.1142857142857142,0.1714285714285714,0.2285714285714285,-0.0909526,0.23,57.22,40.91,52.09,30.95,53.2,37.78,47.25,30.83,26.26,1.0,29-2031.00,1.0,29-2031,False,False,1.0,29-2031,False,False,False
29-2032,Diagnostic Medical Sonographers,29,Healthcare Practitioners,0.1052631578947368,0.3026315789473684,0.5,0.131578947368421,0.2894736842105263,0.4473684210526315,-0.264054,0.35,51.52,55.27,47.19,36.08,47.49,51.63,42.88,35.91,15.44,1.0,29-2032.00,1.0,29-2032,False,False,1.0,29-2032,False,False,False
29-2033,Nuclear Medicine Technologists,29,Healthcare Practitioners,0.064516129032258,0.2903225806451612,0.5161290322580645,0.1612903225806451,0.2580645161290322,0.3548387096774194,0.0855276,0.13,50.22,50.94,56.28,26.62,46.37,47.62,52.0,26.54,29.65,1.0,29-2033.00,1.0,29-2033,False,False,1.0,29-2033,False,False,False
29-2042,Emergency Medical Technicians,29,Healthcare Practitioners,0.1666666666666666,0.2083333333333333,0.25,0.0,0.2083333333333333,0.4166666666666666,-0.6863446,0.049,38.38,44.66,33.98,19.99,35.59,41.29,30.81,19.96,18.4,1.0,29-2042.00,1.0,29-2041,True,False,1.0,29-2041,True,False,True
29-2043,Paramedics,29,Healthcare Practitioners,0.0769230769230769,0.1538461538461538,0.2307692307692307,0.0,0.1923076923076923,0.3846153846153846,-0.6863446,0.049,31.46,43.29,33.98,19.99,28.57,39.85,30.81,19.96,14.0,1.0,29-2043.00,1.0,29-2041,True,False,1.0,29-2041,True,False,True
29-2051,Dietetic Technicians,29,Healthcare Practitioners,0.1739130434782608,0.5434782608695652,0.9130434782608696,0.0434782608695652,0.4130434782608695,0.7826086956521738,-0.1260282,0.13,85.64,70.85,51.37,26.62,86.15,69.55,46.62,26.54,59.02,1.0,29-2051.00,1.0,29-2051,False,False,1.0,29-2051,False,False,False
29-2052,Pharmacy Technicians,29,Healthcare Practitioners,0.2941176470588235,0.4264705882352941,0.5588235294117647,0.2352941176470588,0.4264705882352941,0.6176470588235294,0.0070256,0.92,67.1,72.37,53.97,80.81,64.1,71.62,49.5,80.69,26.84,1.0,29-2052.00,1.0,29-2052,False,False,1.0,29-2052,False,False,False
29-2053,Psychiatric Technicians,29,Healthcare Practitioners,0.0,0.12,0.24,0.16,0.34,0.52,-0.2203484,0.043,26.55,61.18,48.34,18.9,24.06,58.21,43.88,18.88,29.44,1.0,29-2053.00,1.0,29-2053,False,False,1.0,29-2053,False,False,False
29-2055,Surgical Technologists,29,Healthcare Practitioners,0.0333333333333333,0.0666666666666666,0.1,0.0,0.0166666666666666,0.0333333333333333,-0.4830476,0.34,16.45,8.66,41.56,35.64,15.04,7.64,37.75,35.48,25.11,1.0,29-2055.00,1.0,29-2055,False,False,1.0,29-2055,False,False,False
29-2056,Veterinary Technologists and Technicians,29,Healthcare Practitioners,0.0655737704918032,0.1639344262295082,0.2622950819672131,0.0655737704918032,0.1475409836065573,0.2295081967213114,-0.3623179,0.029,33.04,37.23,45.02,15.15,30.2,34.59,40.75,15.09,29.87,1.0,29-2056.00,1.0,29-2056,False,False,1.0,29-2056,False,False,False
29-2061,Licensed Practical and Licensed Vocational Nurses,29,Healthcare Practitioners,0.0789473684210526,0.25,0.4210526315789473,0.0526315789473684,0.25,0.4473684210526315,-0.5137373,0.058,43.58,50.07,40.26,20.78,40.23,46.74,36.5,20.74,22.8,1.0,29-2061.00,1.0,29-2061,False,False,1.0,29-2061,False,False,False
29-2072,Medical Records Specialists,29,Healthcare Practitioners,0.2352941176470588,0.6176470588235294,1.0,0.2352941176470588,0.5588235294117647,0.8823529411764706,0.5738765,0.91,91.49,90.04,65.95,78.79,91.6,89.22,62.62,78.68,25.54,1.0,29-2072.00,1.0,29-2071,True,False,1.0,29-2071,True,False,True
29-2081,"Opticians, Dispensing",29,Healthcare Practitioners,0.0952380952380952,0.2857142857142857,0.4761904761904761,0.1428571428571428,0.238095238095238,0.3333333333333333,0.1013966,0.71,49.13,48.41,56.85,55.12,45.43,45.18,52.5,55.08,7.72,1.0,29-2081.00,1.0,29-2081,False,False,1.0,29-2081,False,False,False
29-2091,Orthotists and Prosthetists,29,Healthcare Practitioners,0.1724137931034483,0.2758620689655172,0.3793103448275862,0.0,0.1896551724137931,0.3793103448275862,0.066577,0.0035,47.47,42.86,55.56,1.01,43.98,39.47,51.0,1.0,54.55,1.0,29-2091.00,1.0,29-2091,False,False,1.0,29-2091,False,False,False
29-2099,"Health Technologists and Technicians, All Other",29,Healthcare Practitioners,0.0636904761904761,0.4114087301587301,0.7591269841269841,0.1527777777777777,0.2751984126984126,0.3976190476190476,-0.19495065,0.1,64.21,52.53,49.06,25.25,61.03,49.12,44.5,25.18,38.96,3.0,29-2099.01;29-2099.05;29-2099.08,2.0,29-2054;29-2099,True,True,1.0,29-2054,False,False,True
29-9021,Health Information Technologists and Medical Registrars,29,Healthcare Practitioners,0.3125,0.65625,1.0,0.3125,0.53125,0.75,0.40171665,0.91,94.01,87.66,62.34,78.79,94.42,86.65,59.13,78.68,31.67,1.0,29-9021.00,2.0,29-2071;29-9099,True,True,1.0,29-2071,True,False,True
29-9091,Athletic Trainers,29,Healthcare Practitioners,0.0930232558139534,0.2790697674418604,0.4651162790697674,0.3255813953488372,0.4069767441860465,0.4883720930232558,-0.3311363,0.0071,47.91,70.27,45.89,5.05,44.36,68.8,41.5,5.01,42.86,1.0,29-9091.00,1.0,29-9091,False,False,1.0,29-9091,False,False,False
31-1121,Home Health Aides,31,Healthcare Support,0.0769230769230769,0.0769230769230769,0.0769230769230769,0.0,0.0384615384615384,0.0769230769230769,-0.644942,0.39,18.54,13.92,35.06,38.46,16.85,12.22,31.87,38.27,19.91,1.0,31-1121.00,1.0,31-1011,False,False,1.0,31-1011,False,False,False
31-1122,Personal Care Aides,31,Healthcare Support,0.1666666666666666,0.2222222222222222,0.2777777777777778,0.2222222222222222,0.3333333333333333,0.4444444444444444,-0.5737774,0.74,39.61,60.46,37.81,57.5,36.65,57.27,34.25,57.58,19.7,1.0,31-1122.00,1.0,39-9021,False,False,1.0,39-9021,False,False,False
31-1133,Psychiatric Aides,31,Healthcare Support,0.125,0.125,0.125,0.0,0.125,0.25,-0.496565,0.47,26.91,32.83,41.27,41.27,24.37,30.51,37.5,41.06,14.36,1.0,31-1133.00,1.0,31-1013,False,False,1.0,31-1013,False,False,False
31-2011,Occupational Therapy Assistants,31,Healthcare Support,0.1860465116279069,0.2674418604651162,0.3488372093023256,0.1395348837209302,0.2325581395348837,0.3255813953488372,-0.3153762,0.028,45.89,47.33,46.03,14.72,42.61,44.11,41.62,14.59,31.31,1.0,31-2011.00,1.0,31-2011,False,False,1.0,31-2011,False,False,False
31-2012,Occupational Therapy Aides,31,Healthcare Support,0.2222222222222222,0.2407407407407407,0.2592592592592592,0.0,0.074074074074074,0.1481481481481481,-0.7734322,0.27,42.5,23.38,29.87,33.48,39.16,21.05,27.25,33.33,12.63,1.0,31-2012.00,1.0,31-2012,False,False,1.0,31-2012,False,False,False
31-2021,Physical Therapist Assistants,31,Healthcare Support,0.1025641025641025,0.1538461538461538,0.2051282051282051,0.0,0.1025641025641025,0.2051282051282051,-0.5308535,0.018,31.46,29.29,39.25,11.62,28.57,26.69,35.62,11.52,27.63,1.0,31-2021.00,1.0,31-2021,False,False,1.0,31-2021,False,False,False
31-2022,Physical Therapist Aides,31,Healthcare Support,0.1212121212121212,0.1818181818181818,0.2424242424242424,0.0606060606060606,0.1515151515151515,0.2424242424242424,-0.8823265,0.61,35.21,37.73,25.25,48.2,32.33,35.03,23.12,48.21,22.94,1.0,31-2022.00,1.0,31-2022,False,False,1.0,31-2022,False,False,False
31-9011,Massage Therapists,31,Healthcare Support,0.074074074074074,0.074074074074074,0.074074074074074,0.074074074074074,0.1851851851851851,0.2962962962962963,-1.410233,0.54,17.75,42.57,7.36,44.23,16.17,39.22,6.62,43.99,36.87,1.0,31-9011.00,1.0,31-9011,False,False,1.0,31-9011,False,False,False
31-9091,Dental Assistants,31,Healthcare Support,0.1333333333333333,0.2666666666666666,0.4,0.0,0.1,0.2,-0.5268759,0.51,45.67,29.0,39.54,43.07,42.42,26.44,35.88,42.85,6.13,1.0,31-9091.00,1.0,31-9091,False,False,1.0,31-9091,False,False,False
31-9092,Medical Assistants,31,Healthcare Support,0.1794871794871795,0.358974358974359,0.5384615384615384,0.0512820512820512,0.141025641025641,0.2307692307692307,0.1497917,0.3,57.43,36.0,58.15,34.7,53.38,33.52,53.75,34.55,23.45,1.0,31-9092.00,1.0,31-9092,False,False,1.0,31-9092,False,False,False
31-9093,Medical Equipment Preparers,31,Healthcare Support,0.074074074074074,0.1111111111111111,0.1481481481481481,0.0,0.037037037037037,0.074074074074074,-0.7308648,0.78,25.83,13.35,31.75,60.53,23.43,11.72,28.88,60.59,34.7,1.0,31-9093.00,1.0,31-9093,False,False,1.0,31-9093,False,False,False
31-9094,Medical Transcriptionists,31,Healthcare Support,0.8214285714285714,0.875,0.9285714285714284,0.1428571428571428,0.2321428571428571,0.3214285714285714,1.06259,0.89,98.12,47.04,80.52,74.89,98.25,43.86,77.75,74.82,23.23,1.0,31-9094.00,1.0,31-9094,False,False,1.0,31-9094,False,False,False
31-9095,Pharmacy Aides,31,Healthcare Support,0.24,0.38,0.52,0.08,0.14,0.2,-0.1552654,0.72,59.67,35.43,50.94,55.92,56.2,33.02,46.25,55.94,8.73,1.0,31-9095.00,1.0,31-9095,False,False,1.0,31-9095,False,False,False
31-9096,Veterinary Assistants and Laboratory Animal Caretakers,31,Healthcare Support,0.1111111111111111,0.2222222222222222,0.3333333333333333,0.1481481481481481,0.1481481481481481,0.1481481481481481,-0.7735824,0.86,39.61,37.37,29.73,70.27,36.65,34.71,27.12,70.24,40.55,1.0,31-9096.00,1.0,31-9096,False,False,1.0,31-9096,False,False,False
33-1011,First-Line Supervisors of Correctional Officers,33,Protective Service,0.217391304347826,0.2826086956521739,0.3478260869565217,0.217391304347826,0.2826086956521739,0.3478260869565217,-0.5584278,0.025,48.63,54.4,38.38,14.0,44.99,50.88,34.75,13.88,34.63,1.0,33-1011.00,1.0,33-1011,False,False,1.0,33-1011,False,False,False
33-1012,First-Line Supervisors of Police and Detectives,33,Protective Service,0.1052631578947368,0.3289473684210526,0.5526315789473684,0.1578947368421052,0.3552631578947368,0.5526315789473684,-0.1923298,0.0044,53.97,63.42,49.21,2.6,50.06,60.84,44.62,2.58,51.37,1.0,33-1012.00,1.0,33-1012,False,False,1.0,33-1012,False,False,False
33-1021,First-Line Supervisors of Fire Fighting and Prevention Workers,33,Protective Service,0.2264150943396226,0.4150943396226415,0.6037735849056604,0.320754716981132,0.4056603773584905,0.490566037735849,-0.593021,0.0036,64.65,69.99,37.52,1.37,61.4,68.55,34.0,1.36,63.28,1.0,33-1021.00,1.0,33-1021,False,False,1.0,33-1021,False,False,False
33-2011,Firefighters,33,Protective Service,0.1052631578947368,0.1403508771929824,0.175438596491228,0.0701754385964912,0.087719298245614,0.1052631578947368,-1.320232,0.17,29.29,26.84,9.09,28.72,26.57,24.31,8.12,28.61,20.2,1.0,33-2011.00,1.0,33-2011,False,False,1.0,33-2011,False,False,False
33-2021,Fire Inspectors and Investigators,33,Protective Service,0.1346153846153846,0.2884615384615385,0.4423076923076923,0.25,0.3846153846153846,0.5192307692307693,0.062793,0.48,49.64,67.32,55.27,41.77,45.86,65.48,50.75,41.56,13.49,1.0,33-2021.00,1.0,33-2021,False,False,1.0,33-2021,False,False,False
33-2022,Forest Fire Inspectors and Prevention Specialists,33,Protective Service,0.125,0.21875,0.3125,0.25,0.375,0.5,-0.2144127,0.048,39.25,66.45,48.63,19.77,36.34,64.66,44.12,19.74,28.86,1.0,33-2022.00,1.0,33-2022,False,False,1.0,33-2022,False,False,False
33-3011,Bailiffs,33,Protective Service,0.0357142857142857,0.0357142857142857,0.0357142857142857,0.0714285714285714,0.1607142857142857,0.25,-0.5103183,0.36,10.39,39.61,40.55,36.51,9.27,36.65,36.75,36.34,30.16,1.0,33-3011.00,1.0,33-3011,False,False,1.0,33-3011,False,False,False
33-3012,Correctional Officers and Jailers,33,Protective Service,0.2272727272727273,0.2613636363636363,0.2954545454545454,0.1136363636363636,0.2386363636363636,0.3636363636363636,-0.8875365,0.6,44.59,48.63,24.68,47.33,41.48,45.36,22.62,47.35,22.66,1.0,33-3012.00,1.0,33-3012,False,False,1.0,33-3012,False,False,False
33-3021,Detectives and Criminal Investigators,33,Protective Service,0.0883861236802413,0.397410759175465,0.7064353946706888,0.0772750125691301,0.3477375565610859,0.6182001005530418,0.2257696,0.34,62.34,62.91,59.45,35.64,59.02,60.03,55.38,35.48,26.7,3.0,33-3021.00;33-3021.02;33-3021.06,1.0,33-3021,False,False,1.0,33-3021,False,False,True
33-3031,Fish and Game Wardens,33,Protective Service,0.0909090909090909,0.2840909090909091,0.4772727272727273,0.0454545454545454,0.1590909090909091,0.2727272727272727,-0.4585168,0.08,48.77,38.96,42.71,23.02,45.11,36.09,38.75,22.96,25.76,1.0,33-3031.00,1.0,33-3031,False,False,1.0,33-3031,False,False,False
33-3041,Parking Enforcement Workers,33,Protective Service,0.1794871794871795,0.3205128205128205,0.4615384615384615,0.1025641025641025,0.3205128205128205,0.5384615384615384,-0.6239931,0.84,53.1,58.87,36.22,67.75,49.12,55.76,32.88,67.74,31.53,1.0,33-3041.00,1.0,33-3041,False,False,1.0,33-3041,False,False,False
33-3051,Police and Sheriff's Patrol Officers,33,Protective Service,0.1773399014778325,0.3511904761904761,0.5250410509031198,0.1165845648604269,0.2473316912972084,0.3780788177339901,-0.6681123,0.098,56.42,49.21,34.49,24.53,52.51,45.86,31.25,24.46,31.89,2.0,33-3051.00;33-3051.04,1.0,33-3051,False,False,1.0,33-3051,False,False,True
33-3052,Transit and Railroad Police,33,Protective Service,0.0833333333333333,0.2499999999999999,0.4166666666666666,0.25,0.4375,0.625,-0.8205515,0.57,43.07,73.88,28.28,45.82,39.66,73.25,25.87,45.71,17.53,1.0,33-3052.00,1.0,33-3052,False,False,1.0,33-3052,False,False,False
33-9011,Animal Control Workers,33,Protective Service,0.2666666666666666,0.35,0.4333333333333333,0.0,0.1333333333333333,0.2666666666666666,-0.5946321,0.21,56.28,34.2,37.23,30.16,52.38,31.83,33.75,30.04,26.12,1.0,33-9011.00,1.0,33-9011,False,False,1.0,33-9011,False,False,False
33-9021,Private Detectives and Investigators,33,Protective Service,0.074074074074074,0.3888888888888888,0.7037037037037037,0.2222222222222222,0.3888888888888888,0.5555555555555556,0.7483108,0.31,60.46,67.6,70.27,35.14,57.14,65.85,67.88,34.98,35.14,1.0,33-9021.00,1.0,33-9021,False,False,1.0,33-9021,False,False,False
33-9031,Gambling Surveillance Officers and Gambling Investigators,33,Protective Service,0.25,0.4375,0.625,0.0,0.3125,0.625,0.7283933,0.95,68.11,57.58,69.55,88.02,65.54,54.26,67.0,87.98,19.91,1.0,33-9031.00,1.0,33-9031,False,False,1.0,33-9031,False,False,False
33-9032,Security Guards,33,Protective Service,0.1666666666666666,0.1666666666666666,0.1666666666666666,0.1666666666666666,0.2499999999999999,0.3333333333333333,-0.3908421,0.84,33.62,49.42,43.87,67.75,30.83,46.05,39.75,67.74,34.13,1.0,33-9032.00,1.0,33-9032,False,False,1.0,33-9032,False,False,False
33-9091,Crossing Guards and Flaggers,33,Protective Service,0.0526315789473684,0.1052631578947368,0.1578947368421052,0.0,0.2631578947368421,0.5263157894736842,-0.5699511,0.49,24.82,51.37,38.1,42.42,22.43,48.12,34.5,42.2,17.6,1.0,33-9091.00,1.0,33-9091,False,False,1.0,33-9091,False,False,False
33-9092,"Lifeguards, Ski Patrol, and Other Recreational Protective Service Workers",33,Protective Service,0.08,0.08,0.08,0.08,0.16,0.24,-0.4718385,0.67,19.48,39.25,41.99,52.74,17.67,36.34,38.12,52.72,33.26,1.0,33-9092.00,1.0,33-9092,False,False,1.0,33-9092,False,False,False
35-1011,Chefs and Head Cooks,35,Food Preparation & Serving,0.0952380952380952,0.2619047619047618,0.4285714285714285,0.1428571428571428,0.2619047619047618,0.3809523809523809,-0.2676433,0.1,44.81,51.23,47.04,25.25,41.67,47.93,42.75,25.18,21.79,1.0,35-1011.00,1.0,35-1011,False,False,1.0,35-1011,False,False,False
35-1012,First-Line Supervisors of Food Preparation and Serving Workers,35,Food Preparation & Serving,0.2222222222222222,0.5111111111111112,0.8,0.0444444444444444,0.2555555555555555,0.4666666666666667,-0.2575492,0.63,80.09,50.79,47.47,49.57,79.76,47.49,43.12,49.57,32.61,1.0,35-1012.00,1.0,35-1012,False,False,1.0,35-1012,False,False,False
35-2011,"Cooks, Fast Food",35,Food Preparation & Serving,0.0,0.0,0.0,0.0,0.0263157894736842,0.0526315789473684,-0.7131837,0.81,3.32,10.82,32.9,63.28,3.01,9.52,29.88,63.3,59.96,1.0,35-2011.00,1.0,35-2011,False,False,1.0,35-2011,False,False,False
35-2012,"Cooks, Institution and Cafeteria",35,Food Preparation & Serving,0.0344827586206896,0.1206896551724137,0.2068965517241379,0.0344827586206896,0.0862068965517241,0.1379310344827586,-0.6360813,0.83,26.7,26.48,35.5,65.95,24.19,24.0,32.25,65.95,39.25,1.0,35-2012.00,1.0,35-2012,False,False,1.0,35-2012,False,False,False
35-2013,"Cooks, Private Household",35,Food Preparation & Serving,0.16,0.24,0.32,0.16,0.28,0.4,-0.7867444,0.3,41.99,53.46,29.29,34.7,38.72,49.94,26.75,34.55,12.7,1.0,35-2013.00,1.0,35-2013,False,False,1.0,35-2013,False,False,False
35-2014,"Cooks, Restaurant",35,Food Preparation & Serving,0.027027027027027,0.0945945945945946,0.1621621621621621,0.081081081081081,0.1216216216216216,0.1621621621621621,-0.7418264,0.96,22.44,31.96,31.31,90.4,20.24,29.64,28.5,90.34,67.97,1.0,35-2014.00,1.0,35-2014,False,False,1.0,35-2014,False,False,False
35-2015,"Cooks, Short Order",35,Food Preparation & Serving,0.0,0.0,0.0,0.0,0.0,0.0,-0.5933817,0.94,3.32,4.04,37.37,85.21,3.01,3.57,33.88,85.12,81.89,1.0,35-2015.00,1.0,35-2015,False,False,1.0,35-2015,False,False,False
35-2021,Food Preparation Workers,35,Food Preparation & Serving,0.0185185185185185,0.037037037037037,0.0555555555555555,0.0,0.0462962962962962,0.0925925925925925,-1.226416,0.87,10.68,17.03,11.11,71.79,9.52,15.16,10.0,71.75,61.11,1.0,35-2021.00,1.0,35-2021,False,False,1.0,35-2021,False,False,False
35-3011,Bartenders,35,Food Preparation & Serving,0.1111111111111111,0.1944444444444444,0.2777777777777778,0.0833333333333333,0.1388888888888889,0.1944444444444444,-0.6159883,0.77,36.94,34.99,36.36,59.81,33.96,32.64,33.0,59.87,23.45,1.0,35-3011.00,1.0,35-3011,False,False,1.0,35-3011,False,False,False
35-3023,Fast Food and Counter Workers,35,Food Preparation & Serving,0.063048245614035,0.0970394736842105,0.1310307017543859,0.0893640350877192,0.1154057017543859,0.1414473684210526,-0.5078111,0.94,23.09,31.31,40.69,85.21,20.8,29.07,36.88,85.12,62.12,2.0,35-3023.00;35-3023.01,2.0,35-3021;35-3022,False,True,2.0,35-3021;35-3022,False,True,True
35-3031,Waiters and Waitresses,35,Food Preparation & Serving,0.0816326530612244,0.183673469387755,0.2857142857142857,0.2040816326530612,0.2244897959183673,0.2448979591836734,-0.9481003,0.94,35.5,45.74,22.94,85.21,32.71,42.48,20.88,85.12,62.27,1.0,35-3031.00,1.0,35-3031,False,False,1.0,35-3031,False,False,False
35-3041,"Food Servers, Nonrestaurant",35,Food Preparation & Serving,0.074074074074074,0.1296296296296296,0.1851851851851851,0.0,0.1111111111111111,0.2222222222222222,-0.7270206,0.86,27.42,30.59,32.32,70.27,24.81,28.38,29.38,70.24,42.86,1.0,35-3041.00,1.0,35-3041,False,False,1.0,35-3041,False,False,False
35-9011,Dining Room and Cafeteria Attendants and Bartender Helpers,35,Food Preparation & Serving,0.0,0.0,0.0,0.0,0.0,0.0,-1.927078,0.91,3.32,4.04,1.01,78.79,3.01,3.57,0.88,78.68,77.78,1.0,35-9011.00,1.0,35-9011,False,False,1.0,35-9011,False,False,False
35-9021,Dishwashers,35,Food Preparation & Serving,0.0,0.0,0.0,0.0,0.0,0.0,-1.738612,0.77,3.32,4.04,3.32,59.81,3.01,3.57,2.88,59.87,56.49,1.0,35-9021.00,1.0,35-9021,False,False,1.0,35-9021,False,False,False
35-9031,"Hosts and Hostesses, Restaurant, Lounge, and Coffee Shop",35,Food Preparation & Serving,0.0571428571428571,0.2285714285714285,0.3999999999999999,0.1999999999999999,0.3285714285714285,0.4571428571428571,-0.0565477,0.97,40.12,59.45,52.67,93.43,37.09,56.39,47.88,93.35,53.32,1.0,35-9031.00,1.0,35-9031,False,False,1.0,35-9031,False,False,False
37-1011,First-Line Supervisors of Housekeeping and Janitorial Workers,37,Building & Grounds,0.1632653061224489,0.2653061224489795,0.3673469387755101,0.0816326530612244,0.2551020408163265,0.4285714285714285,-0.5854128,0.94,45.45,50.65,37.66,85.21,42.23,47.37,34.12,85.12,47.55,1.0,37-1011.00,1.0,37-1011,False,False,1.0,37-1011,False,False,False
37-1012,"First-Line Supervisors of Landscaping, Lawn Service, and Groundskeeping Workers",37,Building & Grounds,0.1454545454545454,0.3545454545454545,0.5636363636363636,0.0727272727272727,0.2454545454545454,0.4181818181818181,-0.5548871,0.57,56.85,49.06,38.67,45.82,52.88,45.74,35.12,45.71,18.18,1.0,37-1012.00,1.0,37-1012,False,False,1.0,37-1012,False,False,False
37-2011,"Janitors and Cleaners, Except Maids and Housekeeping Cleaners",37,Building & Grounds,0.0,0.0,0.0,0.0,0.0277777777777777,0.0555555555555555,-1.436201,0.66,3.32,11.26,6.64,51.8,3.01,9.9,6.0,51.79,48.48,1.0,37-2011.00,1.0,37-2011,False,False,1.0,37-2011,False,False,False
37-2012,Maids and Housekeeping Cleaners,37,Building & Grounds,0.0,0.0,0.0,0.0588235294117647,0.0588235294117647,0.0588235294117647,-1.480657,0.69,3.32,19.34,6.35,54.04,3.01,17.42,5.75,54.01,50.72,1.0,37-2012.00,1.0,37-2012,False,False,1.0,37-2012,False,False,False
37-2021,Pest Control Workers,37,Building & Grounds,0.1666666666666666,0.25,0.3333333333333333,0.0833333333333333,0.2291666666666666,0.375,-0.7255374,0.66,43.58,46.46,32.47,51.8,40.23,43.11,29.5,51.79,19.34,1.0,37-2021.00,1.0,37-2021,False,False,1.0,37-2021,False,False,False
37-3011,Landscaping and Groundskeeping Workers,37,Building & Grounds,0.0,0.024390243902439,0.048780487804878,0.0,0.024390243902439,0.048780487804878,-1.824293,0.95,8.44,9.96,1.59,88.02,7.58,8.77,1.38,87.98,86.44,1.0,37-3011.00,1.0,37-3011,False,False,1.0,37-3011,False,False,False
37-3012,"Pesticide Handlers, Sprayers, and Applicators, Vegetation",37,Building & Grounds,0.0,0.0555555555555555,0.1111111111111111,0.0555555555555555,0.0555555555555555,0.0555555555555555,-0.8847935,0.97,14.29,18.33,25.11,93.43,13.03,16.54,23.0,93.35,79.15,1.0,37-3012.00,1.0,37-3012,False,False,1.0,37-3012,False,False,False
37-3013,Tree Trimmers and Pruners,37,Building & Grounds,0.048780487804878,0.0609756097560975,0.073170731707317,0.0,0.0609756097560975,0.1219512195121951,-1.727035,0.77,15.15,19.91,3.61,59.81,13.78,17.92,3.12,59.87,56.2,1.0,37-3013.00,1.0,37-3013,False,False,1.0,37-3013,False,False,False
39-1013,First-line Supervisors of Gambling Services Workers,39,Personal Care & Service,0.3076923076923077,0.4326923076923077,0.5576923076923077,0.173076923076923,0.3365384615384615,0.5,0.4955934,0.41,67.53,60.89,64.5,39.39,64.91,57.77,61.12,39.2,28.14,1.0,39-1013.00,2.0,39-1011;39-1012,False,True,2.0,39-1011;39-1012,False,True,True
39-1014,"First-line Supervisors of Entertainment and Recreation Workers, Except Gambling Services",39,Personal Care & Service,0.1578947368421052,0.3684210526315789,0.5789473684210527,0.2631578947368421,0.3421052631578947,0.4210526315789473,0.4303075,0.076,58.59,62.05,62.99,22.58,54.89,59.15,59.69,22.53,40.4,1.0,39-1014.00,1.0,39-1021,True,False,1.0,39-1021,True,False,True
39-1022,First-Line Supervisors of Personal Service Workers,39,Personal Care & Service,0.1034482758620689,0.4137931034482758,0.7241379310344828,0.2413793103448275,0.3620689655172414,0.4827586206896551,0.4303075,0.076,64.5,64.43,62.99,22.58,61.28,61.72,59.69,22.53,41.92,1.0,39-1022.00,1.0,39-1021,True,False,1.0,39-1021,True,False,True
39-2011,Animal Trainers,39,Personal Care & Service,0.0689655172413793,0.1034482758620689,0.1379310344827586,0.1379310344827586,0.1379310344827586,0.1379310344827586,-0.9167759,0.1,24.1,34.56,23.81,25.25,21.8,32.27,21.75,25.18,1.44,1.0,39-2011.00,1.0,39-2011,False,False,1.0,39-2011,False,False,False
39-2021,Animal Caretakers,39,Personal Care & Service,0.1818181818181818,0.2727272727272727,0.3636363636363636,0.1515151515151515,0.1818181818181818,0.2121212121212121,-0.8890408,0.82,47.19,42.21,24.53,64.36,43.73,38.91,22.5,64.38,39.83,1.0,39-2021.00,1.0,39-2021,False,False,1.0,39-2021,False,False,False
39-3011,Gambling Dealers,39,Personal Care & Service,0.1351351351351351,0.1351351351351351,0.1351351351351351,0.1081081081081081,0.1486486486486486,0.1891891891891892,0.0605832,0.96,28.28,37.52,55.12,90.4,25.56,34.84,50.62,90.34,62.12,1.0,39-3011.00,1.0,39-3011,False,False,1.0,39-3011,False,False,False
39-3012,Gambling and Sports Book Writers and Runners,39,Personal Care & Service,0.2307692307692307,0.2692307692307693,0.3076923076923077,0.0769230769230769,0.2307692307692307,0.3846153846153846,0.4652752,0.91,46.32,46.75,63.78,78.79,42.98,43.55,60.5,78.68,32.47,1.0,39-3012.00,1.0,39-3012,False,False,1.0,39-3012,False,False,False
39-3021,Motion Picture Projectionists,39,Personal Care & Service,0.0909090909090909,0.1818181818181818,0.2727272727272727,0.0,0.0757575757575757,0.1515151515151515,-0.3786598,0.97,35.21,23.88,44.59,93.43,32.33,21.49,40.38,93.35,58.23,1.0,39-3021.00,1.0,39-3021,False,False,1.0,39-3021,False,False,False
39-3031,"Ushers, Lobby Attendants, and Ticket Takers",39,Personal Care & Service,0.1142857142857142,0.1428571428571428,0.1714285714285714,0.1428571428571428,0.1999999999999999,0.2571428571428571,-0.2420959,0.96,29.87,43.87,48.05,90.4,27.13,40.48,43.62,90.34,60.53,1.0,39-3031.00,1.0,39-3031,False,False,1.0,39-3031,False,False,False
39-3091,Amusement and Recreation Attendants,39,Personal Care & Service,0.1923076923076923,0.2115384615384615,0.2307692307692307,0.3076923076923077,0.3653846153846154,0.4230769230769231,-0.5246153,0.72,38.96,64.94,39.83,55.92,36.09,62.28,36.12,55.94,16.96,1.0,39-3091.00,1.0,39-3091,False,False,1.0,39-3091,False,False,False
39-3092,Costume Attendants,39,Personal Care & Service,0.1111111111111111,0.2638888888888889,0.4166666666666666,0.0,0.2361111111111111,0.4722222222222222,-0.4533608,0.61,45.17,48.05,42.86,48.2,41.98,44.86,38.88,48.21,5.34,1.0,39-3092.00,1.0,39-3092,False,False,1.0,39-3092,False,False,False
39-3093,"Locker Room, Coatroom, and Dressing Room Attendants",39,Personal Care & Service,0.064516129032258,0.064516129032258,0.064516129032258,0.064516129032258,0.1451612903225806,0.2258064516129032,-0.3454376,0.43,15.66,36.65,45.74,40.26,14.35,34.09,41.38,40.06,30.09,1.0,39-3093.00,1.0,39-3093,False,False,1.0,39-3093,False,False,False
39-4011,Embalmers,39,Personal Care & Service,0.04,0.04,0.04,0.0,0.04,0.08,-0.7311451,0.54,11.11,14.79,31.6,44.23,10.03,13.1,28.75,43.99,33.12,1.0,39-4011.00,1.0,39-4011,False,False,1.0,39-4011,False,False,False
39-4021,Funeral Attendants,39,Personal Care & Service,0.1777777777777777,0.1777777777777777,0.1777777777777777,0.1555555555555555,0.2333333333333333,0.3111111111111111,-0.5445412,0.37,34.78,47.55,38.96,37.09,31.95,44.36,35.38,36.91,4.18,1.0,39-4021.00,1.0,39-4021,False,False,1.0,39-4021,False,False,False
39-5011,Barbers,39,Personal Care & Service,0.088235294117647,0.1617647058823529,0.2352941176470588,0.0,0.0735294117647058,0.1470588235294117,-0.7294621,0.8,32.76,23.16,31.89,62.41,29.82,20.86,29.0,62.45,30.52,1.0,39-5011.00,1.0,39-5011,False,False,1.0,39-5011,False,False,False
39-5012,"Hairdressers, Hairstylists, and Cosmetologists",39,Personal Care & Service,0.0526315789473684,0.0789473684210526,0.1052631578947368,0.0,0.0526315789473684,0.1052631578947368,-0.6824517,0.11,19.19,17.97,34.2,25.9,17.42,16.23,31.0,25.82,15.01,1.0,39-5012.00,1.0,39-5012,False,False,1.0,39-5012,False,False,False
39-5091,"Makeup Artists, Theatrical and Performance",39,Personal Care & Service,0.048780487804878,0.3414634146341463,0.6341463414634146,0.048780487804878,0.2439024390243902,0.4390243902439024,-0.4596138,0.01,55.41,48.77,42.57,7.07,51.5,45.49,38.62,7.01,48.34,1.0,39-5091.00,1.0,39-5091,False,False,1.0,39-5091,False,False,False
39-5092,Manicurists and Pedicurists,39,Personal Care & Service,0.0555555555555555,0.0833333333333333,0.1111111111111111,0.0,0.0555555555555555,0.1111111111111111,0.0335124,0.95,20.49,18.33,54.55,88.02,18.55,16.54,50.0,87.98,67.53,1.0,39-5092.00,1.0,39-5092,False,False,1.0,39-5092,False,False,False
39-5093,Shampooers,39,Personal Care & Service,0.1428571428571428,0.1428571428571428,0.1428571428571428,0.0,0.0714285714285714,0.1428571428571428,-0.905371,0.79,29.87,22.58,24.1,61.47,27.13,20.3,22.0,61.52,37.37,1.0,39-5093.00,1.0,39-5093,False,False,1.0,39-5093,False,False,False
39-5094,Skincare Specialists,39,Personal Care & Service,0.0606060606060606,0.1969696969696969,0.3333333333333333,0.0606060606060606,0.106060606060606,0.1515151515151515,-0.2628396,0.29,37.37,29.73,47.33,34.27,34.34,27.32,43.0,34.12,13.06,1.0,39-5094.00,1.0,39-5094,False,False,1.0,39-5094,False,False,False
39-6011,Baggage Porters and Bellhops,39,Personal Care & Service,0.074074074074074,0.1481481481481481,0.2222222222222222,0.2592592592592592,0.2777777777777778,0.2962962962962963,-1.272015,0.83,30.74,53.03,10.25,65.95,27.94,49.56,9.25,65.95,55.7,1.0,39-6011.00,1.0,39-6011,False,False,1.0,39-6011,False,False,False
39-6012,Concierges,39,Personal Care & Service,0.1333333333333333,0.4666666666666667,0.8,0.6666666666666666,0.7,0.7333333333333333,0.855832,0.21,72.15,98.12,73.45,30.16,69.8,98.37,71.0,30.04,43.29,1.0,39-6012.00,1.0,39-6012,False,False,1.0,39-6012,False,False,False
39-7011,Tour Guides and Escorts,39,Personal Care & Service,0.1538461538461538,0.2692307692307693,0.3846153846153846,0.3076923076923077,0.3461538461538461,0.3846153846153846,0.357096,0.91,46.32,62.55,61.33,78.79,42.98,59.59,58.0,78.68,32.47,1.0,39-7011.00,1.0,39-7011,False,False,1.0,39-7011,False,False,False
39-7012,Travel Guides,39,Personal Care & Service,0.16,0.38,0.6,0.32,0.4,0.48,0.6083829,0.057,59.67,69.05,66.67,20.63,56.2,67.54,63.38,20.6,46.03,1.0,39-7012.00,1.0,39-7012,False,False,1.0,39-7012,False,False,False
39-9011,Childcare Workers,39,Personal Care & Service,0.1108722358722358,0.1414312039312039,0.1719901719901719,0.2374078624078623,0.3404484029484029,0.4434889434889435,-0.3834794,0.084,29.44,61.47,44.16,23.52,26.69,58.52,40.0,23.46,20.63,2.0,39-9011.00;39-9011.01,1.0,39-9011,False,False,1.0,39-9011,False,False,True
39-9031,Exercise Trainers and Group Fitness Instructors,39,Personal Care & Service,0.0,0.0147058823529411,0.0294117647058823,0.1470588235294117,0.2352941176470588,0.3235294117647059,-2.111948,0.085,6.93,47.91,0.29,23.67,6.27,44.74,0.25,23.61,23.38,1.0,39-9031.00,1.0,39-9031,False,False,1.0,39-9031,False,False,False
39-9032,Recreation Workers,39,Personal Care & Service,0.119047619047619,0.238095238095238,0.3571428571428571,0.0952380952380952,0.25,0.4047619047619047,-0.2441154,0.0061,41.34,50.07,47.91,4.18,38.16,46.74,43.5,4.15,43.72,1.0,39-9032.00,1.0,39-9032,False,False,1.0,39-9032,False,False,False
39-9041,Residential Advisors,39,Personal Care & Service,0.1,0.24,0.38,0.18,0.28,0.38,0.4746119,0.064,41.99,53.46,64.21,21.36,38.72,49.94,60.88,21.32,42.86,1.0,39-9041.00,1.0,39-9041,False,False,1.0,39-9041,False,False,False
41-1011,First-Line Supervisors of Retail Sales Workers,41,Sales,0.081081081081081,0.4864864864864865,0.8918918918918919,0.1621621621621621,0.4054054054054054,0.6486486486486487,0.0191826,0.28,74.68,69.84,54.26,33.91,73.62,68.42,49.75,33.76,40.76,1.0,41-1011.00,1.0,41-1011,False,False,1.0,41-1011,False,False,False
41-1012,First-Line Supervisors of Non-Retail Sales Workers,41,Sales,0.1111111111111111,0.537037037037037,0.9629629629629628,0.1851851851851851,0.4444444444444444,0.7037037037037037,1.316195,0.075,84.85,74.31,91.05,22.37,85.09,74.06,89.0,22.32,68.69,1.0,41-1012.00,1.0,41-1012,False,False,1.0,41-1012,False,False,False
41-2011,Cashiers,41,Sales,0.1395348837209302,0.2093023255813953,0.2790697674418604,0.2325581395348837,0.3604651162790697,0.4883720930232558,-0.2480887,0.97,38.53,64.21,47.76,93.43,35.71,61.53,43.38,93.35,54.91,1.0,41-2011.00,1.0,41-2011,False,False,1.0,41-2011,False,False,False
41-2012,Gambling Change Persons and Booth Cashiers,41,Sales,0.238095238095238,0.2619047619047618,0.2857142857142857,0.0,0.3095238095238095,0.6190476190476191,-0.0500926,0.83,44.81,57.0,52.96,65.95,41.67,53.76,48.5,65.95,21.14,1.0,41-2012.00,1.0,41-2012,False,False,1.0,41-2012,False,False,False
41-2021,Counter and Rental Clerks,41,Sales,0.2580645161290322,0.532258064516129,0.8064516129032258,0.5483870967741935,0.6774193548387096,0.8064516129032258,0.0784367,0.97,83.91,97.33,55.84,93.43,84.15,97.68,51.5,93.35,37.59,1.0,41-2021.00,1.0,41-2021,False,False,1.0,41-2021,False,False,False
41-2022,Parts Salespersons,41,Sales,0.1714285714285714,0.3428571428571428,0.5142857142857142,0.2857142857142857,0.3428571428571428,0.3999999999999999,-0.1184909,0.98,55.7,62.19,51.8,96.83,51.75,59.27,47.0,96.78,45.02,1.0,41-2022.00,1.0,41-2022,False,False,1.0,41-2022,False,False,False
41-2031,Retail Salespersons,41,Sales,0.0789473684210526,0.3421052631578947,0.6052631578947368,0.2631578947368421,0.3552631578947368,0.4473684210526315,0.0873069,0.92,55.56,63.42,56.42,80.81,51.63,60.84,52.12,80.69,25.25,1.0,41-2031.00,1.0,41-2031,False,False,1.0,41-2031,False,False,False
41-3011,Advertising Sales Agents,41,Sales,0.1794871794871795,0.5384615384615384,0.8974358974358974,0.4358974358974359,0.6923076923076923,0.9487179487179488,1.162588,0.54,84.99,97.84,84.13,44.23,85.34,98.12,81.38,43.99,40.76,1.0,41-3011.00,1.0,41-3011,False,False,1.0,41-3011,False,False,False
41-3021,Insurance Sales Agents,41,Sales,0.1515151515151515,0.5757575757575758,1.0,0.3333333333333333,0.5303030303030303,0.7272727272727273,1.341258,0.92,89.39,87.3,92.35,80.81,89.66,86.34,91.5,80.69,11.54,1.0,41-3021.00,1.0,41-3021,False,False,1.0,41-3021,False,False,False
41-3031,"Securities, Commodities, and Financial Services Sales Agents",41,Sales,0.2115384615384615,0.6057692307692308,1.0,0.2692307692307693,0.5192307692307693,0.7692307692307693,1.256298,0.016,91.05,85.5,86.87,10.61,91.1,84.65,84.62,10.52,80.45,1.0,41-3031.00,1.0,41-3031,False,False,1.0,41-3031,False,False,False
41-3041,Travel Agents,41,Sales,0.125,0.5625,1.0,0.25,0.5625,0.875,1.133598,0.099,87.73,90.33,82.4,24.68,88.22,89.47,79.75,24.61,63.06,1.0,41-3041.00,1.0,41-3041,False,False,1.0,41-3041,False,False,False
41-4011,"Sales Representatives, Wholesale and Manufacturing, Technical and Scientific Products",41,Sales,0.0789473684210526,0.4983130904183536,0.9176788124156546,0.3852901484480431,0.573549257759784,0.761808367071525,0.8911985,0.25,76.33,91.05,74.46,32.47,75.69,90.48,71.88,32.33,43.87,2.0,41-4011.00;41-4011.07,1.0,41-4011,False,False,1.0,41-4011,False,False,True
41-4012,"Sales Representatives, Wholesale and Manufacturing, Except Technical and Scientific Products",41,Sales,0.2413793103448275,0.6206896551724138,1.0,0.4827586206896551,0.7068965517241379,0.9310344827586208,0.8224681,0.85,91.85,98.41,71.72,68.98,91.92,98.62,69.5,68.96,22.87,1.0,41-4012.00,1.0,41-4012,False,False,1.0,41-4012,False,False,False
41-9011,Demonstrators and Product Promoters,41,Sales,0.0512820512820512,0.1282051282051282,0.2051282051282051,0.2051282051282051,0.3974358974358974,0.5897435897435898,0.1235652,0.51,27.13,68.33,57.72,43.07,24.56,66.6,53.25,42.85,30.59,1.0,41-9011.00,1.0,41-9011,False,False,1.0,41-9011,False,False,False
41-9012,Models,41,Sales,0.1333333333333333,0.2333333333333333,0.3333333333333333,0.0666666666666666,0.4,0.7333333333333334,-1.122021,0.98,40.55,69.05,15.3,96.83,37.47,67.54,14.0,96.78,81.53,1.0,41-9012.00,1.0,41-9012,False,False,1.0,41-9012,False,False,False
41-9021,Real Estate Brokers,41,Sales,0.0,0.5,1.0,0.125,0.421875,0.71875,1.149681,0.97,78.07,71.86,83.41,93.43,77.51,70.8,80.62,93.35,15.37,1.0,41-9021.00,1.0,41-9021,False,False,1.0,41-9021,False,False,False
41-9022,Real Estate Sales Agents,41,Sales,0.0,0.4375,0.875,0.2857142857142857,0.4107142857142857,0.5357142857142857,0.8649445,0.86,68.11,70.63,73.74,70.27,65.54,69.36,71.25,70.24,5.63,1.0,41-9022.00,1.0,41-9022,False,False,1.0,41-9022,False,False,False
41-9031,Sales Engineers,41,Sales,0.1590909090909091,0.5113636363636364,0.8636363636363636,0.3181818181818182,0.5340909090909091,0.75,1.145416,0.0041,80.23,88.02,83.12,2.02,80.01,86.97,80.38,2.0,81.1,1.0,41-9031.00,1.0,41-9031,False,False,1.0,41-9031,False,False,False
41-9041,Telemarketers,41,Sales,0.611111111111111,0.8055555555555555,1.0,0.2222222222222222,0.5277777777777778,0.8333333333333333,1.118129,0.99,97.4,86.87,81.67,99.21,97.62,85.96,79.0,99.21,17.53,1.0,41-9041.00,1.0,41-9041,False,False,1.0,41-9041,False,False,False
41-9091,"Door-to-Door Sales Workers, News and Street Vendors, and Related Workers",41,Sales,0.1739130434782608,0.2608695652173913,0.3478260869565217,0.5217391304347826,0.5217391304347826,0.5217391304347826,1.107101,0.94,44.44,86.29,81.39,85.21,41.35,85.4,78.62,85.12,40.76,1.0,41-9091.00,1.0,41-9091,False,False,1.0,41-9091,False,False,False
43-1011,First-Line Supervisors of Office and Administrative Support Workers,43,Office & Admin Support,0.0833333333333333,0.4895833333333333,0.8958333333333333,0.2291666666666666,0.53125,0.8333333333333333,1.038688,0.014,75.76,87.66,79.51,8.73,75.19,86.65,76.62,8.66,70.78,1.0,43-1011.00,1.0,43-1011,False,False,1.0,43-1011,False,False,False
43-2011,"Switchboard Operators, Including Answering Service",43,Office & Admin Support,0.5161290322580645,0.6290322580645161,0.7419354838709677,0.3870967741935484,0.4838709677419355,0.5806451612903225,0.9832644,0.96,92.57,80.45,76.77,90.4,92.54,79.76,74.12,90.34,15.8,1.0,43-2011.00,1.0,43-2011,False,False,1.0,43-2011,False,False,False
43-2021,Telephone Operators,43,Office & Admin Support,0.8421052631578947,0.894736842105263,0.9473684210526316,0.3684210526315789,0.5526315789473684,0.7368421052631579,1.019712,0.97,98.99,89.32,78.35,93.43,99.0,88.6,75.5,93.35,20.63,1.0,43-2021.00,1.0,43-2021,False,False,1.0,43-2021,False,False,False
43-3011,Bill and Account Collectors,43,Office & Admin Support,0.3928571428571428,0.6964285714285714,1.0,0.1071428571428571,0.4285714285714285,0.75,1.271991,0.95,95.09,72.58,87.73,88.02,95.49,71.93,85.5,87.98,7.36,1.0,43-3011.00,1.0,43-3011,False,False,1.0,43-3011,False,False,False
43-3021,Billing and Posting Clerks,43,Office & Admin Support,0.6904761904761905,0.7738095238095237,0.8571428571428571,0.1904761904761904,0.4166666666666666,0.6428571428571428,1.333455,0.96,96.83,71.21,91.92,90.4,97.12,70.05,90.5,90.34,6.42,1.0,43-3021.00,1.0,43-3021,False,False,1.0,43-3021,False,False,False
43-3031,"Bookkeeping, Accounting, and Auditing Clerks",43,Office & Admin Support,0.6046511627906976,0.8023255813953488,1.0,0.1395348837209302,0.313953488372093,0.4883720930232558,1.039749,0.98,97.11,57.86,79.65,96.83,97.37,54.51,76.75,96.78,17.46,1.0,43-3031.00,1.0,43-3031,False,False,1.0,43-3031,False,False,False
43-3041,Gambling Cage Workers,43,Office & Admin Support,0.3870967741935484,0.4193548387096774,0.4516129032258064,0.3225806451612903,0.4193548387096774,0.5161290322580645,0.4026518,0.39,65.8,71.43,62.63,38.46,62.66,70.3,59.38,38.27,27.34,1.0,43-3041.00,1.0,43-3041,False,False,1.0,43-3041,False,False,False
43-3051,Payroll and Timekeeping Clerks,43,Office & Admin Support,0.6756756756756757,0.8378378378378379,1.0,0.1621621621621621,0.4864864864864865,0.8108108108108109,1.257632,0.97,97.69,80.88,87.01,93.43,97.87,80.14,84.75,93.35,10.68,1.0,43-3051.00,1.0,43-3051,False,False,1.0,43-3051,False,False,False
43-3061,Procurement Clerks,43,Office & Admin Support,0.2571428571428571,0.6142857142857142,0.9714285714285714,0.2571428571428571,0.4571428571428571,0.6571428571428571,1.487838,0.98,91.2,76.62,99.28,96.83,91.35,76.32,99.25,96.78,8.08,1.0,43-3061.00,1.0,43-3061,False,False,1.0,43-3061,False,False,False
43-3071,Tellers,43,Office & Admin Support,0.3125,0.5416666666666666,0.7708333333333333,0.2291666666666666,0.3333333333333333,0.4375,0.4727723,0.98,85.43,60.46,64.07,96.83,85.84,57.27,60.75,96.78,32.76,1.0,43-3071.00,1.0,43-3071,False,False,1.0,43-3071,False,False,False
43-4011,Brokerage Clerks,43,Office & Admin Support,0.5333333333333333,0.7666666666666666,1.0,0.7333333333333333,0.8,0.8666666666666667,1.144877,0.98,96.68,99.57,82.97,96.83,96.99,99.62,80.25,96.78,13.85,1.0,43-4011.00,1.0,43-4011,False,False,1.0,43-4011,False,False,False
43-4021,Correspondence Clerks,43,Office & Admin Support,0.9642857142857142,0.9642857142857142,0.9642857142857142,0.5714285714285714,0.7321428571428571,0.8928571428571428,1.149758,0.86,99.71,98.85,83.55,70.27,99.75,99.0,80.75,70.24,29.44,1.0,43-4021.00,1.0,43-4021,False,False,1.0,43-4021,False,False,False
43-4031,"Court, Municipal, and License Clerks",43,Office & Admin Support,0.4363636363636363,0.7,0.9636363636363636,0.3090909090909091,0.5909090909090908,0.8727272727272727,1.166267,0.46,95.31,92.5,84.27,40.98,95.68,92.48,81.62,40.77,54.33,1.0,43-4031.00,1.0,43-4031,False,False,1.0,43-4031,False,False,False
43-4041,"Credit Authorizers, Checkers, and Clerks",43,Office & Admin Support,0.35,0.65,0.95,0.25,0.5750000000000001,0.9,1.440296,0.97,93.65,91.27,97.98,93.43,93.98,90.73,98.12,93.35,4.55,1.0,43-4041.00,1.0,43-4041,False,False,1.0,43-4041,False,False,False
43-4051,Customer Service Representatives,43,Office & Admin Support,0.1363636363636363,0.5681818181818182,1.0,0.5454545454545454,0.7045454545454546,0.8636363636363636,0.9562519,0.55,88.31,98.27,75.76,44.81,88.72,98.5,73.25,44.56,43.51,1.0,43-4051.00,1.0,43-4051,False,False,1.0,43-4051,False,False,False
43-4061,"Eligibility Interviewers, Government Programs",43,Office & Admin Support,0.4,0.68,0.96,0.28,0.62,0.96,1.226286,0.7,94.81,94.81,85.86,54.47,95.11,94.86,83.38,54.43,40.33,1.0,43-4061.00,1.0,43-4061,False,False,1.0,43-4061,False,False,False
43-4071,File Clerks,43,Office & Admin Support,0.6764705882352942,0.7941176470588235,0.9117647058823528,0.1764705882352941,0.4705882352941176,0.7647058823529411,0.2839743,0.97,96.97,78.07,60.17,93.43,97.24,77.69,56.75,93.35,36.8,1.0,43-4071.00,1.0,43-4071,False,False,1.0,43-4071,False,False,False
43-4081,"Hotel, Motel, and Resort Desk Clerks",43,Office & Admin Support,0.2051282051282051,0.5,0.7948717948717948,0.2051282051282051,0.3974358974358974,0.5897435897435898,0.6063127,0.94,78.07,68.33,66.52,85.21,77.51,66.6,63.25,85.12,18.69,1.0,43-4081.00,1.0,43-4081,False,False,1.0,43-4081,False,False,False
43-4111,"Interviewers, Except Eligibility and Loan",43,Office & Admin Support,0.5172413793103449,0.6724137931034483,0.8275862068965517,0.3103448275862069,0.4310344827586206,0.5517241379310345,1.297031,0.94,94.52,73.23,90.19,85.21,94.86,72.49,87.88,85.12,9.31,1.0,43-4111.00,1.0,43-4111,False,False,1.0,43-4111,False,False,False
43-4121,"Library Assistants, Clerical",43,Office & Admin Support,0.3275862068965517,0.5344827586206896,0.7413793103448276,0.2413793103448275,0.4396551724137931,0.6379310344827586,0.2038919,0.95,84.42,74.03,59.16,88.02,84.71,73.56,55.12,87.98,28.86,1.0,43-4121.00,1.0,43-4121,False,False,1.0,43-4121,False,False,False
43-4131,Loan Interviewers and Clerks,43,Office & Admin Support,0.1875,0.59375,1.0,0.125,0.5,0.875,1.364395,0.92,90.76,82.76,93.94,80.81,90.85,81.89,94.0,80.69,13.13,1.0,43-4131.00,1.0,43-4131,False,False,1.0,43-4131,False,False,False
43-4141,New Accounts Clerks,43,Office & Admin Support,0.28,0.56,0.8400000000000001,0.52,0.6,0.68,1.174998,0.99,87.37,93.65,84.42,99.21,87.91,93.73,81.75,99.21,14.79,1.0,43-4141.00,1.0,43-4141,False,False,1.0,43-4141,False,False,False
43-4151,Order Clerks,43,Office & Admin Support,0.4285714285714285,0.7142857142857143,1.0,0.4285714285714285,0.6,0.7714285714285714,0.8388861,0.98,95.67,93.65,72.73,96.83,95.99,93.73,70.38,96.78,24.1,1.0,43-4151.00,1.0,43-4151,False,False,1.0,43-4151,False,False,False
43-4161,"Human Resources Assistants, Except Payroll and Timekeeping",43,Office & Admin Support,0.2758620689655172,0.6206896551724138,0.9655172413793104,0.1379310344827586,0.4655172413793103,0.7931034482758621,1.353098,0.9,91.85,77.71,93.65,76.62,91.92,77.26,93.38,76.54,17.03,1.0,43-4161.00,1.0,43-4161,False,False,1.0,43-4161,False,False,False
43-4171,Receptionists and Information Clerks,43,Office & Admin Support,0.2,0.5333333333333333,0.8666666666666667,0.4333333333333333,0.5833333333333334,0.7333333333333333,1.013186,0.96,84.2,92.14,77.92,90.4,84.46,91.67,75.12,90.34,12.48,1.0,43-4171.00,1.0,43-4171,False,False,1.0,43-4171,False,False,False
43-4181,Reservation and Transportation Ticket Agents and Travel Clerks,43,Office & Admin Support,0.1142857142857142,0.4571428571428571,0.7999999999999999,0.3714285714285714,0.5285714285714286,0.6857142857142857,0.227312,0.61,71.28,87.01,59.6,48.2,68.98,86.09,55.5,48.21,23.09,1.0,43-4181.00,1.0,43-4181,False,False,1.0,43-4181,False,False,False
43-5011,Cargo and Freight Agents,43,Office & Admin Support,0.2061177815894796,0.5273013150371642,0.8484848484848485,0.2152658662092623,0.4288164665523156,0.6423670668953687,1.405415,0.99,82.54,72.73,96.54,99.21,82.83,72.06,96.62,99.21,16.67,2.0,43-5011.00;43-5011.01,1.0,43-5011,False,False,1.0,43-5011,False,False,True
43-5021,Couriers and Messengers,43,Office & Admin Support,0.2413793103448275,0.3103448275862069,0.3793103448275862,0.0,0.1551724137931034,0.3103448275862069,-0.9591126,0.94,52.24,38.38,22.37,85.21,48.12,35.59,20.38,85.12,62.84,1.0,43-5021.00,1.0,43-5021,False,False,1.0,43-5021,False,False,False
43-5031,Public Safety Telecommunicators,43,Office & Admin Support,0.40625,0.65625,0.90625,0.4375,0.59375,0.75,0.9074452,0.49,94.01,92.93,74.75,42.42,94.42,93.05,72.12,42.2,51.59,1.0,43-5031.00,1.0,43-5031,False,False,1.0,43-5031,False,False,False
43-5032,"Dispatchers, Except Police, Fire, and Ambulance",43,Office & Admin Support,0.3478260869565217,0.6739130434782609,1.0,0.3478260869565217,0.6521739130434783,0.9565217391304348,1.234523,0.96,94.66,96.68,86.15,90.4,94.99,96.99,83.75,90.34,8.51,1.0,43-5032.00,1.0,43-5032,False,False,1.0,43-5032,False,False,False
43-5041,"Meter Readers, Utilities",43,Office & Admin Support,0.3333333333333333,0.4374999999999999,0.5416666666666666,0.0833333333333333,0.3541666666666666,0.625,-0.9723772,0.85,67.68,63.13,21.36,68.98,65.04,60.59,19.38,68.96,47.62,1.0,43-5041.00,1.0,43-5041,False,False,1.0,43-5041,False,False,False
43-5051,Postal Service Clerks,43,Office & Admin Support,0.1481481481481481,0.3148148148148147,0.4814814814814814,0.1481481481481481,0.2777777777777778,0.4074074074074074,-0.5186997,0.95,52.67,53.03,39.97,88.02,48.5,49.56,36.25,87.98,48.05,1.0,43-5051.00,1.0,43-5051,False,False,1.0,43-5051,False,False,False
43-5052,Postal Service Mail Carriers,43,Office & Admin Support,0.2051282051282051,0.2307692307692307,0.2564102564102564,0.1794871794871795,0.3461538461538461,0.5128205128205128,-1.064715,0.68,40.26,62.55,17.32,53.54,37.22,59.59,15.88,53.51,36.22,1.0,43-5052.00,1.0,43-5052,False,False,1.0,43-5052,False,False,False
43-5053,"Postal Service Mail Sorters, Processors, and Processing Machine Operators",43,Office & Admin Support,0.1,0.1,0.1,0.05,0.125,0.2,-1.185001,0.79,23.45,32.83,12.84,61.47,21.12,30.51,11.62,61.52,48.63,1.0,43-5053.00,1.0,43-5053,False,False,1.0,43-5053,False,False,False
43-5061,"Production, Planning, and Expediting Clerks",43,Office & Admin Support,0.2692307692307693,0.5961538461538461,0.9230769230769232,0.1538461538461538,0.5192307692307693,0.8846153846153847,0.6999103,0.88,90.91,85.5,68.69,73.3,90.98,84.65,65.25,73.25,22.22,1.0,43-5061.00,1.0,43-5061,False,False,1.0,43-5061,False,False,False
43-5071,"Shipping, Receiving, and Inventory Clerks",43,Office & Admin Support,0.2857142857142857,0.5,0.7142857142857142,0.1904761904761904,0.3571428571428571,0.5238095238095237,-0.7463213,0.98,78.07,63.78,30.88,96.83,77.51,61.15,28.12,96.78,65.95,1.0,43-5071.00,1.0,43-5071,False,False,1.0,43-5071,False,False,False
43-5111,"Weighers, Measurers, Checkers, and Samplers, Recordkeeping",43,Office & Admin Support,0.2068965517241379,0.293103448275862,0.3793103448275862,0.1724137931034483,0.2758620689655172,0.3793103448275862,-0.1860789,0.95,50.51,52.67,49.64,88.02,46.62,49.25,45.12,87.98,38.38,1.0,43-5111.00,1.0,43-5111,False,False,1.0,43-5111,False,False,False
43-6011,Executive Secretaries and Executive Administrative Assistants,43,Office & Admin Support,0.3783783783783784,0.6486486486486487,0.918918918918919,0.6216216216216217,0.7432432432432433,0.8648648648648649,1.079643,0.86,93.36,98.99,80.81,70.27,93.73,99.12,78.0,70.24,23.09,1.0,43-6011.00,1.0,43-6011,False,False,1.0,43-6011,False,False,False
43-6012,Legal Secretaries and Administrative Assistants,43,Office & Admin Support,0.3913043478260869,0.6956521739130435,1.0,0.5217391304347826,0.7608695652173912,1.0,1.014541,0.98,94.95,99.13,78.21,96.83,95.36,99.25,75.38,96.78,18.61,1.0,43-6012.00,1.0,43-6012,False,False,1.0,43-6012,False,False,False
43-6013,Medical Secretaries and Administrative Assistants,43,Office & Admin Support,0.3333333333333333,0.6666666666666666,1.0,0.3703703703703703,0.611111111111111,0.8518518518518519,1.217982,0.81,94.23,94.23,85.71,63.28,94.61,94.24,83.12,63.3,30.95,1.0,43-6013.00,1.0,43-6013,False,False,1.0,43-6013,False,False,False
43-6014,"Secretaries and Administrative Assistants, Except Legal, Medical, and Executive",43,Office & Admin Support,0.3846153846153846,0.6442307692307693,0.903846153846154,0.3653846153846154,0.5673076923076923,0.7692307692307693,1.099056,0.96,92.93,90.48,81.24,90.4,93.23,89.85,78.5,90.34,11.69,1.0,43-6014.00,1.0,43-6014,False,False,1.0,43-6014,False,False,False
43-9021,Data Entry Keyers,43,Office & Admin Support,0.8571428571428571,0.8928571428571428,0.9285714285714284,0.2142857142857142,0.4999999999999999,0.7857142857142857,0.3108081,0.99,98.85,81.53,60.75,99.21,98.87,80.83,57.38,99.21,38.46,1.0,43-9021.00,1.0,43-9021,False,False,1.0,43-9021,False,False,False
43-9022,Word Processors and Typists,43,Office & Admin Support,0.7027027027027027,0.7432432432432433,0.7837837837837838,0.1891891891891892,0.4864864864864865,0.7837837837837838,0.6219606,0.81,96.39,80.88,66.96,63.28,96.62,80.14,63.62,63.3,33.12,1.0,43-9022.00,1.0,43-9022,False,False,1.0,43-9022,False,False,False
43-9031,Desktop Publishers,43,Office & Admin Support,0.3225806451612903,0.6451612903225806,0.967741935483871,0.032258064516129,0.4838709677419355,0.935483870967742,0.3437743,0.16,93.07,80.45,61.04,28.14,93.48,79.76,57.63,28.04,64.94,1.0,43-9031.00,1.0,43-9031,False,False,1.0,43-9031,False,False,False
43-9041,Insurance Claims and Policy Processing Clerks,43,Office & Admin Support,0.6666666666666666,0.8333333333333333,1.0,0.2619047619047618,0.5119047619047619,0.7619047619047619,1.240201,0.98,97.55,84.42,86.44,96.83,97.74,83.58,84.0,96.78,11.11,1.0,43-9041.00,1.0,43-9041,False,False,1.0,43-9041,False,False,False
43-9051,"Mail Clerks and Mail Machine Operators, Except Postal Service",43,Office & Admin Support,0.1081081081081081,0.2162162162162162,0.3243243243243243,0.054054054054054,0.1216216216216216,0.1891891891891892,-0.8184676,0.94,39.11,31.96,28.57,85.21,36.22,29.64,26.12,85.12,56.64,1.0,43-9051.00,1.0,43-9051,False,False,1.0,43-9051,False,False,False
43-9061,"Office Clerks, General",43,Office & Admin Support,0.3636363636363636,0.5757575757575758,0.7878787878787878,0.2121212121212121,0.5,0.7878787878787878,0.9888986,0.96,89.39,82.76,77.34,90.4,89.66,81.89,74.62,90.34,13.06,1.0,43-9061.00,1.0,43-9061,False,False,1.0,43-9061,False,False,False
43-9071,"Office Machine Operators, Except Computer",43,Office & Admin Support,0.2941176470588235,0.3970588235294117,0.5,0.0,0.1764705882352941,0.3529411764705882,-0.5171404,0.92,62.19,41.63,40.12,80.81,58.9,38.41,36.38,80.69,40.69,1.0,43-9071.00,1.0,43-9071,False,False,1.0,43-9071,False,False,False
43-9081,Proofreaders and Copy Markers,43,Office & Admin Support,0.95,0.975,1.0,0.2,0.6000000000000001,1.0,1.288375,0.84,99.86,93.94,89.18,67.75,99.87,93.98,87.0,67.74,32.11,1.0,43-9081.00,1.0,43-9081,False,False,1.0,43-9081,False,False,False
43-9111,Statistical Assistants,43,Office & Admin Support,0.8260869565217391,0.8913043478260869,0.9565217391304348,0.3478260869565217,0.6739130434782609,1.0,1.389965,0.66,98.7,97.11,95.82,51.8,98.75,97.49,95.88,51.79,46.9,1.0,43-9111.00,1.0,43-9111,False,False,1.0,43-9111,False,False,False
45-1011,"First-Line Supervisors of Farming, Fishing, and Forestry Workers",45,"Farming, Fishing & Forestry",0.1403508771929824,0.2807017543859649,0.4210526315789473,0.0,0.1578947368421052,0.3157894736842105,-0.4791843,0.57,48.2,38.74,41.7,45.82,44.61,35.9,37.88,45.71,6.49,1.0,45-1011.00,1.0,45-1011,False,False,1.0,45-1011,False,False,False
45-2011,Agricultural Inspectors,45,"Farming, Fishing & Forestry",0.0833333333333333,0.2916666666666666,0.5,0.125,0.2916666666666666,0.4583333333333333,0.1704867,0.94,50.36,55.41,58.73,85.21,46.49,51.75,54.5,85.12,34.85,1.0,45-2011.00,1.0,45-2011,False,False,1.0,45-2011,False,False,False
45-2021,Animal Breeders,45,"Farming, Fishing & Forestry",0.0909090909090909,0.1666666666666666,0.2424242424242424,0.0303030303030303,0.0757575757575757,0.1212121212121212,-1.044292,0.95,33.62,23.88,17.89,88.02,30.83,21.49,16.38,87.98,70.13,1.0,45-2021.00,1.0,45-2021,False,False,1.0,45-2021,False,False,False
45-2041,"Graders and Sorters, Agricultural Products",45,"Farming, Fishing & Forestry",0.1,0.1,0.1,0.0,0.05,0.1,-1.370968,0.41,23.45,17.6,8.51,39.39,21.12,15.85,7.62,39.2,30.88,1.0,45-2041.00,1.0,45-2041,False,False,1.0,45-2041,False,False,False
45-3031,Fishing and Hunting Workers,45,"Farming, Fishing & Forestry",0.0,0.043859649122807,0.087719298245614,0.0,0.0087719298245614,0.0175438596491228,-1.409023,0.8,12.84,8.08,7.5,62.41,11.78,7.14,6.75,62.45,54.91,1.0,45-3031.00,2.0,45-3011;45-3021,False,True,2.0,45-3011;45-3021,False,True,True
45-4011,Forest and Conservation Workers,45,"Farming, Fishing & Forestry",0.0434782608695652,0.0434782608695652,0.0434782608695652,0.0,0.0652173913043478,0.1304347826086956,-1.064205,0.87,12.63,21.28,17.46,71.79,11.53,19.11,16.0,71.75,59.16,1.0,45-4011.00,1.0,45-4011,False,False,1.0,45-4011,False,False,False
45-4021,Fallers,45,"Farming, Fishing & Forestry",0.0,0.03125,0.0625,0.125,0.125,0.125,-1.795407,0.76,9.67,32.83,1.88,59.02,8.65,30.51,1.62,59.08,57.14,1.0,45-4021.00,1.0,45-4021,False,False,1.0,45-4021,False,False,False
45-4022,Logging Equipment Operators,45,"Farming, Fishing & Forestry",0.1875,0.1875,0.1875,0.0,0.0625,0.125,-1.003702,0.79,36.29,20.2,19.62,61.47,33.4,18.17,17.88,61.52,41.85,1.0,45-4022.00,1.0,45-4022,False,False,1.0,45-4022,False,False,False
45-4023,Log Graders and Scalers,45,"Farming, Fishing & Forestry",0.0,0.2105263157894736,0.4210526315789473,0.0,0.1578947368421052,0.3157894736842105,-0.4768305,0.97,38.82,38.74,41.85,93.43,35.96,35.9,38.0,93.35,54.62,1.0,45-4023.00,1.0,45-4023,False,False,1.0,45-4023,False,False,False
47-1011,First-Line Supervisors of Construction Trades and Extraction Workers,47,Construction & Extraction,0.0333333333333333,0.4166666666666666,0.8,0.0333333333333333,0.2333333333333333,0.4333333333333333,-0.3054048,0.17,65.08,47.55,46.18,28.72,61.9,44.36,41.75,28.61,36.36,2.0,47-1011.00;47-1011.03,1.0,47-1011,False,False,1.0,47-1011,False,False,True
47-2011,Boilermakers,47,Construction & Extraction,0.0,0.0303030303030303,0.0606060606060606,0.0,0.0,0.0,-1.097532,0.68,9.31,4.04,16.02,53.54,8.33,3.57,14.75,53.51,44.23,1.0,47-2011.00,1.0,47-2011,False,False,1.0,47-2011,False,False,False
47-2021,Brickmasons and Blockmasons,47,Construction & Extraction,0.0,0.0384615384615384,0.0769230769230769,0.0,0.0,0.0,-1.75434,0.82,10.82,4.04,2.74,64.36,9.65,3.57,2.38,64.38,61.62,1.0,47-2021.00,1.0,47-2021,False,False,1.0,47-2021,False,False,False
47-2022,Stonemasons,47,Construction & Extraction,0.0,0.0,0.0,0.0,0.0,0.0,-1.714759,0.89,3.32,4.04,3.75,74.89,3.01,3.57,3.25,74.82,71.57,1.0,47-2022.00,1.0,47-2022,False,False,1.0,47-2022,False,False,False
47-2031,Carpenters,47,Construction & Extraction,0.0444444444444444,0.1444444444444444,0.2444444444444444,0.0444444444444444,0.0888888888888888,0.1333333333333333,-1.323631,0.72,30.3,27.34,8.95,55.92,27.57,24.75,8.0,55.94,46.97,1.0,47-2031.00,1.0,47-2031,False,False,1.0,47-2031,False,False,False
47-2041,Carpet Installers,47,Construction & Extraction,0.0,0.0625,0.125,0.0,0.03125,0.0625,-1.564577,0.87,15.3,12.05,5.34,71.79,13.97,10.59,4.88,71.75,66.45,1.0,47-2041.00,1.0,47-2041,False,False,1.0,47-2041,False,False,False
47-2042,"Floor Layers, Except Carpet, Wood, and Hard Tiles",47,Construction & Extraction,0.0,0.0,0.0,0.0,0.0,0.0,-1.301024,0.79,3.32,4.04,9.67,61.47,3.01,3.57,8.62,61.52,58.15,1.0,47-2042.00,1.0,47-2042,False,False,1.0,47-2042,False,False,False
47-2043,Floor Sanders and Finishers,47,Construction & Extraction,0.0,0.0714285714285714,0.1428571428571428,0.0,0.0,0.0,-1.748722,0.87,17.46,4.04,3.03,71.79,15.91,3.57,2.62,71.75,68.76,1.0,47-2043.00,1.0,47-2043,False,False,1.0,47-2043,False,False,False
47-2044,Tile and Stone Setters,47,Construction & Extraction,0.025,0.0875,0.15,0.0,0.0375,0.075,-1.22543,0.75,21.07,13.56,11.4,58.23,19.05,11.9,10.25,58.3,46.83,1.0,47-2044.00,1.0,47-2044,False,False,1.0,47-2044,False,False,False
47-2051,Cement Masons and Concrete Finishers,47,Construction & Extraction,0.0,0.0,0.0,0.0,0.0,0.0,-1.777407,0.94,3.32,4.04,2.16,85.21,3.01,3.57,1.88,85.12,83.04,1.0,47-2051.00,1.0,47-2051,False,False,1.0,47-2051,False,False,False
47-2053,Terrazzo Workers and Finishers,47,Construction & Extraction,0.0,0.0,0.0,0.0,0.0227272727272727,0.0454545454545454,-1.776065,0.88,3.32,9.6,2.31,73.3,3.01,8.46,2.0,73.25,71.0,1.0,47-2053.00,1.0,47-2053,False,False,1.0,47-2053,False,False,False
47-2061,Construction Laborers,47,Construction & Extraction,0.0,0.05,0.1,0.0,0.025,0.05,-1.622988,0.88,13.56,10.17,4.47,73.3,12.41,8.96,4.0,73.25,68.83,1.0,47-2061.00,1.0,47-2061,False,False,1.0,47-2061,False,False,False
47-2071,"Paving, Surfacing, and Tamping Equipment Operators",47,Construction & Extraction,0.0,0.0,0.0,0.0,0.0,0.0,-1.184739,0.83,3.32,4.04,12.99,65.95,3.01,3.57,11.75,65.95,62.63,1.0,47-2071.00,1.0,47-2071,False,False,1.0,47-2071,False,False,False
47-2072,Pile Driver Operators,47,Construction & Extraction,0.0,0.0,0.0,0.0,0.0,0.0,-1.220009,0.82,3.32,4.04,11.83,64.36,3.01,3.57,10.62,64.38,61.04,1.0,47-2072.00,1.0,47-2072,False,False,1.0,47-2072,False,False,False
47-2073,Operating Engineers and Other Construction Equipment Operators,47,Construction & Extraction,0.0434782608695652,0.0543478260869565,0.0652173913043478,0.0,0.0869565217391304,0.1739130434782608,-0.8815078,0.95,14.14,26.7,25.4,88.02,12.91,24.19,23.25,87.98,73.88,1.0,47-2073.00,1.0,47-2073,False,False,1.0,47-2073,False,False,False
47-2081,Drywall and Ceiling Tile Installers,47,Construction & Extraction,0.0,0.0416666666666666,0.0833333333333333,0.0,0.0208333333333333,0.0416666666666666,-1.647971,0.79,11.69,9.16,4.18,61.47,10.59,8.08,3.75,61.52,57.29,1.0,47-2081.00,1.0,47-2081,False,False,1.0,47-2081,False,False,False
47-2082,Tapers,47,Construction & Extraction,0.0,0.0,0.0,0.0,0.0,0.0,-1.540774,0.62,3.32,4.04,5.77,49.06,3.01,3.57,5.25,49.07,45.74,1.0,47-2082.00,1.0,47-2082,False,False,1.0,47-2082,False,False,False
47-2111,Electricians,47,Construction & Extraction,0.0975609756097561,0.1463414634146341,0.1951219512195122,0.048780487804878,0.1463414634146341,0.2439024390243902,-0.7796905,0.15,30.59,37.09,29.44,27.78,27.82,34.46,26.88,27.68,2.81,1.0,47-2111.00,1.0,47-2111,False,False,1.0,47-2111,False,False,False
47-2121,Glaziers,47,Construction & Extraction,0.0,0.0833333333333333,0.1666666666666666,0.0,0.03125,0.0625,-1.388901,0.73,20.49,12.05,8.08,56.78,18.55,10.59,7.25,56.87,48.7,1.0,47-2121.00,1.0,47-2121,False,False,1.0,47-2121,False,False,False
47-2131,"Insulation Workers, Floor, Ceiling, and Wall",47,Construction & Extraction,0.0,0.05,0.1,0.1,0.1,0.1,-1.618772,0.83,13.56,29.0,4.62,65.95,12.41,26.44,4.12,65.95,61.33,1.0,47-2131.00,1.0,47-2131,False,False,1.0,47-2131,False,False,False
47-2132,"Insulation Workers, Mechanical",47,Construction & Extraction,0.0,0.0454545454545454,0.0909090909090909,0.0,0.0454545454545454,0.0909090909090909,-1.268615,0.64,13.13,16.81,10.39,50.29,12.03,14.97,9.38,50.29,39.9,1.0,47-2132.00,1.0,47-2132,False,False,1.0,47-2132,False,False,False
47-2141,"Painters, Construction and Maintenance",47,Construction & Extraction,0.0571428571428571,0.0571428571428571,0.0571428571428571,0.0,0.0285714285714285,0.0571428571428571,-1.58799,0.75,14.43,11.4,5.05,58.23,13.16,10.03,4.62,58.3,53.17,1.0,47-2141.00,1.0,47-2141,False,False,1.0,47-2141,False,False,False
47-2142,Paperhangers,47,Construction & Extraction,0.0,0.027027027027027,0.054054054054054,0.0,0.0,0.0,-1.72753,0.87,8.8,4.04,3.46,71.79,7.89,3.57,3.0,71.75,68.33,1.0,47-2142.00,1.0,47-2142,False,False,1.0,47-2142,False,False,False
47-2151,Pipelayers,47,Construction & Extraction,0.0,0.0357142857142857,0.0714285714285714,0.0,0.0,0.0,-1.225611,0.62,10.39,4.04,11.26,49.06,9.27,3.57,10.12,49.07,38.67,1.0,47-2151.00,1.0,47-2151,False,False,1.0,47-2151,False,False,False
47-2152,"Plumbers, Pipefitters, and Steamfitters",47,Construction & Extraction,0.0185185185185185,0.0753161698283649,0.1321138211382113,0.024390243902439,0.0643631436314362,0.1043360433604336,-1.121219,0.35,18.04,20.63,15.44,36.08,16.42,18.55,14.12,35.91,20.63,2.0,47-2152.00;47-2152.04,1.0,47-2152,False,False,1.0,47-2152,False,False,True
47-2161,Plasterers and Stucco Masons,47,Construction & Extraction,0.0769230769230769,0.0769230769230769,0.0769230769230769,0.0,0.0384615384615384,0.0769230769230769,-1.755588,0.84,18.54,13.92,2.6,67.75,16.85,12.22,2.25,67.74,65.15,1.0,47-2161.00,1.0,47-2161,False,False,1.0,47-2161,False,False,False
47-2171,Reinforcing Iron and Rebar Workers,47,Construction & Extraction,0.0,0.0714285714285714,0.1428571428571428,0.0,0.0,0.0,-1.970997,0.9,17.46,4.04,0.58,76.62,15.91,3.57,0.5,76.54,76.05,1.0,47-2171.00,1.0,47-2171,False,False,1.0,47-2171,False,False,False
47-2181,Roofers,47,Construction & Extraction,0.0,0.04,0.08,0.0,0.0,0.0,-1.752941,0.9,11.11,4.04,2.89,76.62,10.03,3.57,2.5,76.54,73.74,1.0,47-2181.00,1.0,47-2181,False,False,1.0,47-2181,False,False,False
47-2211,Sheet Metal Workers,47,Construction & Extraction,0.0,0.0657894736842105,0.131578947368421,0.0,0.0394736842105263,0.0789473684210526,-1.174972,0.82,16.16,14.43,13.42,64.36,14.79,12.78,12.12,64.38,50.94,1.0,47-2211.00,1.0,47-2211,False,False,1.0,47-2211,False,False,False
47-2221,Structural Iron and Steel Workers,47,Construction & Extraction,0.0,0.0285714285714285,0.0571428571428571,0.0,0.0,0.0,-1.780065,0.83,9.02,4.04,2.02,65.95,8.08,3.57,1.75,65.95,63.92,1.0,47-2221.00,1.0,47-2221,False,False,1.0,47-2221,False,False,False
47-3011,"Helpers--Brickmasons, Blockmasons, Stonemasons, and Tile and Marble Setters",47,Construction & Extraction,0.0,0.0,0.0,0.0,0.0,0.0,-1.94229,0.83,3.32,4.04,0.87,65.95,3.01,3.57,0.75,65.95,65.08,1.0,47-3011.00,1.0,47-3011,False,False,1.0,47-3011,False,False,False
47-3012,Helpers--Carpenters,47,Construction & Extraction,0.0,0.0,0.0,0.0,0.0,0.0,-1.425282,0.92,3.32,4.04,6.78,80.81,3.01,3.57,6.12,80.69,77.49,1.0,47-3012.00,1.0,47-3012,False,False,1.0,47-3012,False,False,False
47-3013,Helpers--Electricians,47,Construction & Extraction,0.024390243902439,0.024390243902439,0.024390243902439,0.0,0.0,0.0,-1.506896,0.74,8.44,4.04,6.2,57.5,7.58,3.57,5.62,57.58,51.3,1.0,47-3013.00,1.0,47-3013,False,False,1.0,47-3013,False,False,False
47-3014,"Helpers--Painters, Paperhangers, Plasterers, and Stucco Masons",47,Construction & Extraction,0.0,0.0,0.0,0.0,0.0,0.0,-2.04484,0.94,3.32,4.04,0.43,85.21,3.01,3.57,0.38,85.12,84.78,1.0,47-3014.00,1.0,47-3014,False,False,1.0,47-3014,False,False,False
47-3015,"Helpers--Pipelayers, Plumbers, Pipefitters, and Steamfitters",47,Construction & Extraction,0.0,0.0,0.0,0.0,0.0,0.0,-1.678876,0.57,3.32,4.04,4.04,45.82,3.01,3.57,3.62,45.71,42.5,1.0,47-3015.00,1.0,47-3015,False,False,1.0,47-3015,False,False,False
47-3016,Helpers--Roofers,47,Construction & Extraction,0.0,0.0,0.0,0.0,0.0,0.0,-1.89822,0.72,3.32,4.04,1.3,55.92,3.01,3.57,1.12,55.94,54.62,1.0,47-3016.00,1.0,47-3016,False,False,1.0,47-3016,False,False,False
47-4011,Construction and Building Inspectors,47,Construction & Extraction,0.0,0.3341042893187552,0.6682085786375105,0.073170731707317,0.2823801513877207,0.4915895710681245,0.2860245,0.63,54.83,54.26,60.32,49.57,51.0,50.75,56.88,49.57,10.75,2.0,47-4011.00;47-4011.01,1.0,47-4011,False,False,1.0,47-4011,False,False,True
47-4021,Elevator and Escalator Installers and Repairers,47,Construction & Extraction,0.1578947368421052,0.1842105263157894,0.2105263157894736,0.0,0.0789473684210526,0.1578947368421052,-0.8604742,0.39,35.71,24.68,26.55,38.46,32.89,22.31,24.38,38.27,11.9,1.0,47-4021.00,1.0,47-4021,False,False,1.0,47-4021,False,False,False
47-4031,Fence Erectors,47,Construction & Extraction,0.0512820512820512,0.0512820512820512,0.0512820512820512,0.0,0.0256410256410256,0.0512820512820512,-1.902113,0.92,13.85,10.39,1.15,80.81,12.66,9.15,1.0,80.69,79.65,1.0,47-4031.00,1.0,47-4031,False,False,1.0,47-4031,False,False,False
47-4041,Hazardous Materials Removal Workers,47,Construction & Extraction,0.032258064516129,0.0806451612903225,0.1290322580645161,0.0,0.032258064516129,0.064516129032258,-0.6887439,0.53,19.77,12.55,33.77,43.8,17.92,11.03,30.63,43.56,24.03,1.0,47-4041.00,1.0,47-4041,False,False,1.0,47-4041,False,False,False
47-4051,Highway Maintenance Workers,47,Construction & Extraction,0.0,0.0161290322580645,0.032258064516129,0.0,0.0,0.0,-1.27909,0.87,7.07,4.04,10.1,71.79,6.39,3.57,9.12,71.75,64.72,1.0,47-4051.00,1.0,47-4051,False,False,1.0,47-4051,False,False,False
47-4061,Rail-Track Laying and Maintenance Equipment Operators,47,Construction & Extraction,0.0,0.0,0.0,0.0,0.0,0.0,-1.39906,0.89,3.32,4.04,7.65,74.89,3.01,3.57,6.88,74.82,71.57,1.0,47-4061.00,1.0,47-4061,False,False,1.0,47-4061,False,False,False
47-4071,Septic Tank Servicers and Sewer Pipe Cleaners,47,Construction & Extraction,0.0625,0.078125,0.09375,0.03125,0.09375,0.15625,-1.210591,0.83,19.05,28.21,12.12,65.95,17.29,25.69,10.88,65.95,53.82,1.0,47-4071.00,1.0,47-4071,False,False,1.0,47-4071,False,False,False
47-4091,Segmental Pavers,47,Construction & Extraction,0.0,0.0416666666666666,0.0833333333333333,0.0,0.0833333333333333,0.1666666666666666,-0.9827304,0.83,11.69,25.83,20.49,65.95,10.59,23.37,18.62,65.95,54.26,1.0,47-4091.00,1.0,47-4091,False,False,1.0,47-4091,False,False,False
47-5011,"Derrick Operators, Oil and Gas",47,Construction & Extraction,0.0,0.0,0.0,0.0,0.0,0.0,-1.415002,0.8,3.32,4.04,6.93,62.41,3.01,3.57,6.25,62.45,59.09,1.0,47-5011.00,1.0,47-5011,False,False,1.0,47-5011,False,False,False
47-5012,"Rotary Drill Operators, Oil and Gas",47,Construction & Extraction,0.0526315789473684,0.0526315789473684,0.0526315789473684,0.0,0.0263157894736842,0.0526315789473684,-0.7737326,0.53,14.0,10.82,29.58,43.8,12.78,9.52,27.0,43.56,29.8,1.0,47-5012.00,1.0,47-5012,False,False,1.0,47-5012,False,False,False
47-5013,"Service Unit Operators, Oil and Gas",47,Construction & Extraction,0.064516129032258,0.064516129032258,0.064516129032258,0.064516129032258,0.1451612903225806,0.2258064516129032,-0.971916,0.93,15.66,36.65,21.5,82.61,14.35,34.09,19.5,82.47,66.96,1.0,47-5013.00,1.0,47-5013,False,False,1.0,47-5013,False,False,False
47-5022,"Excavating and Loading Machine and Dragline Operators, Surface Mining",47,Construction & Extraction,0.0,0.0,0.0,0.0,0.0,0.0,-1.144356,0.94,3.32,4.04,14.72,85.21,3.01,3.57,13.44,85.12,81.89,1.0,47-5022.00,1.0,53-7032,True,False,1.0,53-7032,True,False,True
47-5023,"Earth Drillers, Except Oil and Gas",47,Construction & Extraction,0.0909090909090909,0.1363636363636363,0.1818181818181818,0.0,0.1136363636363636,0.2272727272727273,-0.7018391,0.85,28.72,30.74,33.33,68.98,25.94,28.57,30.25,68.96,40.26,1.0,47-5023.00,1.0,47-5021,True,False,1.0,47-5021,True,False,True
47-5032,"Explosives Workers, Ordnance Handling Experts, and Blasters",47,Construction & Extraction,0.125,0.1354166666666666,0.1458333333333333,0.0208333333333333,0.1145833333333333,0.2083333333333333,-0.73743305,0.665,28.43,31.02,31.46,52.24,25.69,28.82,28.62,52.22,23.81,1.0,47-5032.00,2.0,47-5021;47-5031,True,True,2.0,47-5021;47-5031,True,True,True
47-5041,Continuous Mining Machine Operators,47,Construction & Extraction,0.0,0.0,0.0,0.0,0.06,0.12,-1.165492,0.54,3.32,19.77,13.85,44.23,3.01,17.79,12.5,43.99,40.91,1.0,47-5041.00,1.0,47-5041,False,False,1.0,47-5041,False,False,False
47-5043,"Roof Bolters, Mining",47,Construction & Extraction,0.0,0.0,0.0,0.0,0.0,0.0,-1.618518,0.49,3.32,4.04,4.76,42.42,3.01,3.57,4.25,42.2,39.11,1.0,47-5043.00,1.0,47-5061,False,False,1.0,47-5061,False,False,False
47-5044,"Loading and Moving Machine Operators, Underground Mining",47,Construction & Extraction,0.0232558139534883,0.0232558139534883,0.0232558139534883,0.0232558139534883,0.0813953488372093,0.1395348837209302,-1.307343,0.435,8.23,25.4,9.52,40.55,7.39,22.93,8.5,40.34,32.32,1.0,47-5044.00,2.0,53-7033;53-7111,False,True,2.0,53-7033;53-7111,False,True,True
47-5051,"Rock Splitters, Quarry",47,Construction & Extraction,0.0,0.0769230769230769,0.1538461538461538,0.0,0.0769230769230769,0.1538461538461538,-1.763494,0.96,18.54,24.17,2.45,90.4,16.85,21.74,2.12,90.34,87.95,1.0,47-5051.00,1.0,47-5051,False,False,1.0,47-5051,False,False,False
47-5071,"Roustabouts, Oil and Gas",47,Construction & Extraction,0.0,0.0,0.0,0.0,0.0,0.0,-1.518977,0.68,3.32,4.04,5.92,53.54,3.01,3.57,5.38,53.51,50.22,1.0,47-5071.00,1.0,47-5071,False,False,1.0,47-5071,False,False,False
47-5081,Helpers--Extraction Workers,47,Construction & Extraction,0.0,0.0,0.0,0.0,0.0652173913043478,0.1304347826086956,-1.543154,0.37,3.32,21.28,5.63,37.09,3.01,19.11,5.12,36.91,33.77,1.0,47-5081.00,1.0,47-5081,False,False,1.0,47-5081,False,False,False
49-1011,"First-Line Supervisors of Mechanics, Installers, and Repairers",49,Installation & Repair,0.0256410256410256,0.4102564102564102,0.7948717948717948,0.0769230769230769,0.2692307692307692,0.4615384615384615,-0.0205169,0.003,64.07,52.24,53.39,0.36,60.9,48.87,49.0,0.36,63.71,1.0,49-1011.00,1.0,49-1011,False,False,1.0,49-1011,False,False,False
49-2011,"Computer, Automated Teller, and Office Machine Repairers",49,Installation & Repair,0.2857142857142857,0.3673469387755101,0.4489795918367346,0.0816326530612244,0.2040816326530612,0.3265306122448979,-0.3458247,0.74,58.23,44.3,45.6,57.5,54.57,40.98,41.25,57.58,12.63,1.0,49-2011.00,1.0,49-2011,False,False,1.0,49-2011,False,False,False
49-2021,"Radio, Cellular, and Tower Equipment Installers and Repairers",49,Installation & Repair,0.0476190476190476,0.1071428571428571,0.1666666666666666,0.0476190476190476,0.0833333333333333,0.119047619047619,-0.6335382,0.93,25.32,25.83,35.64,82.61,22.87,23.37,32.38,82.47,57.29,1.0,49-2021.00,1.0,49-2021,False,False,1.0,49-2021,False,False,False
49-2022,"Telecommunications Equipment Installers and Repairers, Except Line Installers",49,Installation & Repair,0.234375,0.28125,0.328125,0.109375,0.203125,0.296875,-0.853048,0.36,48.41,44.16,26.98,36.51,44.8,40.85,24.75,36.34,21.43,1.0,49-2022.00,1.0,49-2022,False,False,1.0,49-2022,False,False,False
49-2091,Avionics Technicians,49,Installation & Repair,0.12,0.24,0.36,0.08,0.14,0.2,-0.1728535,0.7,41.99,35.43,50.36,54.47,38.72,33.02,45.75,54.43,12.48,1.0,49-2091.00,1.0,49-2091,False,False,1.0,49-2091,False,False,False
49-2092,"Electric Motor, Power Tool, and Related Repairers",49,Installation & Repair,0.0961538461538461,0.1057692307692307,0.1153846153846153,0.0,0.0192307692307692,0.0384615384615384,-0.8106341,0.76,25.11,8.8,28.72,59.02,22.68,7.77,26.25,59.08,33.91,1.0,49-2092.00,1.0,49-2092,False,False,1.0,49-2092,False,False,False
49-2093,"Electrical and Electronics Installers and Repairers, Transportation Equipment",49,Installation & Repair,0.16,0.24,0.32,0.08,0.16,0.24,-0.8303875,0.91,41.99,39.25,27.85,78.79,38.72,36.34,25.5,78.68,50.94,1.0,49-2093.00,1.0,49-2093,False,False,1.0,49-2093,False,False,False
49-2094,"Electrical and Electronics Repairers, Commercial and Industrial Equipment",49,Installation & Repair,0.1794871794871795,0.3076923076923077,0.4358974358974359,0.1794871794871795,0.282051282051282,0.3846153846153846,-0.4632031,0.41,52.09,54.04,42.42,39.39,47.99,50.56,38.5,39.2,12.7,1.0,49-2094.00,1.0,49-2094,False,False,1.0,49-2094,False,False,False
49-2095,"Electrical and Electronics Repairers, Powerhouse, Substation, and Relay",49,Installation & Repair,0.24,0.34,0.44,0.0,0.16,0.32,-0.5522636,0.38,55.12,39.25,38.82,37.81,51.25,36.34,35.25,37.63,17.32,1.0,49-2095.00,1.0,49-2095,False,False,1.0,49-2095,False,False,False
49-2096,"Electronic Equipment Installers and Repairers, Motor Vehicles",49,Installation & Repair,0.1666666666666666,0.1666666666666666,0.1666666666666666,0.0,0.125,0.25,-0.7915968,0.61,33.62,32.83,29.0,48.2,30.83,30.51,26.5,48.21,19.19,1.0,49-2096.00,1.0,49-2096,False,False,1.0,49-2096,False,False,False
49-2097,Audiovisual Equipment Installers and Repairers,49,Installation & Repair,0.1904761904761904,0.238095238095238,0.2857142857142857,0.0,0.0952380952380952,0.1904761904761904,-0.571284,0.65,41.34,28.5,37.95,51.08,38.16,26.0,34.38,51.07,13.13,1.0,49-2097.00,1.0,49-2097,False,False,1.0,49-2097,False,False,False
49-2098,Security and Fire Alarm Systems Installers,49,Installation & Repair,0.0666666666666666,0.1666666666666666,0.2666666666666666,0.1,0.1833333333333333,0.2666666666666666,-0.6926484,0.82,33.62,42.42,33.48,64.36,30.83,39.1,30.38,64.38,30.88,1.0,49-2098.00,1.0,49-2098,False,False,1.0,49-2098,False,False,False
49-3011,Aircraft Mechanics and Service Technicians,49,Installation & Repair,0.0895522388059701,0.1343283582089552,0.1791044776119403,0.0149253731343283,0.0597014925373134,0.1044776119402985,-0.6551197,0.71,28.14,19.62,34.92,55.12,25.44,17.67,31.75,55.08,26.98,1.0,49-3011.00,1.0,49-3011,False,False,1.0,49-3011,False,False,False
49-3021,Automotive Body and Related Repairers,49,Installation & Repair,0.0,0.0425531914893617,0.0851063829787234,0.0212765957446808,0.0425531914893617,0.0638297872340425,-1.180589,0.91,12.34,16.31,13.28,78.79,11.22,14.41,12.0,78.68,66.45,1.0,49-3021.00,1.0,49-3021,False,False,1.0,49-3021,False,False,False
49-3022,Automotive Glass Installers and Repairers,49,Installation & Repair,0.0,0.0,0.0,0.0,0.0,0.0,-1.202285,0.55,3.32,4.04,12.41,44.81,3.01,3.57,11.12,44.56,41.49,1.0,49-3022.00,1.0,49-3022,False,False,1.0,49-3022,False,False,False
49-3023,Automotive Service Technicians and Mechanics,49,Installation & Repair,0.0363636363636363,0.0818181818181818,0.1272727272727272,0.0363636363636363,0.0727272727272727,0.109090909090909,-0.9547055,0.59,20.2,22.94,22.8,46.75,18.3,20.68,20.75,46.71,26.55,1.0,49-3023.00,1.0,49-3023,False,False,1.0,49-3023,False,False,False
49-3031,Bus and Truck Mechanics and Diesel Engine Specialists,49,Installation & Repair,0.0,0.0,0.0,0.0,0.0,0.0,-1.010472,0.73,3.32,4.04,19.34,56.78,3.01,3.57,17.62,56.87,53.46,1.0,49-3031.00,1.0,49-3031,False,False,1.0,49-3031,False,False,False
49-3041,Farm Equipment Mechanics and Service Technicians,49,Installation & Repair,0.1153846153846153,0.1153846153846153,0.1153846153846153,0.1538461538461538,0.173076923076923,0.1923076923076923,-1.20703,0.75,26.19,41.27,12.27,58.23,23.75,38.1,11.0,58.3,45.96,1.0,49-3041.00,1.0,49-3041,False,False,1.0,49-3041,False,False,False
49-3042,"Mobile Heavy Equipment Mechanics, Except Engines",49,Installation & Repair,0.05,0.1,0.15,0.05,0.125,0.2,-1.169815,0.4,23.45,32.83,13.56,38.89,21.12,30.51,12.25,38.7,25.32,1.0,49-3042.00,1.0,49-3042,False,False,1.0,49-3042,False,False,False
49-3043,Rail Car Repairers,49,Installation & Repair,0.064516129032258,0.0967741935483871,0.1290322580645161,0.064516129032258,0.064516129032258,0.064516129032258,-1.448102,0.88,22.94,20.85,6.49,73.3,20.68,18.73,5.88,73.25,66.81,1.0,49-3043.00,1.0,49-3043,False,False,1.0,49-3043,False,False,False
49-3051,Motorboat Mechanics and Service Technicians,49,Installation & Repair,0.0769230769230769,0.0769230769230769,0.0769230769230769,0.0,0.0384615384615384,0.0769230769230769,-0.8863602,0.66,18.54,13.92,24.96,51.8,16.85,12.22,22.88,51.79,33.26,1.0,49-3051.00,1.0,49-3051,False,False,1.0,49-3051,False,False,False
49-3052,Motorcycle Mechanics,49,Installation & Repair,0.0,0.0,0.0,0.0,0.0,0.0,-0.763721,0.79,3.32,4.04,30.01,61.47,3.01,3.57,27.38,61.52,58.15,1.0,49-3052.00,1.0,49-3052,False,False,1.0,49-3052,False,False,False
49-3053,Outdoor Power Equipment and Other Small Engine Mechanics,49,Installation & Repair,0.1428571428571428,0.1785714285714285,0.2142857142857142,0.0714285714285714,0.1071428571428571,0.1428571428571428,-0.8941408,0.93,34.92,29.87,24.39,82.61,32.08,27.44,22.38,82.47,58.23,1.0,49-3053.00,1.0,49-3053,False,False,1.0,49-3053,False,False,False
49-3091,Bicycle Repairers,49,Installation & Repair,0.0,0.1034482758620689,0.2068965517241379,0.0689655172413793,0.0689655172413793,0.0689655172413793,-0.9226068,0.94,24.1,22.15,23.67,85.21,21.8,19.86,21.62,85.12,61.54,1.0,49-3091.00,1.0,49-3091,False,False,1.0,49-3091,False,False,False
49-3092,Recreational Vehicle Service Technicians,49,Installation & Repair,0.0606060606060606,0.0606060606060606,0.0606060606060606,0.0606060606060606,0.0909090909090909,0.1212121212121212,-0.9244052,0.59,15.01,27.71,23.52,46.75,13.66,25.06,21.5,46.71,31.75,1.0,49-3092.00,1.0,49-3092,False,False,1.0,49-3092,False,False,False
49-3093,Tire Repairers and Changers,49,Installation & Repair,0.0,0.0,0.0,0.0,0.0,0.0,-1.550724,0.7,3.32,4.04,5.48,54.47,3.01,3.57,5.0,54.43,51.15,1.0,49-3093.00,1.0,49-3093,False,False,1.0,49-3093,False,False,False
49-9011,Mechanical Door Repairers,49,Installation & Repair,0.0909090909090909,0.1363636363636363,0.1818181818181818,0.0454545454545454,0.0681818181818181,0.0909090909090909,-1.383152,0.91,28.72,21.86,8.37,78.79,25.94,19.61,7.5,78.68,70.42,1.0,49-9011.00,1.0,49-9011,False,False,1.0,49-9011,False,False,False
49-9012,"Control and Valve Installers and Repairers, Except Mechanical Door",49,Installation & Repair,0.0952380952380952,0.1309523809523809,0.1666666666666666,0.0476190476190476,0.0714285714285714,0.0952380952380952,-0.7606913,0.63,27.85,22.58,30.3,49.57,25.19,20.3,27.62,49.57,21.72,1.0,49-9012.00,1.0,49-9012,False,False,1.0,49-9012,False,False,False
49-9021,"Heating, Air Conditioning, and Refrigeration Mechanics and Installers",49,Installation & Repair,0.0701754385964912,0.1052631578947368,0.1403508771929824,0.0701754385964912,0.1403508771929824,0.2105263157894736,-0.8491117,0.65,24.82,35.64,27.13,51.08,22.43,33.21,24.88,51.07,26.26,1.0,49-9021.00,1.0,49-9021,False,False,1.0,49-9021,False,False,False
49-9031,Home Appliance Repairers,49,Installation & Repair,0.0727272727272727,0.1454545454545454,0.2181818181818181,0.0727272727272727,0.109090909090909,0.1454545454545454,-0.9703799,0.72,30.45,30.01,21.93,55.92,27.69,27.57,20.0,55.94,33.98,1.0,49-9031.00,1.0,49-9031,False,False,1.0,49-9031,False,False,False
49-9041,Industrial Machinery Mechanics,49,Installation & Repair,0.1935483870967742,0.2741935483870967,0.3548387096774194,0.064516129032258,0.1451612903225806,0.2258064516129032,-1.133177,0.67,47.33,36.65,15.01,52.74,43.86,34.09,13.75,52.72,37.73,1.0,49-9041.00,1.0,49-9041,False,False,1.0,49-9041,False,False,False
49-9043,"Maintenance Workers, Machinery",49,Installation & Repair,0.1142857142857142,0.1428571428571428,0.1714285714285714,0.1142857142857142,0.1142857142857142,0.1142857142857142,-0.9735492,0.86,29.87,30.88,21.21,70.27,27.13,28.7,19.25,70.24,49.06,1.0,49-9043.00,1.0,49-9043,False,False,1.0,49-9043,False,False,False
49-9044,Millwrights,49,Installation & Repair,0.0,0.0217391304347826,0.0434782608695652,0.0,0.0434782608695652,0.0869565217391304,-1.266085,0.59,7.94,16.45,10.53,46.75,7.14,14.6,9.5,46.71,38.82,1.0,49-9044.00,1.0,49-9044,False,False,1.0,49-9044,False,False,False
49-9045,"Refractory Materials Repairers, Except Brickmasons",49,Installation & Repair,0.0,0.0,0.0,0.0,0.0,0.0,-1.237463,0.82,3.32,4.04,10.82,64.36,3.01,3.57,9.75,64.38,61.04,1.0,49-9045.00,1.0,49-9045,False,False,1.0,49-9045,False,False,False
49-9051,Electrical Power-Line Installers and Repairers,49,Installation & Repair,0.0,0.0,0.0,0.0,0.0,0.0,-1.081398,0.097,3.32,4.04,16.74,24.39,3.01,3.57,15.38,24.32,21.07,1.0,49-9051.00,1.0,49-9051,False,False,1.0,49-9051,False,False,False
49-9052,Telecommunications Line Installers and Repairers,49,Installation & Repair,0.03125,0.03125,0.03125,0.0,0.03125,0.0625,-1.083883,0.49,9.67,12.05,16.59,42.42,8.65,10.59,15.25,42.2,32.76,1.0,49-9052.00,1.0,49-9052,False,False,1.0,49-9052,False,False,False
49-9061,Camera and Photographic Equipment Repairers,49,Installation & Repair,0.04,0.24,0.44,0.0,0.04,0.08,0.0546422,0.97,41.99,14.79,54.98,93.43,38.72,13.1,50.5,93.35,51.44,1.0,49-9061.00,1.0,49-9061,False,False,1.0,49-9061,False,False,False
49-9062,Medical Equipment Repairers,49,Installation & Repair,0.1515151515151515,0.303030303030303,0.4545454545454546,0.2121212121212121,0.2727272727272727,0.3333333333333333,-0.2768838,0.27,51.66,52.38,46.75,33.48,47.62,49.0,42.5,33.33,18.18,1.0,49-9062.00,1.0,49-9062,False,False,1.0,49-9062,False,False,False
49-9063,Musical Instrument Repairers and Tuners,49,Installation & Repair,0.0,0.0196078431372549,0.0392156862745098,0.0,0.0,0.0,-0.5306271,0.91,7.36,4.04,39.39,78.79,6.64,3.57,35.75,78.68,71.43,1.0,49-9063.00,1.0,49-9063,False,False,1.0,49-9063,False,False,False
49-9064,Watch and Clock Repairers,49,Installation & Repair,0.1333333333333333,0.1999999999999999,0.2666666666666666,0.0666666666666666,0.1666666666666666,0.2666666666666666,-0.2123996,0.99,37.59,40.04,48.77,99.21,34.59,37.03,44.25,99.21,61.62,1.0,49-9064.00,1.0,49-9064,False,False,1.0,49-9064,False,False,False
49-9071,"Maintenance and Repair Workers, General",49,Installation & Repair,0.0392156862745098,0.1372549019607843,0.2352941176470588,0.0,0.0784313725490196,0.1568627450980392,-1.014408,0.64,29.0,24.53,19.19,50.29,26.19,22.18,17.5,50.29,31.1,1.0,49-9071.00,1.0,49-9071,False,False,1.0,49-9071,False,False,False
49-9091,"Coin, Vending, and Amusement Machine Servicers and Repairers",49,Installation & Repair,0.3214285714285714,0.3214285714285714,0.3214285714285714,0.1785714285714285,0.1964285714285714,0.2142857142857142,-0.7233995,0.94,53.25,43.58,32.61,85.21,49.25,40.23,29.62,85.12,52.6,1.0,49-9091.00,1.0,49-9091,False,False,1.0,49-9091,False,False,False
49-9092,Commercial Divers,49,Installation & Repair,0.0,0.0666666666666666,0.1333333333333333,0.0,0.0888888888888888,0.1777777777777777,-1.102728,0.18,16.45,27.34,15.87,29.37,15.04,24.75,14.62,29.26,13.49,1.0,49-9092.00,1.0,49-9092,False,False,1.0,49-9092,False,False,False
49-9094,Locksmiths and Safe Repairers,49,Installation & Repair,0.08,0.08,0.08,0.08,0.08,0.08,-0.8657498,0.77,19.48,24.89,26.26,59.81,17.67,22.49,24.12,59.87,40.33,1.0,49-9094.00,1.0,49-9094,False,False,1.0,49-9094,False,False,False
49-9095,Manufactured Building and Mobile Home Installers,49,Installation & Repair,0.0769230769230769,0.0769230769230769,0.0769230769230769,0.0769230769230769,0.1153846153846153,0.1538461538461538,-1.414062,0.18,18.54,31.17,7.07,29.37,16.85,28.95,6.38,29.26,22.29,1.0,49-9095.00,1.0,49-9095,False,False,1.0,49-9095,False,False,False
49-9096,Riggers,49,Installation & Repair,0.0,0.0,0.0,0.0,0.037037037037037,0.074074074074074,-1.221519,0.89,3.32,13.35,11.54,74.89,3.01,11.72,10.38,74.82,71.57,1.0,49-9096.00,1.0,49-9096,False,False,1.0,49-9096,False,False,False
49-9097,Signal and Track Switch Repairers,49,Installation & Repair,0.0769230769230769,0.0769230769230769,0.0769230769230769,0.0,0.0384615384615384,0.0769230769230769,-0.858221,0.9,18.54,13.92,26.84,76.62,16.85,12.22,24.62,76.54,58.08,1.0,49-9097.00,1.0,49-9097,False,False,1.0,49-9097,False,False,False
49-9098,"Helpers--Installation, Maintenance, and Repair Workers",49,Installation & Repair,0.0,0.0333333333333333,0.0666666666666666,0.0,0.0,0.0,-1.346555,0.79,10.03,4.04,8.66,61.47,8.96,3.57,7.75,61.52,52.81,1.0,49-9098.00,1.0,49-9098,False,False,1.0,49-9098,False,False,False
49-9099,"Installation, Maintenance, and Repair Workers, All Other",49,Installation & Repair,0.064516129032258,0.2096774193548387,0.3548387096774194,0.2903225806451612,0.3064516129032258,0.3225806451612903,-0.98145905,0.96,38.67,56.57,20.78,90.4,35.84,53.26,18.88,90.34,69.62,1.0,49-9099.01,2.0,49-9093;49-9099,False,True,1.0,49-9093,False,False,True
51-1011,First-Line Supervisors of Production and Operating Workers,51,Production,0.15,0.4,0.65,0.0,0.225,0.45,-0.0845282,0.016,62.55,46.03,52.24,10.61,59.27,42.73,47.38,10.52,51.95,1.0,51-1011.00,1.0,51-1011,False,False,1.0,51-1011,False,False,False
51-2011,"Aircraft Structure, Surfaces, Rigging, and Systems Assemblers",51,Production,0.0,0.025,0.05,0.0,0.025,0.05,-0.8684706,0.79,8.66,10.17,25.97,61.47,7.77,8.96,23.88,61.52,52.81,1.0,51-2011.00,1.0,51-2011,False,False,1.0,51-2011,False,False,False
51-2021,"Coil Winders, Tapers, and Finishers",51,Production,0.2222222222222222,0.2222222222222222,0.2222222222222222,0.0,0.1388888888888889,0.2777777777777778,-0.8289722,0.73,39.61,34.99,28.14,56.78,36.65,32.64,25.75,56.87,28.64,1.0,51-2021.00,1.0,51-2021,False,False,1.0,51-2021,False,False,False
51-2022,Electrical and Electronic Equipment Assemblers,51,Production,0.0384615384615384,0.0961538461538461,0.1538461538461538,0.0,0.0576923076923076,0.1153846153846153,-0.6248807,0.95,22.8,19.05,36.08,88.02,20.55,17.17,32.75,87.98,65.22,1.0,51-2022.00,1.0,51-2022,False,False,1.0,51-2022,False,False,False
51-2023,Electromechanical Equipment Assemblers,51,Production,0.0,0.0454545454545454,0.0909090909090909,0.0,0.0,0.0,-0.4977276,0.97,13.13,4.04,41.13,93.43,12.03,3.57,37.38,93.35,80.3,1.0,51-2023.00,1.0,51-2023,False,False,1.0,51-2023,False,False,False
51-2031,Engine and Other Machine Assemblers,51,Production,0.0,0.0952380952380952,0.1904761904761904,0.0,0.0,0.0,-0.9561453,0.82,22.66,4.04,22.66,64.36,20.43,3.57,20.62,64.38,41.7,1.0,51-2031.00,1.0,51-2031,False,False,1.0,51-2031,False,False,False
51-2041,Structural Metal Fabricators and Fitters,51,Production,0.0,0.0227272727272727,0.0454545454545454,0.0,0.0227272727272727,0.0454545454545454,-1.076307,0.41,8.08,9.6,17.03,39.39,7.27,8.46,15.62,39.2,31.31,1.0,51-2041.00,1.0,51-2041,False,False,1.0,51-2041,False,False,False
51-2051,Fiberglass Laminators and Fabricators,51,Production,0.0,0.0208333333333333,0.0416666666666666,0.0833333333333333,0.0833333333333333,0.0833333333333333,-1.216496,0.93,7.65,25.83,11.98,82.61,6.89,23.37,10.75,82.47,74.96,1.0,51-2051.00,1.0,51-2091,False,False,1.0,51-2091,False,False,False
51-2061,Timing Device Assemblers and Adjusters,51,Production,0.0,0.06,0.12,0.0,0.0,0.0,-0.2552991,0.98,14.86,4.04,47.62,96.83,13.53,3.57,43.25,96.78,81.96,1.0,51-2061.00,1.0,51-2093,False,False,1.0,51-2093,False,False,False
51-2092,Team Assemblers,51,Production,0.1764705882352941,0.2352941176470588,0.2941176470588235,0.0,0.088235294117647,0.1764705882352941,-0.8305441,0.97,40.98,27.06,27.71,93.43,37.84,24.5,25.37,93.35,65.73,1.0,51-2092.00,1.0,51-2092,False,False,1.0,51-2092,False,False,False
51-3011,Bakers,51,Production,0.1470588235294117,0.2647058823529412,0.3823529411764705,0.088235294117647,0.1176470588235294,0.1470588235294117,-0.3852989,0.89,45.31,31.46,44.01,74.89,42.11,29.2,39.88,74.82,30.88,1.0,51-3011.00,1.0,51-3011,False,False,1.0,51-3011,False,False,False
51-3021,Butchers and Meat Cutters,51,Production,0.0526315789473684,0.131578947368421,0.2105263157894736,0.0,0.0263157894736842,0.0526315789473684,-0.9709924,0.93,27.99,10.82,21.65,82.61,25.31,9.52,19.75,82.47,60.97,1.0,51-3021.00,1.0,51-3021,False,False,1.0,51-3021,False,False,False
51-3022,"Meat, Poultry, and Fish Cutters and Trimmers",51,Production,0.0,0.0,0.0,0.0,0.0,0.0,-1.10563,0.94,3.32,4.04,15.73,85.21,3.01,3.57,14.5,85.12,81.89,1.0,51-3022.00,1.0,51-3022,False,False,1.0,51-3022,False,False,False
51-3023,Slaughterers and Meat Packers,51,Production,0.0,0.0,0.0,0.0,0.0,0.0,-1.834668,0.6,3.32,4.04,1.44,47.33,3.01,3.57,1.25,47.35,45.89,1.0,51-3023.00,1.0,51-3023,False,False,1.0,51-3023,False,False,False
51-3091,"Food and Tobacco Roasting, Baking, and Drying Machine Operators and Tenders",51,Production,0.0666666666666666,0.0666666666666666,0.0666666666666666,0.0,0.0666666666666666,0.1333333333333333,-0.758859,0.91,16.45,21.65,30.59,78.79,15.04,19.42,27.88,78.68,62.34,1.0,51-3091.00,1.0,51-3091,False,False,1.0,51-3091,False,False,False
51-3092,Food Batchmakers,51,Production,0.1025641025641025,0.1153846153846153,0.1282051282051282,0.1282051282051282,0.1538461538461538,0.1794871794871795,-0.3791114,0.7,26.19,38.17,44.44,54.47,23.75,35.4,40.25,54.43,28.28,1.0,51-3092.00,1.0,51-3092,False,False,1.0,51-3092,False,False,False
51-3093,Food Cooking Machine Operators and Tenders,51,Production,0.1290322580645161,0.1290322580645161,0.1290322580645161,0.0,0.032258064516129,0.064516129032258,-0.5559894,0.61,27.27,12.55,38.53,48.2,24.69,11.03,34.88,48.21,20.92,1.0,51-3093.00,1.0,51-3093,False,False,1.0,51-3093,False,False,False
51-4021,"Extruding and Drawing Machine Setters, Operators, and Tenders, Metal and Plastic",51,Production,0.0,0.0208333333333333,0.0416666666666666,0.0416666666666666,0.0833333333333333,0.125,-1.234352,0.91,7.65,25.83,10.97,78.79,6.89,23.37,9.88,78.68,71.14,1.0,51-4021.00,1.0,51-4021,False,False,1.0,51-4021,False,False,False
51-4022,"Forging Machine Setters, Operators, and Tenders, Metal and Plastic",51,Production,0.0,0.0416666666666666,0.0833333333333333,0.0,0.0416666666666666,0.0833333333333333,-0.8046677,0.93,11.69,15.73,28.86,82.61,10.59,13.91,26.38,82.47,70.92,1.0,51-4022.00,1.0,51-4022,False,False,1.0,51-4022,False,False,False
51-4023,"Rolling Machine Setters, Operators, and Tenders, Metal and Plastic",51,Production,0.1176470588235294,0.1764705882352941,0.2352941176470588,0.0,0.0735294117647058,0.1470588235294117,-1.08921,0.83,34.56,23.16,16.45,65.95,31.77,20.86,15.12,65.95,49.49,1.0,51-4023.00,1.0,51-4023,False,False,1.0,51-4023,False,False,False
51-4031,"Cutting, Punching, and Press Machine Setters, Operators, and Tenders, Metal and Plastic",51,Production,0.0,0.01,0.02,0.0,0.02,0.04,-1.036569,0.78,6.64,8.95,18.47,60.53,6.02,7.89,16.88,60.59,53.9,1.0,51-4031.00,1.0,51-4031,False,False,1.0,51-4031,False,False,False
51-4032,"Drilling and Boring Machine Tool Setters, Operators, and Tenders, Metal and Plastic",51,Production,0.0,0.0303030303030303,0.0606060606060606,0.0,0.0,0.0,-0.7598132,0.94,9.31,4.04,30.45,85.21,8.33,3.57,27.75,85.12,75.9,1.0,51-4032.00,1.0,51-4032,False,False,1.0,51-4032,False,False,False
51-4033,"Grinding, Lapping, Polishing, and Buffing Machine Tool Setters, Operators, and Tenders, Metal and Plastic",51,Production,0.032258064516129,0.064516129032258,0.0967741935483871,0.0,0.064516129032258,0.1290322580645161,-0.9901662,0.95,15.66,20.85,20.35,88.02,14.35,18.73,18.5,87.98,72.37,1.0,51-4033.00,1.0,51-4033,False,False,1.0,51-4033,False,False,False
51-4034,"Lathe and Turning Machine Tool Setters, Operators, and Tenders, Metal and Plastic",51,Production,0.1290322580645161,0.1612903225806451,0.1935483870967742,0.0,0.032258064516129,0.064516129032258,-1.06734,0.84,32.54,12.55,17.17,67.75,29.64,11.03,15.75,67.74,50.58,1.0,51-4034.00,1.0,51-4034,False,False,1.0,51-4034,False,False,False
51-4035,"Milling and Planing Machine Setters, Operators, and Tenders, Metal and Plastic",51,Production,0.2068965517241379,0.2413793103448275,0.2758620689655172,0.0,0.0689655172413793,0.1379310344827586,-0.8703219,0.98,42.71,22.15,25.83,96.83,39.35,19.86,23.75,96.78,71.0,1.0,51-4035.00,1.0,51-4035,False,False,1.0,51-4035,False,False,False
51-4041,Machinists,51,Production,0.1632653061224489,0.2346938775510204,0.3061224489795918,0.0,0.1326530612244897,0.2653061224489795,-0.8675535,0.65,40.84,33.98,26.12,51.08,37.72,31.64,24.0,51.07,24.96,1.0,51-4041.00,1.0,51-4041,False,False,1.0,51-4041,False,False,False
51-4051,Metal-Refining Furnace Operators and Tenders,51,Production,0.0833333333333333,0.1041666666666666,0.125,0.0,0.0416666666666666,0.0833333333333333,-1.167465,0.88,24.46,15.73,13.71,73.3,22.12,13.91,12.38,73.25,59.6,1.0,51-4051.00,1.0,51-4051,False,False,1.0,51-4051,False,False,False
51-4052,"Pourers and Casters, Metal",51,Production,0.0,0.0,0.0,0.0,0.0,0.0,-1.00914,0.87,3.32,4.04,19.48,71.79,3.01,3.57,17.75,71.75,68.47,1.0,51-4052.00,1.0,51-4052,False,False,1.0,51-4052,False,False,False
51-4061,"Model Makers, Metal and Plastic",51,Production,0.1290322580645161,0.1612903225806451,0.1935483870967742,0.0,0.0967741935483871,0.1935483870967742,-0.7421977,0.93,32.54,28.72,31.17,82.61,29.64,26.19,28.38,82.47,51.44,1.0,51-4061.00,1.0,51-4061,False,False,1.0,51-4061,False,False,False
51-4062,"Patternmakers, Metal and Plastic",51,Production,0.0869565217391304,0.1521739130434782,0.217391304347826,0.0,0.1304347826086956,0.2608695652173913,-0.6131331,0.9,31.1,33.77,36.65,76.62,28.26,31.45,33.25,76.54,45.53,1.0,51-4062.00,1.0,51-4062,False,False,1.0,51-4062,False,False,False
51-4071,Foundry Mold and Coremakers,51,Production,0.0,0.0,0.0,0.0,0.0,0.0,-1.740349,0.67,3.32,4.04,3.17,52.74,3.01,3.57,2.75,52.72,49.57,1.0,51-4071.00,1.0,51-4071,False,False,1.0,51-4071,False,False,False
51-4072,"Molding, Coremaking, and Casting Machine Setters, Operators, and Tenders, Metal and Plastic",51,Production,0.0232558139534883,0.0813953488372093,0.1395348837209302,0.0,0.0348837209302325,0.0697674418604651,-1.146139,0.95,19.99,12.99,14.57,88.02,18.11,11.4,13.12,87.98,73.45,1.0,51-4072.00,1.0,51-4072,False,False,1.0,51-4072,False,False,False
51-4081,"Multiple Machine Tool Setters, Operators, and Tenders, Metal and Plastic",51,Production,0.0769230769230769,0.1025641025641025,0.1282051282051282,0.1025641025641025,0.141025641025641,0.1794871794871795,-0.74266,0.91,23.81,36.0,31.02,78.79,21.55,33.52,28.25,78.68,54.98,1.0,51-4081.00,1.0,51-4081,False,False,1.0,51-4081,False,False,False
51-4111,Tool and Die Makers,51,Production,0.09375,0.1875,0.28125,0.0,0.109375,0.21875,-0.5317897,0.84,36.29,30.23,39.11,67.75,33.4,27.76,35.5,67.74,31.46,1.0,51-4111.00,1.0,51-4111,False,False,1.0,51-4111,False,False,False
51-4121,"Welders, Cutters, Solderers, and Brazers",51,Production,0.0784313725490196,0.088235294117647,0.0980392156862745,0.0,0.0392156862745098,0.0784313725490196,-1.197596,0.94,21.21,14.29,12.7,85.21,19.17,12.59,11.5,85.12,72.51,1.0,51-4121.00,1.0,51-4121,False,False,1.0,51-4121,False,False,False
51-4122,"Welding, Soldering, and Brazing Machine Setters, Operators, and Tenders",51,Production,0.0454545454545454,0.0681818181818181,0.0909090909090909,0.0,0.0568181818181818,0.1136363636363636,-1.002411,0.61,16.81,18.76,19.77,48.2,15.35,16.92,18.0,48.21,31.39,1.0,51-4122.00,1.0,51-4122,False,False,1.0,51-4122,False,False,False
51-4191,"Heat Treating Equipment Setters, Operators, and Tenders, Metal and Plastic",51,Production,0.1764705882352941,0.1764705882352941,0.1764705882352941,0.0,0.0588235294117647,0.1176470588235294,-1.092486,0.91,34.56,19.34,16.16,78.79,31.77,17.42,14.88,78.68,62.63,1.0,51-4191.00,1.0,51-4191,False,False,1.0,51-4191,False,False,False
51-4192,"Layout Workers, Metal and Plastic",51,Production,0.0,0.1304347826086956,0.2608695652173913,0.0,0.1521739130434782,0.3043478260869565,-0.7221353,0.84,27.63,37.95,32.76,67.75,25.0,35.21,29.75,67.74,40.12,1.0,51-4192.00,1.0,51-4192,False,False,1.0,51-4192,False,False,False
51-4193,"Plating Machine Setters, Operators, and Tenders, Metal and Plastic",51,Production,0.0625,0.1041666666666666,0.1458333333333333,0.0,0.0416666666666666,0.0833333333333333,-0.8999876,0.92,24.46,15.73,24.24,80.81,22.12,13.91,22.25,80.69,56.57,1.0,51-4193.00,1.0,51-4193,False,False,1.0,51-4193,False,False,False
51-4194,"Tool Grinders, Filers, and Sharpeners",51,Production,0.0,0.0333333333333333,0.0666666666666666,0.0,0.0,0.0,-0.8809238,0.88,10.03,4.04,25.54,73.3,8.96,3.57,23.38,73.25,63.28,1.0,51-4194.00,1.0,51-4194,False,False,1.0,51-4194,False,False,False
51-5111,Prepress Technicians and Workers,51,Production,0.0625,0.4375,0.8125,0.03125,0.109375,0.1875,0.4107973,0.97,68.11,30.23,62.77,93.43,65.54,27.76,59.5,93.35,30.66,1.0,51-5111.00,1.0,51-5111,False,False,1.0,51-5111,False,False,False
51-5112,Printing Press Operators,51,Production,0.175,0.2875,0.4,0.0,0.125,0.25,-0.7093881,0.83,49.49,32.83,33.04,65.95,45.74,30.51,30.0,65.95,32.9,1.0,51-5112.00,1.0,51-5112,False,False,1.0,51-5112,False,False,False
51-5113,Print Binding and Finishing Workers,51,Production,0.0512820512820512,0.0897435897435897,0.1282051282051282,0.0,0.0641025641025641,0.1282051282051282,-0.9062089,0.95,21.5,20.49,23.95,88.02,19.42,18.42,21.88,87.98,66.52,1.0,51-5113.00,1.0,51-5113,False,False,1.0,51-5113,False,False,False
51-6011,Laundry and Dry-Cleaning Workers,51,Production,0.025,0.05,0.075,0.0,0.05,0.1,-1.054399,0.71,13.56,17.6,17.75,55.12,12.41,15.85,16.25,55.08,41.56,1.0,51-6011.00,1.0,51-6011,False,False,1.0,51-6011,False,False,False
51-6021,"Pressers, Textile, Garment, and Related Materials",51,Production,0.0,0.0104166666666666,0.0208333333333333,0.0,0.0208333333333333,0.0416666666666666,-1.950063,0.81,6.78,9.16,0.72,63.28,6.14,8.08,0.62,63.3,62.55,1.0,51-6021.00,1.0,51-6021,False,False,1.0,51-6021,False,False,False
51-6031,Sewing Machine Operators,51,Production,0.0465116279069767,0.0813953488372093,0.1162790697674418,0.0,0.0232558139534883,0.0465116279069767,-0.9639661,0.89,19.99,9.81,22.08,74.89,18.11,8.65,20.12,74.82,54.91,1.0,51-6031.00,1.0,51-6031,False,False,1.0,51-6031,False,False,False
51-6041,Shoe and Leather Workers and Repairers,51,Production,0.0,0.0588235294117647,0.1176470588235294,0.0,0.0588235294117647,0.1176470588235294,-0.990912,0.52,14.65,19.34,20.2,43.43,13.35,17.42,18.38,43.2,28.79,1.0,51-6041.00,1.0,51-6041,False,False,1.0,51-6041,False,False,False
51-6042,Shoe Machine Operators and Tenders,51,Production,0.0869565217391304,0.0869565217391304,0.0869565217391304,0.0,0.0217391304347826,0.0434782608695652,-1.029855,0.97,20.92,9.38,18.76,93.43,18.92,8.27,17.12,93.35,74.68,1.0,51-6042.00,1.0,51-6042,False,False,1.0,51-6042,False,False,False
51-6051,"Sewers, Hand",51,Production,0.0,0.0416666666666666,0.0833333333333333,0.0,0.0416666666666666,0.0833333333333333,-0.5987218,0.99,11.69,15.73,36.94,99.21,10.59,13.91,33.5,99.21,87.52,1.0,51-6051.00,1.0,51-6051,False,False,1.0,51-6051,False,False,False
51-6052,"Tailors, Dressmakers, and Custom Sewers",51,Production,0.0454545454545454,0.0909090909090909,0.1363636363636363,0.0,0.0681818181818181,0.1363636363636363,-0.4305268,0.84,21.79,21.86,43.43,67.75,19.67,19.61,39.38,67.74,45.96,1.0,51-6052.00,1.0,51-6052,False,False,1.0,51-6052,False,False,False
51-6061,Textile Bleaching and Dyeing Machine Operators and Tenders,51,Production,0.131578947368421,0.1578947368421052,0.1842105263157894,0.0,0.1184210526315789,0.2368421052631578,-0.8609312,0.97,32.03,31.6,26.41,93.43,29.2,29.32,24.25,93.35,67.03,1.0,51-6061.00,1.0,51-6061,False,False,1.0,51-6061,False,False,False
51-6062,"Textile Cutting Machine Setters, Operators, and Tenders",51,Production,0.1071428571428571,0.1607142857142857,0.2142857142857142,0.0,0.1428571428571428,0.2857142857142857,-1.022949,0.95,32.32,36.22,18.9,88.02,29.45,33.71,17.25,87.98,69.12,1.0,51-6062.00,1.0,51-6062,False,False,1.0,51-6062,False,False,False
51-6063,"Textile Knitting and Weaving Machine Setters, Operators, and Tenders",51,Production,0.125,0.15625,0.1875,0.0,0.125,0.25,-1.241662,0.73,31.89,32.83,10.68,56.78,29.01,30.51,9.62,56.87,46.1,1.0,51-6063.00,1.0,51-6063,False,False,1.0,51-6063,False,False,False
51-6064,"Textile Winding, Twisting, and Drawing Out Machine Setters, Operators, and Tenders",51,Production,0.0857142857142857,0.0857142857142857,0.0857142857142857,0.0,0.0714285714285714,0.1428571428571428,-1.392929,0.96,20.78,22.58,7.94,90.4,18.8,20.3,7.12,90.34,82.47,1.0,51-6064.00,1.0,51-6064,False,False,1.0,51-6064,False,False,False
51-6091,"Extruding and Forming Machine Setters, Operators, and Tenders, Synthetic and Glass Fibers",51,Production,0.0689655172413793,0.0689655172413793,0.0689655172413793,0.0,0.0862068965517241,0.1724137931034483,-0.8596925,0.88,17.03,26.48,26.7,73.3,15.54,24.0,24.5,73.25,56.28,1.0,51-6091.00,1.0,51-6091,False,False,1.0,51-6091,False,False,False
51-6092,Fabric and Apparel Patternmakers,51,Production,0.125,0.46875,0.8125,0.0,0.1875,0.375,-0.0831096,0.0049,72.51,42.71,52.38,3.75,70.11,39.35,47.5,3.72,68.76,1.0,51-6092.00,1.0,51-6092,False,False,1.0,51-6092,False,False,False
51-6093,Upholsterers,51,Production,0.1176470588235294,0.1911764705882352,0.2647058823529412,0.0294117647058823,0.088235294117647,0.1470588235294117,-1.313735,0.39,36.65,27.06,9.24,38.46,33.71,24.5,8.25,38.27,29.22,1.0,51-6093.00,1.0,51-6093,False,False,1.0,51-6093,False,False,False
51-7011,Cabinetmakers and Bench Carpenters,51,Production,0.0588235294117647,0.1176470588235294,0.1764705882352941,0.0,0.0441176470588235,0.088235294117647,-1.327489,0.92,26.41,16.59,8.8,80.81,23.93,14.79,7.88,80.69,72.01,1.0,51-7011.00,1.0,51-7011,False,False,1.0,51-7011,False,False,False
51-7021,Furniture Finishers,51,Production,0.0,0.0285714285714285,0.0571428571428571,0.0,0.0714285714285714,0.1428571428571428,-1.197727,0.87,9.02,22.58,12.55,71.79,8.08,20.3,11.38,71.75,62.77,1.0,51-7021.00,1.0,51-7021,False,False,1.0,51-7021,False,False,False
51-7031,"Model Makers, Wood",51,Production,0.0769230769230769,0.1538461538461538,0.2307692307692307,0.0,0.1538461538461538,0.3076923076923077,-0.7278869,0.96,31.46,38.17,32.18,90.4,28.57,35.4,29.25,90.34,58.95,1.0,51-7031.00,1.0,51-7031,False,False,1.0,51-7031,False,False,False
51-7032,"Patternmakers, Wood",51,Production,0.2051282051282051,0.2564102564102564,0.3076923076923077,0.1538461538461538,0.282051282051282,0.4102564102564102,-1.057897,0.91,44.16,54.04,17.6,78.79,40.85,50.56,16.12,78.68,61.18,1.0,51-7032.00,1.0,51-7032,False,False,1.0,51-7032,False,False,False
51-7041,"Sawing Machine Setters, Operators, and Tenders, Wood",51,Production,0.0,0.0588235294117647,0.1176470588235294,0.0,0.0147058823529411,0.0294117647058823,-1.165031,0.86,14.65,8.51,14.0,70.27,13.35,7.52,12.62,70.24,56.28,1.0,51-7041.00,1.0,51-7041,False,False,1.0,51-7041,False,False,False
51-7042,"Woodworking Machine Setters, Operators, and Tenders, Except Sawing",51,Production,0.0217391304347826,0.0652173913043478,0.108695652173913,0.0,0.0326086956521739,0.0652173913043478,-1.130357,0.97,16.02,12.84,15.15,93.43,14.66,11.28,13.88,93.35,78.28,1.0,51-7042.00,1.0,51-7042,False,False,1.0,51-7042,False,False,False
51-8011,Nuclear Power Reactor Operators,51,Production,0.1818181818181818,0.3181818181818182,0.4545454545454546,0.0,0.1212121212121212,0.2424242424242424,0.7705302,0.95,52.89,31.75,70.71,88.02,48.81,29.45,68.5,87.98,35.14,1.0,51-8011.00,1.0,51-8011,False,False,1.0,51-8011,False,False,False
51-8012,Power Distributors and Dispatchers,51,Production,0.0833333333333333,0.375,0.6666666666666666,0.0833333333333333,0.2499999999999999,0.4166666666666666,0.5012214,0.64,59.16,49.42,64.79,50.29,55.39,46.05,61.38,50.29,14.5,1.0,51-8012.00,1.0,51-8012,False,False,1.0,51-8012,False,False,False
51-8013,Power Plant Operators,51,Production,0.0825708061002178,0.1552287581699346,0.2278867102396513,0.0,0.0914488017429193,0.1828976034858387,-0.3482779,0.85,31.75,27.99,45.45,68.98,28.82,25.31,41.12,68.96,37.23,3.0,51-8013.00;51-8013.03;51-8013.04,1.0,51-8013,False,False,1.0,51-8013,False,False,True
51-8021,Stationary Engineers and Boiler Operators,51,Production,0.1395348837209302,0.1627906976744186,0.1860465116279069,0.0,0.1046511627906976,0.2093023255813953,-0.5032496,0.89,32.9,29.58,40.84,74.89,30.01,26.94,37.12,74.82,41.99,1.0,51-8021.00,1.0,51-8021,False,False,1.0,51-8021,False,False,False
51-8031,Water and Wastewater Treatment Plant and System Operators,51,Production,0.125,0.125,0.125,0.0,0.125,0.25,-0.44501,0.61,26.91,32.83,43.15,48.2,24.37,30.51,39.12,48.21,21.28,1.0,51-8031.00,1.0,51-8031,False,False,1.0,51-8031,False,False,False
51-8091,Chemical Plant and System Operators,51,Production,0.0303030303030303,0.1515151515151515,0.2727272727272727,0.0909090909090909,0.1515151515151515,0.2121212121212121,-0.3831282,0.85,30.88,37.73,44.3,68.98,28.07,35.03,40.12,68.96,38.1,1.0,51-8091.00,1.0,51-8091,False,False,1.0,51-8091,False,False,False
51-8092,Gas Plant Operators,51,Production,0.0625,0.09375,0.125,0.0,0.078125,0.15625,-0.2982082,0.78,22.15,24.39,46.46,60.53,19.99,21.99,42.0,60.59,38.38,1.0,51-8092.00,1.0,51-8092,False,False,1.0,51-8092,False,False,False
51-8093,"Petroleum Pump System Operators, Refinery Operators, and Gaugers",51,Production,0.048780487804878,0.1951219512195122,0.3414634146341463,0.024390243902439,0.1707317073170731,0.3170731707317073,-0.370036,0.71,37.09,40.62,44.88,55.12,34.09,37.53,40.62,55.08,18.04,1.0,51-8093.00,1.0,51-8093,False,False,1.0,51-8093,False,False,False
51-8099,"Plant and System Operators, All Other",51,Production,0.0,0.0945945945945946,0.1891891891891892,0.0,0.081081081081081,0.1621621621621621,-0.6702387,0.86,22.44,25.18,34.34,70.27,20.24,22.74,31.13,70.24,47.84,1.0,51-8099.01,1.0,51-8099,False,False,1.0,51-8099,False,False,False
51-9011,Chemical Equipment Operators and Tenders,51,Production,0.0869565217391304,0.1521739130434782,0.217391304347826,0.0434782608695652,0.0652173913043478,0.0869565217391304,-0.511521,0.76,31.1,21.28,40.4,59.02,28.26,19.11,36.62,59.08,27.92,1.0,51-9011.00,1.0,51-9011,False,False,1.0,51-9011,False,False,False
51-9012,"Separating, Filtering, Clarifying, Precipitating, and Still Machine Setters, Operators, and Tenders",51,Production,0.1142857142857142,0.1428571428571428,0.1714285714285714,0.0,0.0857142857142857,0.1714285714285714,-0.9379141,0.88,29.87,26.26,23.23,73.3,27.13,23.81,21.25,73.25,50.07,1.0,51-9012.00,1.0,51-9012,False,False,1.0,51-9012,False,False,False
51-9021,"Crushing, Grinding, and Polishing Machine Setters, Operators, and Tenders",51,Production,0.1081081081081081,0.1081081081081081,0.1081081081081081,0.0,0.081081081081081,0.1621621621621621,-1.043476,0.97,25.54,25.18,18.04,93.43,23.06,22.74,16.5,93.35,75.4,1.0,51-9021.00,1.0,51-9021,False,False,1.0,51-9021,False,False,False
51-9022,"Grinding and Polishing Workers, Hand",51,Production,0.0357142857142857,0.0357142857142857,0.0357142857142857,0.0,0.0357142857142857,0.0714285714285714,-1.146524,0.97,10.39,13.13,14.43,93.43,9.27,11.53,13.0,93.35,83.04,1.0,51-9022.00,1.0,51-9022,False,False,1.0,51-9022,False,False,False
51-9023,"Mixing and Blending Machine Setters, Operators, and Tenders",51,Production,0.1111111111111111,0.1111111111111111,0.1111111111111111,0.0555555555555555,0.0833333333333333,0.1111111111111111,-0.819664,0.83,25.83,25.83,28.43,65.95,23.43,23.37,26.0,65.95,40.12,1.0,51-9023.00,1.0,51-9023,False,False,1.0,51-9023,False,False,False
51-9031,"Cutters and Trimmers, Hand",51,Production,0.0,0.0,0.0,0.0,0.0,0.0,-0.9479839,0.64,3.32,4.04,23.09,50.29,3.01,3.57,21.0,50.29,46.97,1.0,51-9031.00,1.0,51-9031,False,False,1.0,51-9031,False,False,False
51-9032,"Cutting and Slicing Machine Setters, Operators, and Tenders",51,Production,0.0454545454545454,0.0681818181818181,0.0909090909090909,0.0,0.0568181818181818,0.1136363636363636,-1.079282,0.86,16.81,18.76,16.88,70.27,15.35,16.92,15.5,70.24,53.46,1.0,51-9032.00,1.0,51-9032,False,False,1.0,51-9032,False,False,False
51-9041,"Extruding, Forming, Pressing, and Compacting Machine Setters, Operators, and Tenders",51,Production,0.075,0.075,0.075,0.025,0.075,0.125,-1.042151,0.93,17.89,23.59,18.18,82.61,16.29,21.24,16.62,82.47,64.72,1.0,51-9041.00,1.0,51-9041,False,False,1.0,51-9041,False,False,False
51-9051,"Furnace, Kiln, Oven, Drier, and Kettle Operators and Tenders",51,Production,0.16,0.16,0.16,0.0,0.04,0.08,-0.9582346,0.37,32.18,14.79,22.51,37.09,29.32,13.1,20.5,36.91,14.57,1.0,51-9051.00,1.0,51-9051,False,False,1.0,51-9051,False,False,False
51-9061,"Inspectors, Testers, Sorters, Samplers, and Weighers",51,Production,0.2708333333333333,0.4166666666666666,0.5625,0.0416666666666666,0.1770833333333333,0.3125,-0.0293395,0.98,65.08,41.85,53.25,96.83,61.9,38.6,48.88,96.78,43.58,1.0,51-9061.00,1.0,51-9061,False,False,1.0,51-9061,False,False,False
51-9071,Jewelers and Precious Stone and Metal Workers,51,Production,0.0357142857142857,0.2053571428571428,0.3749999999999999,0.0178571428571428,0.1339285714285714,0.2499999999999999,-0.1560197,0.95,38.24,34.34,50.79,88.02,35.46,31.95,46.12,87.98,49.78,2.0,51-9071.00;51-9071.06,1.0,51-9071,False,False,1.0,51-9071,False,False,True
51-9081,Dental Laboratory Technicians,51,Production,0.0,0.0416666666666666,0.0833333333333333,0.0,0.0416666666666666,0.0833333333333333,0.0013206,0.97,11.69,15.73,53.82,93.43,10.59,13.91,49.38,93.35,81.75,1.0,51-9081.00,1.0,51-9081,False,False,1.0,51-9081,False,False,False
51-9082,Medical Appliance Technicians,51,Production,0.0689655172413793,0.1379310344827586,0.2068965517241379,0.0689655172413793,0.1034482758620689,0.1379310344827586,-0.4949538,0.45,29.15,29.44,41.41,40.84,26.32,26.82,37.62,40.63,12.27,1.0,51-9082.00,1.0,51-9082,False,False,1.0,51-9082,False,False,False
51-9083,Ophthalmic Laboratory Technicians,51,Production,0.0,0.09375,0.1875,0.0,0.0625,0.125,-0.5966759,0.97,22.15,20.2,37.09,93.43,19.99,18.17,33.62,93.35,71.28,1.0,51-9083.00,1.0,51-9083,False,False,1.0,51-9083,False,False,False
51-9111,Packaging and Filling Machine Operators and Tenders,51,Production,0.0,0.0,0.0,0.0,0.075,0.15,-0.978608,0.98,3.32,23.59,20.92,96.83,3.01,21.24,19.0,96.78,93.51,1.0,51-9111.00,1.0,51-9111,False,False,1.0,51-9111,False,False,False
51-9123,"Painting, Coating, and Decorating Workers",51,Production,0.0,0.0,0.0,0.0,0.0294117647058823,0.0588235294117647,-0.9705587,0.92,3.32,11.54,21.79,80.81,3.01,10.15,19.88,80.69,77.49,1.0,51-9123.00,1.0,51-9123,False,False,1.0,51-9123,False,False,False
51-9124,"Coating, Painting, and Spraying Machine Setters, Operators, and Tenders",51,Production,0.0217391304347826,0.0434782608695652,0.0652173913043478,0.0,0.0108695652173913,0.0217391304347826,-1.284442,0.8,12.63,8.37,9.81,62.41,11.53,7.39,8.88,62.45,52.6,1.0,51-9124.00,2.0,51-9121;51-9122,False,True,2.0,51-9121;51-9122,False,True,True
51-9141,Semiconductor Processing Technicians,51,Production,0.1875,0.234375,0.28125,0.03125,0.0625,0.09375,-0.6372312,0.88,40.69,20.2,35.35,73.3,37.59,18.17,32.12,73.25,37.95,1.0,51-9141.00,1.0,51-9141,False,False,1.0,51-9141,False,False,False
51-9151,Photographic Process Workers and Processing Machine Operators,51,Production,0.08,0.38,0.68,0.0,0.17,0.34,-0.3615806,0.99,59.67,40.4,45.17,99.21,56.2,37.34,40.88,99.21,54.04,1.0,51-9151.00,1.0,51-9151,False,False,1.0,51-9151,False,False,False
51-9161,Computer Numerically Controlled Tool Operators,51,Production,0.22,0.25,0.28,0.0,0.18,0.36,-0.9823542,0.86,43.58,41.99,20.63,70.27,40.23,38.72,18.75,70.24,49.64,1.0,51-9161.00,2.0,51-4011;51-9199,True,True,1.0,51-4011,False,False,True
51-9162,Computer Numerically Controlled Tool Programmers,51,Production,0.7142857142857142,0.8035714285714285,0.8928571428571428,0.0,0.3571428571428571,0.7142857142857142,-0.6575732,0.36,97.26,63.78,34.78,36.51,97.49,61.15,31.62,36.34,62.48,1.0,51-9162.00,2.0,51-4012;51-9199,True,True,1.0,51-4012,False,False,True
51-9191,Adhesive Bonding Machine Operators and Tenders,51,Production,0.064516129032258,0.064516129032258,0.064516129032258,0.0,0.0,0.0,-1.311418,0.95,15.66,4.04,9.38,88.02,14.35,3.57,8.38,87.98,78.64,1.0,51-9191.00,1.0,51-9191,False,False,1.0,51-9191,False,False,False
51-9192,"Cleaning, Washing, and Metal Pickling Equipment Operators and Tenders",51,Production,0.1052631578947368,0.1052631578947368,0.1052631578947368,0.0,0.0526315789473684,0.1052631578947368,-1.141885,0.81,24.82,17.97,14.86,63.28,22.43,16.23,13.63,63.3,48.41,1.0,51-9192.00,1.0,51-9192,False,False,1.0,51-9192,False,False,False
51-9193,Cooling and Freezing Equipment Operators and Tenders,51,Production,0.08,0.08,0.08,0.0,0.04,0.08,-0.9604952,0.93,19.48,14.79,22.22,82.61,17.67,13.1,20.25,82.47,63.13,1.0,51-9193.00,1.0,51-9193,False,False,1.0,51-9193,False,False,False
51-9194,Etchers and Engravers,51,Production,0.0,0.1363636363636363,0.2727272727272727,0.0,0.0303030303030303,0.0606060606060606,-0.6395226,0.98,28.72,11.69,35.21,96.83,25.94,10.28,32.0,96.78,68.11,1.0,51-9194.00,1.0,51-9194,False,False,1.0,51-9194,False,False,False
51-9195,"Molders, Shapers, and Casters, Except Metal and Plastic",51,Production,0.0227272727272727,0.0709815546772068,0.1192358366271409,0.0,0.0465651914302588,0.0931303828605177,-1.183408,0.9,17.17,17.17,13.13,76.62,15.66,15.29,11.88,76.54,63.49,4.0,51-9195.00;51-9195.03;51-9195.04;51-9195.05,1.0,51-9195,False,False,1.0,51-9195,False,False,True
51-9196,"Paper Goods Machine Setters, Operators, and Tenders",51,Production,0.0,0.0,0.0,0.0,0.0263157894736842,0.0526315789473684,-0.8740445,0.67,3.32,10.82,25.69,52.74,3.01,9.52,23.5,52.72,49.42,1.0,51-9196.00,1.0,51-9196,False,False,1.0,51-9196,False,False,False
51-9197,Tire Builders,51,Production,0.0,0.0192307692307692,0.0384615384615384,0.0,0.0,0.0,-1.610915,0.94,7.22,4.04,4.91,85.21,6.52,3.57,4.38,85.12,80.3,1.0,51-9197.00,1.0,51-9197,False,False,1.0,51-9197,False,False,False
51-9198,Helpers--Production Workers,51,Production,0.0444444444444444,0.0888888888888888,0.1333333333333333,0.0,0.0555555555555555,0.1111111111111111,-1.411304,0.66,21.36,18.33,7.22,51.8,19.3,16.54,6.5,51.79,44.59,1.0,51-9198.00,1.0,51-9198,False,False,1.0,51-9198,False,False,False
53-1041,Aircraft Cargo Handling Supervisors,53,Transportation & Material Moving,0.1,0.3,0.5,0.0,0.0,0.0,-0.7091902,0.066,50.87,4.04,33.19,21.57,46.93,3.57,30.12,21.53,29.29,1.0,53-1041.00,1.0,53-1011,False,False,1.0,53-1011,False,False,False
53-1042,"First-Line Supervisors of Helpers, Laborers, and Material Movers, Hand",53,Transportation & Material Moving,0.1022988505747126,0.3007662835249042,0.4992337164750957,0.2551724137931034,0.4105363984674329,0.5659003831417625,0.1160332,0.42,51.23,70.42,57.29,39.9,47.24,69.17,52.88,39.7,17.39,2.0,53-1042.00;53-1042.01,1.0,53-1021,False,False,1.0,53-1021,False,False,True
53-1043,First-Line Supervisors of Material-Moving Machine and Vehicle Operators,53,Transportation & Material Moving,0.1538461538461538,0.3717948717948718,0.5897435897435898,0.1538461538461538,0.3076923076923077,0.4615384615384615,0.1466245,0.029,59.02,56.85,58.01,15.15,55.26,53.63,53.56,15.09,43.87,1.0,53-1043.00,1.0,53-1031,True,False,1.0,53-1031,True,False,True
53-1044,First-line Supervisors of Passenger Attendants,53,Transportation & Material Moving,0.0526315789473684,0.2894736842105263,0.5263157894736842,0.2631578947368421,0.3157894736842105,0.3684210526315789,0.288466,0.0525,50.0,58.3,60.46,20.2,46.18,55.01,57.0,20.17,40.26,1.0,53-1044.00,2.0,39-1021;53-1031,True,True,2.0,39-1021;53-1031,True,True,True
53-2011,"Airline Pilots, Copilots, and Flight Engineers",53,Transportation & Material Moving,0.0909090909090909,0.3522727272727273,0.6136363636363636,0.0,0.2272727272727273,0.4545454545454546,-0.2070626,0.18,56.57,46.32,48.92,29.37,52.63,42.98,44.38,29.26,27.2,1.0,53-2011.00,1.0,53-2011,False,False,1.0,53-2011,False,False,False
53-2012,Commercial Pilots,53,Transportation & Material Moving,0.1136363636363636,0.2386363636363636,0.3636363636363636,0.0,0.2159090909090909,0.4318181818181818,-0.1817332,0.55,41.56,45.17,50.07,44.81,38.35,41.73,45.5,44.56,8.51,1.0,53-2012.00,1.0,53-2012,False,False,1.0,53-2012,False,False,False
53-2021,Air Traffic Controllers,53,Transportation & Material Moving,0.0909090909090909,0.3409090909090909,0.5909090909090909,0.0,0.3068181818181818,0.6136363636363636,1.152798,0.11,55.27,56.71,83.69,25.9,51.38,53.38,80.88,25.82,57.79,1.0,53-2021.00,1.0,53-2021,False,False,1.0,53-2021,False,False,False
53-2022,Airfield Operations Specialists,53,Transportation & Material Moving,0.0975609756097561,0.3658536585365853,0.6341463414634146,0.0,0.3292682926829268,0.6585365853658537,0.4845738,0.71,57.86,59.6,64.36,55.12,54.26,56.52,61.0,55.08,9.24,1.0,53-2022.00,1.0,53-2022,False,False,1.0,53-2022,False,False,False
53-2031,Flight Attendants,53,Transportation & Material Moving,0.1458333333333333,0.1666666666666666,0.1875,0.0416666666666666,0.1458333333333333,0.25,-0.7621183,0.35,33.62,36.94,30.16,36.08,30.83,34.34,27.5,35.91,5.92,1.0,53-2031.00,1.0,53-2031,False,False,1.0,53-2031,False,False,False
53-3011,"Ambulance Drivers and Attendants, Except Emergency Medical Technicians",53,Transportation & Material Moving,0.0909090909090909,0.0909090909090909,0.0909090909090909,0.0,0.0454545454545454,0.0909090909090909,-0.8298703,0.25,21.79,16.81,27.99,32.47,19.67,14.97,25.62,32.33,10.68,1.0,53-3011.00,1.0,53-3011,False,False,1.0,53-3011,False,False,False
53-3031,Driver/Sales Workers,53,Transportation & Material Moving,0.1666666666666666,0.3333333333333333,0.5,0.0,0.1388888888888889,0.2777777777777778,-0.7293087,0.98,54.4,34.99,32.03,96.83,50.56,32.64,29.12,96.78,64.79,1.0,53-3031.00,1.0,53-3031,False,False,1.0,53-3031,False,False,False
53-3032,Heavy and Tractor-Trailer Truck Drivers,53,Transportation & Material Moving,0.1923076923076923,0.2788461538461538,0.3653846153846154,0.0384615384615384,0.173076923076923,0.3076923076923077,-1.149057,0.79,47.76,41.27,14.29,61.47,44.24,38.1,12.88,61.52,47.19,1.0,53-3032.00,1.0,53-3032,False,False,1.0,53-3032,False,False,False
53-3033,Light Truck Drivers,53,Transportation & Material Moving,0.2307692307692307,0.3653846153846154,0.5,0.0,0.25,0.5,-1.120501,0.69,57.72,50.07,15.58,54.04,54.01,46.74,14.25,54.01,42.14,1.0,53-3033.00,1.0,53-3033,False,False,1.0,53-3033,False,False,False
53-3051,"Bus Drivers, School",53,Transportation & Material Moving,0.2941176470588235,0.3235294117647059,0.3529411764705882,0.0,0.1764705882352941,0.3529411764705882,-0.2977046,0.89,53.54,41.63,46.61,74.89,49.62,38.41,42.12,74.82,28.28,1.0,53-3051.00,1.0,53-3022,True,False,1.0,53-3022,True,False,True
53-3052,"Bus Drivers, Transit and Intercity",53,Transportation & Material Moving,0.2222222222222222,0.2407407407407407,0.2592592592592592,0.0,0.1666666666666666,0.3333333333333333,-0.605453,0.67,42.5,40.04,36.8,52.74,39.16,37.03,33.38,52.72,15.95,1.0,53-3052.00,1.0,53-3021,False,False,1.0,53-3021,False,False,False
53-3053,Shuttle Drivers and Chauffeurs,53,Transportation & Material Moving,0.1923076923076923,0.25,0.3076923076923077,0.0384615384615384,0.173076923076923,0.3076923076923077,-0.46498245,0.89,43.58,41.27,42.28,74.89,40.23,38.1,38.38,74.82,32.61,1.0,53-3053.00,2.0,53-3022;53-3041,True,True,2.0,53-3022;53-3041,True,True,True
53-3054,Taxi Drivers,53,Transportation & Material Moving,0.25,0.28125,0.3125,0.125,0.25,0.375,-0.6322603,0.89,48.41,50.07,35.79,74.89,44.8,46.74,32.5,74.82,39.11,1.0,53-3054.00,1.0,53-3041,True,False,1.0,53-3041,True,False,True
53-4011,Locomotive Engineers,53,Transportation & Material Moving,0.2142857142857142,0.2857142857142857,0.3571428571428571,0.0714285714285714,0.2321428571428571,0.3928571428571428,-0.4977403,0.96,49.13,47.04,40.98,90.4,45.43,43.86,37.25,90.34,49.42,1.0,53-4011.00,1.0,53-4011,False,False,1.0,53-4011,False,False,False
53-4013,"Rail Yard Engineers, Dinkey Operators, and Hostlers",53,Transportation & Material Moving,0.2045454545454545,0.2045454545454545,0.2045454545454545,0.0,0.0568181818181818,0.1136363636363636,-0.8320907,0.91,38.1,18.76,27.56,78.79,35.34,16.92,25.25,78.68,51.23,1.0,53-4013.00,1.0,53-4013,False,False,1.0,53-4013,False,False,False
53-4022,"Railroad Brake, Signal, and Switch Operators and Locomotive Firers",53,Transportation & Material Moving,0.0833333333333333,0.1666666666666666,0.2499999999999999,0.0,0.0416666666666666,0.0833333333333333,-0.994359,0.88,33.62,15.73,20.06,73.3,30.83,13.91,18.25,73.25,53.25,1.0,53-4022.00,2.0,53-4012;53-4021,False,True,2.0,53-4012;53-4021,False,True,True
53-4031,Railroad Conductors and Yardmasters,53,Transportation & Material Moving,0.0833333333333333,0.2777777777777778,0.4722222222222222,0.0,0.2083333333333333,0.4166666666666666,-0.4662731,0.83,47.62,44.66,42.14,65.95,44.11,41.29,38.25,65.95,23.81,1.0,53-4031.00,1.0,53-4031,False,False,1.0,53-4031,False,False,False
53-4041,Subway and Streetcar Operators,53,Transportation & Material Moving,0.4090909090909091,0.4090909090909091,0.4090909090909091,0.0,0.2045454545454545,0.4090909090909091,-0.6155429,0.86,63.78,44.44,36.51,70.27,60.65,41.1,33.12,70.24,33.77,1.0,53-4041.00,1.0,53-4041,False,False,1.0,53-4041,False,False,False
53-5011,Sailors and Marine Oilers,53,Transportation & Material Moving,0.0212765957446808,0.0425531914893617,0.0638297872340425,0.0,0.0106382978723404,0.0212765957446808,-1.150001,0.83,12.34,8.23,14.14,65.95,11.22,7.27,12.75,65.95,53.61,1.0,53-5011.00,1.0,53-5011,False,False,1.0,53-5011,False,False,False
53-5021,"Captains, Mates, and Pilots of Water Vessels",53,Transportation & Material Moving,0.1999999999999999,0.2636363636363636,0.3272727272727272,0.0727272727272727,0.209090909090909,0.3454545454545454,-0.4281868,0.27,45.02,44.88,43.58,33.48,41.85,41.48,39.5,33.33,11.54,1.0,53-5021.00,1.0,53-5021,False,False,1.0,53-5021,False,False,False
53-5022,Motorboat Operators,53,Transportation & Material Moving,0.0,0.0,0.0,0.0,0.1290322580645161,0.2580645161290322,-0.8871186,0.62,3.32,33.62,24.82,49.06,3.01,31.33,22.75,49.07,45.74,1.0,53-5022.00,1.0,53-5022,False,False,1.0,53-5022,False,False,False
53-5031,Ship Engineers,53,Transportation & Material Moving,0.125,0.171875,0.21875,0.0,0.140625,0.28125,-0.5264951,0.041,34.34,35.79,39.68,18.54,31.58,33.33,36.0,18.53,21.14,1.0,53-5031.00,1.0,53-5031,False,False,1.0,53-5031,False,False,False
53-6011,Bridge and Lock Tenders,53,Transportation & Material Moving,0.2857142857142857,0.2857142857142857,0.2857142857142857,0.0,0.1607142857142857,0.3214285714285714,-0.6322159,0.97,49.13,39.61,35.93,93.43,45.43,36.65,32.62,93.35,57.5,1.0,53-6011.00,1.0,53-6011,False,False,1.0,53-6011,False,False,False
53-6021,Parking Attendants,53,Transportation & Material Moving,0.0357142857142857,0.1071428571428571,0.1785714285714285,0.0357142857142857,0.125,0.2142857142857142,-0.8353891,0.87,25.32,32.83,27.42,71.79,22.87,30.51,25.12,71.75,46.46,1.0,53-6021.00,1.0,53-6021,False,False,1.0,53-6021,False,False,False
53-6031,Automotive and Watercraft Service Attendants,53,Transportation & Material Moving,0.1304347826086956,0.1304347826086956,0.1304347826086956,0.0,0.0652173913043478,0.1304347826086956,-1.221489,0.83,27.63,21.28,11.69,65.95,25.0,19.11,10.5,65.95,54.26,1.0,53-6031.00,1.0,53-6031,False,False,1.0,53-6031,False,False,False
53-6041,Traffic Technicians,53,Transportation & Material Moving,0.1111111111111111,0.4629629629629629,0.8148148148148148,0.037037037037037,0.3888888888888888,0.7407407407407407,0.3995872,0.9,71.72,67.6,62.05,76.62,69.42,65.85,58.88,76.54,14.57,1.0,53-6041.00,1.0,53-6041,False,False,1.0,53-6041,False,False,False
53-6051,Transportation Inspectors,53,Transportation & Material Moving,0.187020202020202,0.4125757575757576,0.6381313131313131,0.0602020202020202,0.2343939393939393,0.4085858585858586,-0.18376,0.9,64.36,47.76,49.93,76.62,61.15,44.61,45.38,76.54,26.7,3.0,53-6051.00;53-6051.01;53-6051.07,1.0,53-6051,False,False,1.0,53-6051,False,False,True
53-6061,Passenger Attendants,53,Transportation & Material Moving,0.1666666666666666,0.2222222222222222,0.2777777777777778,0.0,0.1388888888888889,0.2777777777777778,-0.3752249,0.75,39.61,34.99,44.73,58.23,36.65,32.64,40.5,58.3,18.61,1.0,53-6061.00,1.0,53-6061,False,False,1.0,53-6061,False,False,False
53-7011,Conveyor Operators and Tenders,53,Transportation & Material Moving,0.0689655172413793,0.1034482758620689,0.1379310344827586,0.0,0.1379310344827586,0.2758620689655172,-0.7554432,0.93,24.1,34.56,30.74,82.61,21.8,32.27,28.0,82.47,58.51,1.0,53-7011.00,1.0,53-7011,False,False,1.0,53-7011,False,False,False
53-7021,Crane and Tower Operators,53,Transportation & Material Moving,0.1052631578947368,0.1842105263157894,0.2631578947368421,0.0,0.0263157894736842,0.0526315789473684,-1.030619,0.9,35.71,10.82,18.61,76.62,32.89,9.52,17.0,76.54,58.01,1.0,53-7021.00,1.0,53-7021,False,False,1.0,53-7021,False,False,False
53-7031,Dredge Operators,53,Transportation & Material Moving,0.0,0.0,0.0,0.0,0.0,0.0,-1.016648,0.92,3.32,4.04,19.05,80.81,3.01,3.57,17.38,80.69,77.49,1.0,53-7031.00,1.0,53-7031,False,False,1.0,53-7031,False,False,False
53-7041,Hoist and Winch Operators,53,Transportation & Material Moving,0.0,0.0,0.0,0.0,0.0952380952380952,0.1904761904761904,-0.9781997,0.65,3.32,28.5,21.07,51.08,3.01,26.0,19.12,51.07,47.76,1.0,53-7041.00,1.0,53-7041,False,False,1.0,53-7041,False,False,False
53-7051,Industrial Truck and Tractor Operators,53,Transportation & Material Moving,0.0,0.03125,0.0625,0.0,0.03125,0.0625,-1.39869,0.93,9.67,12.05,7.79,82.61,8.65,10.59,7.0,82.47,74.82,1.0,53-7051.00,1.0,53-7051,False,False,1.0,53-7051,False,False,False
53-7061,Cleaners of Vehicles and Equipment,53,Transportation & Material Moving,0.0555555555555555,0.0833333333333333,0.1111111111111111,0.0,0.0,0.0,-1.629897,0.37,20.49,4.04,4.33,37.09,18.55,3.57,3.88,36.91,32.76,1.0,53-7061.00,1.0,53-7061,False,False,1.0,53-7061,False,False,False
53-7062,"Laborers and Freight, Stock, and Material Movers, Hand",53,Transportation & Material Moving,0.0417391304347826,0.0417391304347826,0.0417391304347826,0.0,0.0408695652173912,0.0817391304347825,-1.709183,0.85,12.12,15.15,3.9,68.98,11.03,13.41,3.38,68.96,65.08,2.0,53-7062.00;53-7062.04,1.0,53-7062,False,False,1.0,53-7062,False,False,True
53-7063,Machine Feeders and Offbearers,53,Transportation & Material Moving,0.0909090909090909,0.0909090909090909,0.0909090909090909,0.0,0.0909090909090909,0.1818181818181818,-1.037413,0.93,21.79,27.71,18.33,82.61,19.67,25.06,16.75,82.47,64.29,1.0,53-7063.00,1.0,53-7063,False,False,1.0,53-7063,False,False,False
53-7064,"Packers and Packagers, Hand",53,Transportation & Material Moving,0.1,0.1,0.1,0.0,0.1,0.2,-1.51362,0.38,23.45,29.0,6.06,37.81,21.12,26.44,5.5,37.63,31.75,1.0,53-7064.00,1.0,53-7064,False,False,1.0,53-7064,False,False,False
53-7065,Stockers and Order Fillers,53,Transportation & Material Moving,0.109090909090909,0.1818181818181818,0.2545454545454545,0.109090909090909,0.1909090909090909,0.2727272727272727,-0.7892948,0.64,35.21,43.15,29.15,50.29,32.33,39.72,26.62,50.29,21.14,1.0,53-7065.00,1.0,43-5081,False,False,1.0,43-5081,False,False,False
53-7071,Gas Compressor and Gas Pumping Station Operators,53,Transportation & Material Moving,0.2307692307692307,0.2692307692307693,0.3076923076923077,0.0,0.0769230769230769,0.1538461538461538,-0.6909992,0.91,46.32,24.17,33.62,78.79,42.98,21.74,30.5,78.68,45.17,1.0,53-7071.00,1.0,53-7071,False,False,1.0,53-7071,False,False,False
53-7072,"Pump Operators, Except Wellhead Pumpers",53,Transportation & Material Moving,0.1666666666666666,0.2499999999999999,0.3333333333333333,0.0,0.1666666666666666,0.3333333333333333,-0.8422927,0.9,43.07,40.04,27.27,76.62,39.66,37.03,25.0,76.54,49.35,1.0,53-7072.00,1.0,53-7072,False,False,1.0,53-7072,False,False,False
53-7073,Wellhead Pumpers,53,Transportation & Material Moving,0.0,0.0,0.0,0.0,0.0,0.0,-1.091197,0.84,3.32,4.04,16.31,67.75,3.01,3.57,15.0,67.74,64.43,1.0,53-7073.00,1.0,53-7073,False,False,1.0,53-7073,False,False,False
53-7081,Refuse and Recyclable Material Collectors,53,Transportation & Material Moving,0.1785714285714285,0.1964285714285714,0.2142857142857142,0.1071428571428571,0.2321428571428571,0.3571428571428571,-1.283373,0.93,37.23,47.04,9.96,82.61,34.21,43.86,9.0,82.47,72.66,1.0,53-7081.00,1.0,53-7081,False,False,1.0,53-7081,False,False,False
53-7121,"Tank Car, Truck, and Ship Loaders",53,Transportation & Material Moving,0.0714285714285714,0.0714285714285714,0.0714285714285714,0.0,0.125,0.25,-1.38776,0.72,17.46,32.83,8.23,55.92,15.91,30.51,7.38,55.94,47.69,1.0,53-7121.00,1.0,53-7121,False,False,1.0,53-7121,False,False,False
