soc,dv_rating_alpha,dv_rating_beta,dv_rating_gamma,human_rating_alpha,human_rating_beta,human_rating_gamma,n_children,child_codes,child_titles,AIOE,title_aioe,aioe_n_2010_parents,aioe_parent_soc2010_codes,aioe_is_split,aioe_is_merge,probability,title_frey_osborne,fo_n_2010_parents,fo_parent_soc2010_codes,fo_is_split,fo_is_merge,has_eloundou,has_aioe,has_frey_osborne,n_sources
11-1011,0.1333333333333333,0.5077777777777778,0.8822222222222222,0.1177777777777777,0.3694444444444443,0.6211111111111112,2.0,11-1011.00;11-1011.03,Chief Executives; Chief Sustainability Officers,1.334246,Chief Executives,1.0,11-1011,False,False,0.015,Chief Executives,1.0,11-1011,False,False,True,True,True,3
11-1021,0.0,0.4807692307692308,0.9615384615384616,0.1153846153846153,0.3846153846153846,0.6538461538461539,1.0,11-1021.00,General and Operations Managers,0.5748773,General and Operations Managers,1.0,11-1021,False,False,0.16,General and Operations Managers,1.0,11-1021,False,False,True,True,True,3
11-2011,0.0,0.4767441860465116,0.9534883720930232,0.2558139534883721,0.5465116279069767,0.8372093023255813,1.0,11-2011.00,Advertising and Promotions Managers,1.294387,Advertising and Promotions Managers,1.0,11-2011,False,False,0.039,Advertising and Promotions Managers,1.0,11-2011,False,False,True,True,True,3
11-2021,0.0625,0.5,0.9375,0.21875,0.578125,0.9375,1.0,11-2021.00,Marketing Managers,1.315032,Marketing Managers,1.0,11-2021,False,False,0.014,Marketing Managers,1.0,11-2021,False,False,True,True,True,3
11-2022,0.0,0.45,0.9,0.1,0.4833333333333333,0.8666666666666667,1.0,11-2022.00,Sales Managers,1.26628,Sales Managers,1.0,11-2022,False,False,0.013,Sales Managers,1.0,11-2022,False,False,True,True,True,3
11-2032,0.15,0.55,0.95,0.25,0.5750000000000001,0.9,1.0,11-2032.00,Public Relations Managers,1.293689,Public Relations Managers,1.0,11-2031,True,False,0.015,Public Relations Managers,1.0,11-2031,True,False,True,True,True,3
11-2033,0.125,0.5625,1.0,0.25,0.5,0.75,1.0,11-2033.00,Fundraising Managers,1.293689,Fundraising Managers,1.0,11-2031,True,False,0.015,Fundraising Managers,1.0,11-2031,True,False,True,True,True,3
11-3012,0.0869565217391304,0.3913043478260869,0.6956521739130435,0.2608695652173913,0.5,0.7391304347826086,1.0,11-3012.00,Administrative Services Managers,0.7398278,Administrative Services Managers,1.0,11-3011,True,False,0.73,Administrative Services Managers,1.0,11-3011,True,False,True,True,True,3
11-3013,0.0357142857142857,0.4001623376623376,0.7646103896103895,0.1704545454545454,0.4042207792207792,0.637987012987013,2.0,11-3013.00;11-3013.01,Facilities Managers; Security Managers,0.7398278,Facilities Managers,1.0,11-3011,True,False,0.73,Facilities Managers,1.0,11-3011,True,False,True,True,True,3
11-3021,0.1212121212121212,0.5303030303030303,0.9393939393939394,0.303030303030303,0.5606060606060607,0.8181818181818182,1.0,11-3021.00,Computer and Information Systems Managers,1.059853,Computer and Information Systems Managers,1.0,11-3021,False,False,0.035,Computer and Information Systems Managers,1.0,11-3021,False,False,True,True,True,3
11-3031,0.0,0.4850552306692657,0.9701104613385316,0.1221201151025712,0.4541306971131532,0.7861412791237351,3.0,11-3031.00;11-3031.01;11-3031.03,Financial Managers; Treasurers and Controllers; Investment Fund Managers,1.446232,Financial Managers,1.0,11-3031,False,False,0.069,Financial Managers,1.0,11-3031,False,False,True,True,True,3
11-3051,0.0707451026436875,0.4057187015028995,0.7406923003621116,0.1307070026409648,0.3296039063138119,0.5285008099866589,6.0,11-3051.00;11-3051.01;11-3051.02;11-3051.03;11-3051.04;11-3051.06,Industrial Production Managers; Quality Control Systems Managers; Geothermal Production Managers; Biofuels Production Managers; Biomass Power Plant Managers; Hydroelectric Production Managers,0.5086878,Industrial Production Managers,1.0,11-3051,False,False,0.03,Industrial Production Managers,1.0,11-3051,False,False,True,True,True,3
11-3061,0.2285714285714285,0.5857142857142857,0.9428571428571428,0.1142857142857142,0.4714285714285714,0.8285714285714285,1.0,11-3061.00,Purchasing Managers,1.423426,Purchasing Managers,1.0,11-3061,False,False,0.03,Purchasing Managers,1.0,11-3061,False,False,True,True,True,3
11-3071,0.0178571428571428,0.486525974025974,0.9551948051948052,0.1620129870129869,0.4729707792207792,0.7839285714285713,2.0,11-3071.00;11-3071.04,"Transportation, Storage, and Distribution Managers; Supply Chain Managers",0.8907923,"Transportation, Storage, and Distribution Managers",1.0,11-3071,False,False,0.59,"Transportation, Storage, and Distribution Managers",1.0,11-3071,False,False,True,True,True,3
11-3111,0.131578947368421,0.513157894736842,0.894736842105263,0.1842105263157894,0.4605263157894737,0.7368421052631579,1.0,11-3111.00,Compensation and Benefits Managers,1.298235,Compensation and Benefits Managers,1.0,11-3111,False,False,0.96,Compensation and Benefits Managers,1.0,11-3111,False,False,True,True,True,3
11-3121,0.04,0.48,0.92,0.14,0.45,0.76,1.0,11-3121.00,Human Resources Managers,1.320417,Human Resources Managers,1.0,11-3121,False,False,0.0055,Human Resources Managers,1.0,11-3121,False,False,True,True,True,3
11-3131,0.0909090909090909,0.5,0.9090909090909092,0.0454545454545454,0.4772727272727273,0.9090909090909092,1.0,11-3131.00,Training and Development Managers,1.284423,Training and Development Managers,1.0,11-3131,False,False,0.0063,Training and Development Managers,1.0,11-3131,False,False,True,True,True,3
11-9013,0.0408163265306122,0.3673469387755101,0.6938775510204082,0.1020408163265306,0.2448979591836734,0.3877551020408163,1.0,11-9013.00,"Farmers, Ranchers, and Other Agricultural Managers",-0.1443684,"Farmers, Ranchers, and Other Agricultural Managers",1.0,11-9013,False,False,0.047,"Farmers, Ranchers, and Other Agricultural Managers",1.0,11-9013,False,False,True,True,True,3
11-9021,0.0444444444444444,0.4444444444444445,0.8444444444444444,0.2,0.4,0.6,1.0,11-9021.00,Construction Managers,1.029139,Construction Managers,1.0,11-9021,False,False,0.071,Construction Managers,1.0,11-9021,False,False,True,True,True,3
11-9031,0.0625,0.46875,0.875,0.28125,0.515625,0.75,1.0,11-9031.00,"Education and Childcare Administrators, Preschool and Daycare",0.838007,"Education and Childcare Administrators, Preschool and Daycare",1.0,11-9031,False,False,0.015,"Education and Childcare Administrators, Preschool and Daycare",1.0,11-9031,False,False,True,True,True,3
11-9032,0.0181818181818181,0.4181818181818181,0.8181818181818181,0.2727272727272727,0.4545454545454545,0.6363636363636364,1.0,11-9032.00,"Education Administrators, Kindergarten through Secondary",1.048811,"Education Administrators, Kindergarten through Secondary",1.0,11-9032,False,False,0.0046,"Education Administrators, Kindergarten through Secondary",1.0,11-9032,False,False,True,True,True,3
11-9033,0.024390243902439,0.4390243902439024,0.8536585365853658,0.3414634146341463,0.475609756097561,0.6097560975609756,1.0,11-9033.00,"Education Administrators, Postsecondary",1.461149,"Education Administrators, Postsecondary",1.0,11-9033,False,False,0.01,"Education Administrators, Postsecondary",1.0,11-9033,False,False,True,True,True,3
11-9041,0.0517241379310344,0.4426108374384236,0.8334975369458129,0.0571428571428571,0.3307881773399014,0.6044334975369459,2.0,11-9041.00;11-9041.01,Architectural and Engineering Managers; Biofuels/Biodiesel Technology and Product Development Managers,0.8370105,Architectural and Engineering Managers,1.0,11-9041,False,False,0.017,Architectural and Engineering Managers,1.0,11-9041,False,False,True,True,True,3
11-9051,0.0625,0.4166666666666666,0.7708333333333333,0.1875,0.3958333333333333,0.6041666666666666,1.0,11-9051.00,Food Service Managers,-0.1213112,Food Service Managers,1.0,11-9051,False,False,0.083,Food Service Managers,1.0,11-9051,False,False,True,True,True,3
11-9071,0.3235294117647059,0.5735294117647058,0.8235294117647058,0.2647058823529412,0.4852941176470588,0.7058823529411764,1.0,11-9071.00,Gambling Managers,0.8299207,Gambling Managers,1.0,11-9071,False,False,0.091,Gambling Managers,1.0,11-9071,False,False,True,True,True,3
11-9072,0.1764705882352941,0.3529411764705882,0.5294117647058824,0.2352941176470588,0.3823529411764705,0.5294117647058824,1.0,11-9072.00,"Entertainment and Recreation Managers, Except Gambling",0.9646872,"Entertainment and Recreation Managers, Except Gambling",1.0,11-9199,True,False,0.25,"Entertainment and Recreation Managers, Except Gambling",1.0,11-9199,True,False,True,True,True,3
11-9081,0.0434782608695652,0.4565217391304347,0.8695652173913043,0.2608695652173913,0.3804347826086956,0.5,1.0,11-9081.00,Lodging Managers,0.4021726,Lodging Managers,1.0,11-9081,False,False,0.0039,Lodging Managers,1.0,11-9081,False,False,True,True,True,3
11-9111,0.0,0.4285714285714285,0.8571428571428571,0.1142857142857142,0.3714285714285714,0.6285714285714286,1.0,11-9111.00,Medical and Health Services Managers,1.260259,Medical and Health Services Managers,1.0,11-9111,False,False,0.0073,Medical and Health Services Managers,1.0,11-9111,False,False,True,True,True,3
11-9121,0.111552064673189,0.5306967984934087,0.9498415323136284,0.244449037710716,0.4865325432915346,0.7286160488723531,3.0,11-9121.00;11-9121.01;11-9121.02,Natural Sciences Managers; Clinical Research Coordinators; Water Resource Specialists,1.327906,Natural Sciences Managers,1.0,11-9121,False,False,0.018,Natural Sciences Managers,1.0,11-9121,False,False,True,True,True,3
11-9131,0.1428571428571428,0.5238095238095237,0.9047619047619048,0.238095238095238,0.4523809523809523,0.6666666666666666,1.0,11-9131.00,Postmasters and Mail Superintendents,0.8233757,Postmasters and Mail Superintendents,1.0,11-9131,False,False,0.75,Postmasters and Mail Superintendents,1.0,11-9131,False,False,True,True,True,3
11-9141,0.0,0.4431818181818182,0.8863636363636364,0.2045454545454545,0.4318181818181818,0.6590909090909091,1.0,11-9141.00,"Property, Real Estate, and Community Association Managers",1.215396,"Property, Real Estate, and Community Association Managers",1.0,11-9141,False,False,0.81,"Property, Real Estate, and Community Association Managers",1.0,11-9141,False,False,True,True,True,3
11-9151,0.0714285714285714,0.3928571428571428,0.7142857142857142,0.25,0.4464285714285714,0.6428571428571428,1.0,11-9151.00,Social and Community Service Managers,1.156153,Social and Community Service Managers,1.0,11-9151,False,False,0.0067,Social and Community Service Managers,1.0,11-9151,False,False,True,True,True,3
11-9161,0.0,0.4222222222222222,0.8444444444444444,0.4,0.6,0.8,1.0,11-9161.00,Emergency Management Directors,1.030768,Emergency Management Directors,1.0,11-9161,False,False,0.003,Emergency Management Directors,1.0,11-9161,False,False,True,True,True,3
11-9179,0.1625258799171842,0.4521221532091096,0.7417184265010353,0.1149068322981366,0.3253105590062111,0.5357142857142857,2.0,11-9179.01;11-9179.02,Fitness and Wellness Coordinators; Spa Managers,0.9646872,"Personal Service Managers, All Other",1.0,11-9199,True,False,0.25,"Personal Service Managers, All Other",1.0,11-9199,True,False,True,True,True,3
11-9199,0.0712777805905273,0.4912673640410586,0.91125694749159,0.2181640386209276,0.4654910240471341,0.7128180094733407,6.0,11-9199.01;11-9199.02;11-9199.08;11-9199.09;11-9199.10;11-9199.11,Regulatory Affairs Managers; Compliance Managers; Loss Prevention Managers; Wind Energy Operations Managers; Wind Energy Development Managers; Brownfield Redevelopment Specialists and Site Managers,0.9646872,"Managers, All Other",1.0,11-9199,True,False,0.25,"Managers, All Other",1.0,11-9199,True,False,True,True,True,3
13-1011,0.1739130434782608,0.5434782608695652,0.9130434782608696,0.3043478260869565,0.3695652173913043,0.4347826086956521,1.0,13-1011.00,"Agents and Business Managers of Artists, Performers, and Athletes",1.068559,"Agents and Business Managers of Artists, Performers, and Athletes",1.0,13-1011,False,False,0.24,"Agents and Business Managers of Artists, Performers, and Athletes",1.0,13-1011,False,False,True,True,True,3
13-1021,0.0555555555555555,0.5277777777777778,1.0,0.0555555555555555,0.25,0.4444444444444444,1.0,13-1021.00,"Buyers and Purchasing Agents, Farm Products",0.7687054,"Buyers and Purchasing Agents, Farm Products",1.0,13-1021,False,False,0.87,"Buyers and Purchasing Agents, Farm Products",1.0,13-1021,False,False,True,True,True,3
13-1022,0.0333333333333333,0.4666666666666667,0.9,0.1,0.4,0.7,1.0,13-1022.00,"Wholesale and Retail Buyers, Except Farm Products",0.8188258,"Wholesale and Retail Buyers, Except Farm Products",1.0,13-1022,False,False,0.29,"Wholesale and Retail Buyers, Except Farm Products",1.0,13-1022,False,False,True,True,True,3
13-1023,0.0526315789473684,0.4736842105263157,0.894736842105263,0.1578947368421052,0.3684210526315789,0.5789473684210527,1.0,13-1023.00,"Purchasing Agents, Except Wholesale, Retail, and Farm Products",1.509181,"Purchasing Agents, Except Wholesale, Retail, and Farm Products",1.0,13-1023,False,False,0.77,"Purchasing Agents, Except Wholesale, Retail, and Farm Products",1.0,13-1023,False,False,True,True,True,3
13-1031,0.08,0.52,0.96,0.18,0.49,0.8,1.0,13-1031.00,"Claims Adjusters, Examiners, and Investigators",1.274024,"Claims Adjusters, Examiners, and Investigators",1.0,13-1031,False,False,0.98,"Claims Adjusters, Examiners, and Investigators",1.0,13-1031,False,False,True,True,True,3
13-1032,0.0,0.5,1.0,0.1428571428571428,0.5,0.8571428571428571,1.0,13-1032.00,"Insurance Appraisers, Auto Damage",0.6634955,"Insurance Appraisers, Auto Damage",1.0,13-1032,False,False,0.98,"Insurance Appraisers, Auto Damage",1.0,13-1032,False,False,True,True,True,3
13-1041,0.2342960489763113,0.5263042749310427,0.8183125008857741,0.3373490296220364,0.5265367802901109,0.7157245309581854,7.0,13-1041.00;13-1041.01;13-1041.03;13-1041.04;13-1041.06;13-1041.07;13-1041.08,Compliance Officers; Environmental Compliance Inspectors; Equal Opportunity Representatives and Officers; Government Property Inspectors and Investigators; Coroners; Regulatory Affairs Specialists; Customs Brokers,0.6981205,Compliance Officers,1.0,13-1041,False,False,0.08,Compliance Officers,1.0,13-1041,False,False,True,True,True,3
13-1051,0.0,0.5,1.0,0.1538461538461538,0.4807692307692308,0.8076923076923077,1.0,13-1051.00,Cost Estimators,1.367669,Cost Estimators,1.0,13-1051,False,False,0.57,Cost Estimators,1.0,13-1051,False,False,True,True,True,3
13-1074,0.0,0.1428571428571428,0.2857142857142857,0.0,0.0,0.0,1.0,13-1074.00,Farm Labor Contractors,-0.4354025,Farm Labor Contractors,1.0,13-1074,False,False,0.97,Farm Labor Contractors,1.0,13-1074,False,False,True,True,True,3
13-1081,0.0860240939684832,0.5278605318327264,0.9696969696969696,0.350576269146279,0.5965664590292197,0.8425566489121602,3.0,13-1081.00;13-1081.01;13-1081.02,Logisticians; Logistics Engineers; Logistics Analysts,1.297303,Logisticians,1.0,13-1081,False,False,0.012,Logisticians,1.0,13-1081,False,False,True,True,True,3
13-1082,0.1,0.55,1.0,0.05,0.4,0.75,1.0,13-1082.00,Project Management Specialists,1.0816930666666666,Project Management Specialists (##),3.0,11-9199;13-1199;15-1199,True,True,0.24,Project Management Specialists (##),2.0,11-9199;13-1199,True,True,True,True,True,3
13-1111,0.0952380952380952,0.4047619047619047,0.7142857142857142,0.1904761904761904,0.5,0.8095238095238095,1.0,13-1111.00,Management Analysts,1.432417,Management Analysts,1.0,13-1111,False,False,0.13,Management Analysts,1.0,13-1111,False,False,True,True,True,3
13-1121,0.1081081081081081,0.4864864864864865,0.8648648648648649,0.081081081081081,0.3648648648648649,0.6486486486486487,1.0,13-1121.00,"Meeting, Convention, and Event Planners",0.3740207,"Meeting, Convention, and Event Planners",1.0,13-1121,False,False,0.037,"Meeting, Convention, and Event Planners",1.0,13-1121,False,False,True,True,True,3
13-1141,0.0789473684210526,0.4736842105263157,0.8684210526315789,0.3157894736842105,0.4736842105263157,0.631578947368421,1.0,13-1141.00,"Compensation, Benefits, and Job Analysis Specialists",1.440985,"Compensation, Benefits, and Job Analysis Specialists",1.0,13-1141,False,False,0.47,"Compensation, Benefits, and Job Analysis Specialists",1.0,13-1141,False,False,True,True,True,3
13-1151,0.1052631578947368,0.5526315789473684,1.0,0.4210526315789473,0.5921052631578947,0.763157894736842,1.0,13-1151.00,Training and Development Specialists,1.198409,Training and Development Specialists,1.0,13-1151,False,False,0.014,Training and Development Specialists,1.0,13-1151,False,False,True,True,True,3
13-1161,0.0491803278688524,0.5245901639344263,1.0,0.1235813366960907,0.5425598991172762,0.9615384615384616,2.0,13-1161.00;13-1161.01,Market Research Analysts and Marketing Specialists; Search Marketing Strategists,1.426757,Market Research Analysts and Marketing Specialists,1.0,13-1161,False,False,0.61,Market Research Analysts and Marketing Specialists,1.0,13-1161,False,False,True,True,True,3
13-1199,0.2241522966739626,0.5828407660281357,0.9415292353823088,0.2661182474964608,0.5379899336046262,0.8098616197127917,4.0,13-1199.04;13-1199.05;13-1199.06;13-1199.07,Business Continuity Planners; Sustainability Specialists; Online Merchants; Security Management Specialists,1.047687,"Business Operations Specialists, All Other",1.0,13-1199,True,False,0.23,"Business Operations Specialists, All Other",1.0,13-1199,True,False,True,True,True,3
13-2011,0.12,0.56,1.0,0.2,0.52,0.84,1.0,13-2011.00,Accountants and Auditors,1.481956,Accountants and Auditors,1.0,13-2011,False,False,0.94,Accountants and Auditors,1.0,13-2011,False,False,True,True,True,3
13-2022,0.1428571428571428,0.5714285714285714,1.0,0.3571428571428571,0.5714285714285714,0.7857142857142857,1.0,13-2022.00,Appraisers of Personal and Business Property,0.8413203,Appraisers of Personal and Business Property,1.0,13-2021,True,False,0.9,Appraisers of Personal and Business Property,1.0,13-2021,True,False,True,True,True,3
13-2023,0.0178571428571428,0.4910714285714285,0.9642857142857142,0.1964285714285714,0.4642857142857142,0.7321428571428571,1.0,13-2023.00,Appraisers and Assessors of Real Estate,0.8413203,Appraisers and Assessors of Real Estate,1.0,13-2021,True,False,0.9,Appraisers and Assessors of Real Estate,1.0,13-2021,True,False,True,True,True,3
13-2031,0.08,0.52,0.96,0.32,0.64,0.96,1.0,13-2031.00,Budget Analysts,1.502988,Budget Analysts,1.0,13-2031,False,False,0.94,Budget Analysts,1.0,13-2031,False,False,True,True,True,3
13-2041,0.1111111111111111,0.5555555555555556,1.0,0.2222222222222222,0.5555555555555556,0.8888888888888888,1.0,13-2041.00,Credit Analysts,1.345268,Credit Analysts,1.0,13-2041,False,False,0.98,Credit Analysts,1.0,13-2041,False,False,True,True,True,3
13-2051,0.0,0.4615384615384615,0.9230769230769232,0.1538461538461538,0.5,0.8461538461538463,1.0,13-2051.00,Financial and Investment Analysts,1.380615,Financial and Investment Analysts,1.0,13-2051,True,False,0.23,Financial and Investment Analysts,1.0,13-2051,True,False,True,True,True,3
13-2052,0.0526315789473684,0.5,0.9473684210526316,0.3947368421052631,0.6710526315789473,0.9473684210526316,1.0,13-2052.00,Personal Financial Advisors,1.400749,Personal Financial Advisors,1.0,13-2052,False,False,0.58,Personal Financial Advisors,1.0,13-2052,False,False,True,True,True,3
13-2053,0.1428571428571428,0.5714285714285714,1.0,0.1428571428571428,0.5,0.8571428571428571,1.0,13-2053.00,Insurance Underwriters,1.326652,Insurance Underwriters,1.0,13-2053,False,False,0.99,Insurance Underwriters,1.0,13-2053,False,False,True,True,True,3
13-2054,0.0666666666666666,0.5333333333333333,1.0,0.2333333333333333,0.5833333333333334,0.9333333333333332,1.0,13-2054.00,Financial Risk Specialists,1.3709885,Financial Risk Specialists (##),2.0,13-2051;13-2099,True,True,0.28,Financial Risk Specialists (##),2.0,13-2051;13-2099,True,True,True,True,True,3
13-2061,0.0606060606060606,0.5,0.9393939393939394,0.303030303030303,0.5757575757575758,0.8484848484848485,1.0,13-2061.00,Financial Examiners,1.526064,Financial Examiners,1.0,13-2061,False,False,0.17,Financial Examiners,1.0,13-2061,False,False,True,True,True,3
13-2071,0.2727272727272727,0.625,0.9772727272727272,0.4545454545454546,0.6931818181818182,0.931818181818182,1.0,13-2071.00,Credit Counselors,1.385381,Credit Counselors,1.0,13-2071,False,False,0.04,Credit Counselors,1.0,13-2071,False,False,True,True,True,3
13-2072,0.2045454545454545,0.5909090909090909,0.9772727272727272,0.3409090909090909,0.6477272727272727,0.9545454545454546,1.0,13-2072.00,Loan Officers,1.385739,Loan Officers,1.0,13-2072,False,False,0.98,Loan Officers,1.0,13-2072,False,False,True,True,True,3
13-2081,0.1935483870967742,0.5806451612903225,0.967741935483871,0.4516129032258064,0.6774193548387096,0.9032258064516128,1.0,13-2081.00,"Tax Examiners and Collectors, and Revenue Agents",1.36682,"Tax Examiners and Collectors, and Revenue Agents",1.0,13-2081,False,False,0.93,"Tax Examiners and Collectors, and Revenue Agents",1.0,13-2081,False,False,True,True,True,3
13-2082,0.25,0.625,1.0,0.25,0.625,1.0,1.0,13-2082.00,Tax Preparers,1.29371,Tax Preparers,1.0,13-2082,False,False,0.99,Tax Preparers,1.0,13-2082,False,False,True,True,True,3
13-2099,0.2346437346437346,0.5832309582309583,0.931818181818182,0.253071253071253,0.5924447174447174,0.931818181818182,2.0,13-2099.01;13-2099.04,"Financial Quantitative Analysts; Fraud Examiners, Investigators and Analysts",1.361362,"Financial Specialists, All Other",1.0,13-2099,True,False,0.33,"Financial Specialists, All Other",1.0,13-2099,True,False,True,True,True,3
15-1211,0.2941176470588235,0.6174242424242424,0.9407308377896612,0.2406417112299465,0.553475935828877,0.8663101604278075,2.0,15-1211.00;15-1211.01,Computer Systems Analysts; Health Informatics Specialists,1.19815,Computer Systems Analysts,1.0,15-1121,False,False,0.0065,Computer Systems Analysts,1.0,15-1121,False,False,True,True,True,3
15-1221,0.3846153846153846,0.6346153846153847,0.8846153846153847,0.2307692307692307,0.5,0.7692307692307693,1.0,15-1221.00,Computer and Information Research Scientists,1.154269,Computer and Information Research Scientists,1.0,15-1111,False,False,0.015,Computer and Information Research Scientists,1.0,15-1111,False,False,True,True,True,3
15-1242,0.8709677419354839,0.935483870967742,1.0,0.2903225806451612,0.5967741935483871,0.9032258064516128,1.0,15-1242.00,Database Administrators,1.284863,Database Administrators,1.0,15-1141,True,False,0.03,Database Administrators,1.0,15-1141,True,False,True,True,True,3
15-1243,0.8224932249322493,0.9112466124661248,1.0,0.3163956639566395,0.6460027100271002,0.975609756097561,2.0,15-1243.00;15-1243.01,Database Architects; Data Warehousing Specialists,1.258784,Database Architects (##),2.0,15-1141;15-1199,True,True,0.03,Database Architects (##),1.0,15-1141,True,False,True,True,True,3
15-1244,0.5405405405405406,0.7297297297297298,0.918918918918919,0.1621621621621621,0.5135135135135136,0.8648648648648649,1.0,15-1244.00,Network and Computer Systems Administrators,0.7895315,Network and Computer Systems Administrators,1.0,15-1142,False,False,0.03,Network and Computer Systems Administrators,1.0,15-1142,False,False,True,True,True,3
15-1251,0.9,0.95,1.0,0.4333333333333333,0.6833333333333333,0.9333333333333332,1.0,15-1251.00,Computer Programmers,1.271506,Computer Programmers,1.0,15-1131,False,False,0.48,Computer Programmers,1.0,15-1131,False,False,True,True,True,3
15-1252,0.7894736842105263,0.8684210526315789,0.9473684210526316,0.0526315789473684,0.4473684210526315,0.8421052631578947,1.0,15-1252.00,Software Developers,1.2421155,Software Developers (##),2.0,15-1132;15-1133,True,True,0.086,Software Developers (##),2.0,15-1132;15-1133,True,True,True,True,True,3
15-1253,0.8070175438596491,0.8771929824561403,0.9473684210526316,0.3157894736842105,0.6140350877192982,0.912280701754386,1.0,15-1253.00,Software Quality Assurance Analysts and Testers,1.2389786666666665,Software Quality Assurance Analysts and Testers (##),3.0,15-1132;15-1133;15-1199,True,True,0.086,Software Quality Assurance Analysts and Testers (##),2.0,15-1132;15-1133,True,True,True,True,True,3
15-1299,0.4766228777169385,0.7357861863332168,0.994949494949495,0.277384400302843,0.5969636725035986,0.9165429447043542,9.0,15-1299.01;15-1299.02;15-1299.03;15-1299.04;15-1299.05;15-1299.06;15-1299.07;15-1299.08;15-1299.09,Web Administrators; Geographic Information Systems Technologists and Technicians; Document Management Specialists; Penetration Testers; Information Security Engineers; Digital Forensics Analysts; Blockchain Engineers; Computer Systems Engineers/Architects; Information Technology Project Managers,0.96837845,"Computer Occupations, All Other (##)",2.0,15-1199;43-9011,True,True,0.78,"Computer Occupations, All Other (##)",1.0,43-9011,False,False,True,True,True,3
15-2011,0.0,0.5,1.0,0.2222222222222222,0.537037037037037,0.8518518518518519,1.0,15-2011.00,Actuaries,1.516474,Actuaries,1.0,15-2011,False,False,0.21,Actuaries,1.0,15-2011,False,False,True,True,True,3
15-2021,1.0,1.0,1.0,0.3809523809523809,0.6904761904761905,1.0,1.0,15-2021.00,Mathematicians,1.472319,Mathematicians,1.0,15-2021,False,False,0.047,Mathematicians,1.0,15-2021,False,False,True,True,True,3
15-2031,0.2580645161290322,0.6290322580645161,1.0,0.2580645161290322,0.6290322580645161,1.0,1.0,15-2031.00,Operations Research Analysts,1.40002,Operations Research Analysts,1.0,15-2031,False,False,0.035,Operations Research Analysts,1.0,15-2031,False,False,True,True,True,3
15-2041,0.4494736842105263,0.7247368421052631,1.0,0.5368421052631578,0.7252631578947368,0.913684210526316,2.0,15-2041.00;15-2041.01,Statisticians; Biostatisticians,1.382724,Statisticians,1.0,15-2041,False,False,0.22,Statisticians,1.0,15-2041,False,False,True,True,True,3
15-2099,0.7666666666666666,0.8666666666666667,0.9666666666666668,0.3333333333333333,0.65,0.9666666666666668,1.0,15-2099.01,Bioinformatics Technicians,0.7559803,"Mathematical Science Occupations, All Other (##)",1.0,15-2091,False,False,0.99,"Mathematical Science Occupations, All Other (##)",1.0,15-2091,False,False,True,True,True,3
17-1011,0.0697674418604651,0.4883720930232558,0.9069767441860463,0.1627906976744186,0.4302325581395348,0.6976744186046512,1.0,17-1011.00,"Architects, Except Landscape and Naval",1.047142,"Architects, Except Landscape and Naval",1.0,17-1011,False,False,0.018,"Architects, Except Landscape and Naval",1.0,17-1011,False,False,True,True,True,3
17-1012,0.0,0.4210526315789473,0.8421052631578947,0.0526315789473684,0.3684210526315789,0.6842105263157894,1.0,17-1012.00,Landscape Architects,1.034388,Landscape Architects,1.0,17-1012,False,False,0.045,Landscape Architects,1.0,17-1012,False,False,True,True,True,3
17-1021,0.04,0.52,1.0,0.08,0.46,0.84,1.0,17-1021.00,Cartographers and Photogrammetrists,0.8169979,Cartographers and Photogrammetrists,1.0,17-1021,False,False,0.88,Cartographers and Photogrammetrists,1.0,17-1021,False,False,True,True,True,3
17-1022,0.1493055555555555,0.5100694444444445,0.8708333333333333,0.1604166666666666,0.4197916666666667,0.6791666666666667,2.0,17-1022.00;17-1022.01,Surveyors; Geodetic Surveyors,0.1460606,Surveyors,1.0,17-1022,False,False,0.38,Surveyors,1.0,17-1022,False,False,True,True,True,3
17-2011,0.2142857142857142,0.5714285714285714,0.9285714285714284,0.1428571428571428,0.5178571428571428,0.8928571428571428,1.0,17-2011.00,Aerospace Engineers,1.338738,Aerospace Engineers,1.0,17-2011,False,False,0.017,Aerospace Engineers,1.0,17-2011,False,False,True,True,True,3
17-2021,0.074074074074074,0.4259259259259259,0.7777777777777777,0.0,0.3333333333333333,0.6666666666666666,1.0,17-2021.00,Agricultural Engineers,0.9409636,Agricultural Engineers,1.0,17-2021,False,False,0.49,Agricultural Engineers,1.0,17-2021,False,False,True,True,True,3
17-2031,0.2307692307692307,0.5897435897435898,0.9487179487179488,0.2564102564102564,0.5384615384615384,0.8205128205128205,1.0,17-2031.00,Bioengineers and Biomedical Engineers,0.9874239,Bioengineers and Biomedical Engineers,1.0,17-2031,False,False,0.037,Bioengineers and Biomedical Engineers,1.0,17-2031,False,False,True,True,True,3
17-2041,0.0769230769230769,0.4615384615384615,0.8461538461538463,0.0769230769230769,0.3461538461538461,0.6153846153846154,1.0,17-2041.00,Chemical Engineers,1.341336,Chemical Engineers,1.0,17-2041,False,False,0.017,Chemical Engineers,1.0,17-2041,False,False,True,True,True,3
17-2051,0.0556277056277056,0.4821428571428571,0.9086580086580086,0.1718614718614718,0.4545454545454545,0.7372294372294372,3.0,17-2051.00;17-2051.01;17-2051.02,Civil Engineers; Transportation Engineers; Water/Wastewater Engineers,1.282867,Civil Engineers,1.0,17-2051,False,False,0.019,Civil Engineers,1.0,17-2051,False,False,True,True,True,3
17-2061,0.5454545454545454,0.7272727272727273,0.9090909090909092,0.1818181818181818,0.3181818181818182,0.4545454545454546,1.0,17-2061.00,Computer Hardware Engineers,1.141812,Computer Hardware Engineers,1.0,17-2061,False,False,0.22,Computer Hardware Engineers,1.0,17-2061,False,False,True,True,True,3
17-2071,0.28125,0.5625,0.84375,0.15625,0.40625,0.65625,1.0,17-2071.00,Electrical Engineers,1.126725,Electrical Engineers,1.0,17-2071,False,False,0.1,Electrical Engineers,1.0,17-2071,False,False,True,True,True,3
17-2072,0.361344537815126,0.6200980392156863,0.8788515406162465,0.2240896358543417,0.447829131652661,0.6715686274509804,2.0,17-2072.00;17-2072.01,"Electronics Engineers, Except Computer; Radio Frequency Identification Device Specialists",0.6654578,"Electronics Engineers, Except Computer",1.0,17-2072,False,False,0.025,"Electronics Engineers, Except Computer",1.0,17-2072,False,False,True,True,True,3
17-2081,0.1296296296296296,0.5555555555555556,0.9814814814814814,0.2407407407407407,0.5,0.7592592592592592,1.0,17-2081.00,Environmental Engineers,1.343561,Environmental Engineers,1.0,17-2081,False,False,0.018,Environmental Engineers,1.0,17-2081,False,False,True,True,True,3
17-2111,0.0984615384615384,0.5042307692307693,0.91,0.4692307692307693,0.5676923076923077,0.6661538461538461,2.0,17-2111.00;17-2111.02,"Health and Safety Engineers, Except Mining Safety Engineers and Inspectors; Fire-Prevention and Protection Engineers",0.9948935,"Health and Safety Engineers, Except Mining Safety Engineers and Inspectors",1.0,17-2111,False,False,0.028,"Health and Safety Engineers, Except Mining Safety Engineers and Inspectors",1.0,17-2111,False,False,True,True,True,3
17-2112,0.1837961926091825,0.554355036527489,0.9249138804457954,0.2942057270836666,0.520044259585133,0.7458827920865995,4.0,17-2112.00;17-2112.01;17-2112.02;17-2112.03,Industrial Engineers; Human Factors Engineers and Ergonomists; Validation Engineers; Manufacturing Engineers,1.13787,Industrial Engineers,1.0,17-2112,False,False,0.029,Industrial Engineers,1.0,17-2112,False,False,True,True,True,3
17-2121,0.1052631578947368,0.4210526315789473,0.7368421052631579,0.2631578947368421,0.4035087719298245,0.5438596491228069,1.0,17-2121.00,Marine Engineers and Naval Architects,0.5472173,Marine Engineers and Naval Architects,1.0,17-2121,False,False,0.01,Marine Engineers and Naval Architects,1.0,17-2121,False,False,True,True,True,3
17-2131,0.1463414634146341,0.4878048780487805,0.8292682926829269,0.1463414634146341,0.3170731707317073,0.4878048780487805,1.0,17-2131.00,Materials Engineers,1.037278,Materials Engineers,1.0,17-2131,False,False,0.021,Materials Engineers,1.0,17-2131,False,False,True,True,True,3
17-2141,0.2061833105335156,0.5312935096519228,0.8564037087703298,0.3067213862289101,0.5007630338957288,0.6948046815625476,3.0,17-2141.00;17-2141.01;17-2141.02,Mechanical Engineers; Fuel Cell Engineers; Automotive Engineers,1.004709,Mechanical Engineers,1.0,17-2141,False,False,0.011,Mechanical Engineers,1.0,17-2141,False,False,True,True,True,3
17-2151,0.1111111111111111,0.4814814814814814,0.8518518518518519,0.4074074074074074,0.5,0.5925925925925926,1.0,17-2151.00,"Mining and Geological Engineers, Including Mining Safety Engineers",1.34695,"Mining and Geological Engineers, Including Mining Safety Engineers",1.0,17-2151,False,False,0.14,"Mining and Geological Engineers, Including Mining Safety Engineers",1.0,17-2151,False,False,True,True,True,3
17-2161,0.25,0.55,0.8500000000000001,0.25,0.475,0.7000000000000001,1.0,17-2161.00,Nuclear Engineers,1.303009,Nuclear Engineers,1.0,17-2161,False,False,0.07,Nuclear Engineers,1.0,17-2161,False,False,True,True,True,3
17-2171,0.1666666666666666,0.5277777777777778,0.8888888888888888,0.0833333333333333,0.4305555555555555,0.7777777777777777,1.0,17-2171.00,Petroleum Engineers,1.247779,Petroleum Engineers,1.0,17-2171,False,False,0.16,Petroleum Engineers,1.0,17-2171,False,False,True,True,True,3
17-2199,0.1974527590509618,0.5226496200276688,0.8478464810043758,0.2062260578531438,0.4461732967325073,0.6861205356118707,8.0,17-2199.03;17-2199.05;17-2199.06;17-2199.07;17-2199.08;17-2199.09;17-2199.10;17-2199.11,"Energy Engineers, Except Wind and Solar; Mechatronics Engineers; Microsystems Engineers; Photonics Engineers; Robotics Engineers; Nanosystems Engineers; Wind Energy Engineers; Solar Energy Systems Engineers",0.787566,"Engineers, All Other",1.0,17-2199,False,False,0.014,"Engineers, All Other",1.0,17-2199,False,False,True,True,True,3
17-3011,0.12,0.54,0.96,0.18,0.52,0.86,1.0,17-3011.00,Architectural and Civil Drafters,0.9233925,Architectural and Civil Drafters,1.0,17-3011,False,False,0.52,Architectural and Civil Drafters,1.0,17-3011,False,False,True,True,True,3
17-3012,0.1914893617021276,0.5744680851063829,0.9574468085106382,0.2553191489361702,0.4893617021276595,0.7234042553191489,1.0,17-3012.00,Electrical and Electronics Drafters,0.910166,Electrical and Electronics Drafters,1.0,17-3012,False,False,0.81,Electrical and Electronics Drafters,1.0,17-3012,False,False,True,True,True,3
17-3013,0.0689655172413793,0.5,0.9310344827586208,0.0689655172413793,0.4655172413793103,0.8620689655172413,1.0,17-3013.00,Mechanical Drafters,0.8410071,Mechanical Drafters,1.0,17-3013,False,False,0.68,Mechanical Drafters,1.0,17-3013,False,False,True,True,True,3
17-3021,0.1,0.325,0.55,0.0,0.225,0.45,1.0,17-3021.00,Aerospace Engineering and Operations Technologists and Technicians,0.3909402,Aerospace Engineering and Operations Technologists and Technicians,1.0,17-3021,False,False,0.48,Aerospace Engineering and Operations Technologists and Technicians,1.0,17-3021,False,False,True,True,True,3
17-3022,0.1818181818181818,0.5909090909090909,1.0,0.2727272727272727,0.4772727272727273,0.6818181818181819,1.0,17-3022.00,Civil Engineering Technologists and Technicians,0.9323219,Civil Engineering Technologists and Technicians,1.0,17-3022,False,False,0.75,Civil Engineering Technologists and Technicians,1.0,17-3022,False,False,True,True,True,3
17-3023,0.1886792452830188,0.4056603773584905,0.6226415094339622,0.0943396226415094,0.330188679245283,0.5660377358490566,1.0,17-3023.00,Electrical and Electronic Engineering Technologists and Technicians,0.3515252,Electrical and Electronic Engineering Technologists and Technicians,1.0,17-3023,False,False,0.84,Electrical and Electronic Engineering Technologists and Technicians,1.0,17-3023,False,False,True,True,True,3
17-3024,0.2564184852374839,0.3873555840821566,0.5182926829268293,0.048780487804878,0.2211168164313221,0.3934531450577663,2.0,17-3024.00;17-3024.01,Electro-Mechanical and Mechatronics Technologists and Technicians; Robotics Technicians,-0.3040507,Electro-Mechanical and Mechatronics Technologists and Technicians,1.0,17-3024,False,False,0.81,Electro-Mechanical and Mechatronics Technologists and Technicians,1.0,17-3024,False,False,True,True,True,3
17-3025,0.1052631578947368,0.4078947368421052,0.7105263157894737,0.2368421052631578,0.4342105263157894,0.631578947368421,1.0,17-3025.00,Environmental Engineering Technologists and Technicians,0.0438054,Environmental Engineering Technologists and Technicians,1.0,17-3025,False,False,0.25,Environmental Engineering Technologists and Technicians,1.0,17-3025,False,False,True,True,True,3
17-3026,0.1725768321513002,0.41903073286052,0.66548463356974,0.1684397163120567,0.3683510638297872,0.5682624113475176,2.0,17-3026.00;17-3026.01,Industrial Engineering Technologists and Technicians; Nanotechnology Engineering Technologists and Technicians,0.6106679,Industrial Engineering Technologists and Technicians,1.0,17-3026,False,False,0.03,Industrial Engineering Technologists and Technicians,1.0,17-3026,False,False,True,True,True,3
17-3027,0.1094104308390022,0.3786848072562357,0.6479591836734693,0.1678004535147392,0.3151927437641723,0.4625850340136054,2.0,17-3027.00;17-3027.01,Mechanical Engineering Technologists and Technicians; Automotive Engineering Technicians,-0.1192367,Mechanical Engineering Technologists and Technicians,1.0,17-3027,False,False,0.38,Mechanical Engineering Technologists and Technicians,1.0,17-3027,False,False,True,True,True,3
17-3028,0.2,0.4,0.6,0.0666666666666666,0.2666666666666666,0.4666666666666667,1.0,17-3028.00,Calibration Technologists and Technicians,0.1941278,Calibration Technologists and Technicians,1.0,17-3029,True,False,0.24,Calibration Technologists and Technicians,1.0,17-3029,True,False,True,True,True,3
17-3029,0.0555555555555555,0.2687739463601531,0.4819923371647509,0.0444444444444444,0.2601532567049808,0.4758620689655172,2.0,17-3029.01;17-3029.08,Non-Destructive Testing Specialists; Photonics Technicians,0.1941278,"Engineering Technologists and Technicians, Except Drafters, All Other (##)",1.0,17-3029,True,False,0.24,"Engineering Technologists and Technicians, Except Drafters, All Other (##)",1.0,17-3029,True,False,True,True,True,3
17-3031,0.0851063829787234,0.5,0.9148936170212766,0.1063829787234042,0.5106382978723404,0.9148936170212766,1.0,17-3031.00,Surveying and Mapping Technicians,0.0852324,Surveying and Mapping Technicians,1.0,17-3031,False,False,0.96,Surveying and Mapping Technicians,1.0,17-3031,False,False,True,True,True,3
19-1011,0.125,0.53125,0.9375,0.75,0.84375,0.9375,1.0,19-1011.00,Animal Scientists,1.041358,Animal Scientists,1.0,19-1011,False,False,0.061,Animal Scientists,1.0,19-1011,False,False,True,True,True,3
19-1012,0.0,0.3461538461538461,0.6923076923076923,0.2307692307692307,0.5,0.7692307692307693,1.0,19-1012.00,Food Scientists and Technologists,0.7943575,Food Scientists and Technologists,1.0,19-1012,False,False,0.077,Food Scientists and Technologists,1.0,19-1012,False,False,True,True,True,3
19-1013,0.0,0.4891304347826087,0.9782608695652174,0.4347826086956521,0.6304347826086957,0.8260869565217391,1.0,19-1013.00,Soil and Plant Scientists,0.6320696,Soil and Plant Scientists,1.0,19-1013,False,False,0.021,Soil and Plant Scientists,1.0,19-1013,False,False,True,True,True,3
19-1021,0.1363636363636363,0.4545454545454546,0.7727272727272727,0.2045454545454545,0.4431818181818182,0.6818181818181819,1.0,19-1021.00,Biochemists and Biophysicists,0.9060509,Biochemists and Biophysicists,1.0,19-1021,False,False,0.027,Biochemists and Biophysicists,1.0,19-1021,False,False,True,True,True,3
19-1022,0.0833333333333333,0.3958333333333333,0.7083333333333333,0.0833333333333333,0.3125,0.5416666666666666,1.0,19-1022.00,Microbiologists,0.6955647,Microbiologists,1.0,19-1022,False,False,0.012,Microbiologists,1.0,19-1022,False,False,True,True,True,3
19-1023,0.0952380952380952,0.4523809523809523,0.8095238095238095,0.2857142857142857,0.5238095238095237,0.7619047619047619,1.0,19-1023.00,Zoologists and Wildlife Biologists,0.3175953,Zoologists and Wildlife Biologists,1.0,19-1023,False,False,0.3,Zoologists and Wildlife Biologists,1.0,19-1023,False,False,True,True,True,3
19-1029,0.2525397025205173,0.5492120286984489,0.8458843548763805,0.2140532565318191,0.4608940157303575,0.7077347749288959,4.0,19-1029.01;19-1029.02;19-1029.03;19-1029.04,Bioinformatics Scientists; Molecular and Cellular Biologists; Geneticists; Biologists,1.010193,"Biological Scientists, All Other",1.0,19-1029,False,False,0.015,"Biological Scientists, All Other",1.0,19-1029,False,False,True,True,True,3
19-1031,0.0606060606060606,0.4394408823058358,0.818275704005611,0.2060683378343301,0.4796405829757388,0.7532128281171474,3.0,19-1031.00;19-1031.02;19-1031.03,Conservation Scientists; Range Managers; Park Naturalists,0.0690313,Conservation Scientists,1.0,19-1031,False,False,0.016,Conservation Scientists,1.0,19-1031,False,False,True,True,True,3
19-1032,0.0,0.3676470588235294,0.7352941176470588,0.1764705882352941,0.3676470588235294,0.5588235294117647,1.0,19-1032.00,Foresters,-0.184381,Foresters,1.0,19-1032,False,False,0.0081,Foresters,1.0,19-1032,False,False,True,True,True,3
19-1041,0.0,0.4423076923076923,0.8846153846153847,0.3461538461538461,0.5576923076923077,0.7692307692307693,1.0,19-1041.00,Epidemiologists,1.436287,Epidemiologists,1.0,19-1041,False,False,0.2,Epidemiologists,1.0,19-1041,False,False,True,True,True,3
19-1042,0.1818181818181818,0.5227272727272727,0.8636363636363636,0.3636363636363636,0.5681818181818182,0.7727272727272727,1.0,19-1042.00,"Medical Scientists, Except Epidemiologists",1.279928,"Medical Scientists, Except Epidemiologists",1.0,19-1042,False,False,0.0045,"Medical Scientists, Except Epidemiologists",1.0,19-1042,False,False,True,True,True,3
19-2011,0.0625,0.4375,0.8125,0.25,0.421875,0.59375,1.0,19-2011.00,Astronomers,1.373737,Astronomers,1.0,19-2011,False,False,0.041,Astronomers,1.0,19-2011,False,False,True,True,True,3
19-2012,0.5454545454545454,0.75,0.9545454545454546,0.5,0.6363636363636364,0.7727272727272727,1.0,19-2012.00,Physicists,1.345736,Physicists,1.0,19-2012,False,False,0.1,Physicists,1.0,19-2012,False,False,True,True,True,3
19-2021,0.1739130434782608,0.5652173913043478,0.9565217391304348,0.3478260869565217,0.6086956521739131,0.8695652173913043,1.0,19-2021.00,Atmospheric and Space Scientists,1.373917,Atmospheric and Space Scientists,1.0,19-2021,False,False,0.67,Atmospheric and Space Scientists,1.0,19-2021,False,False,True,True,True,3
19-2031,0.08,0.38,0.68,0.28,0.4,0.52,1.0,19-2031.00,Chemists,0.5011251,Chemists,1.0,19-2031,False,False,0.1,Chemists,1.0,19-2031,False,False,True,True,True,3
19-2032,0.1379310344827586,0.4827586206896551,0.8275862068965517,0.4482758620689655,0.5172413793103449,0.5862068965517241,1.0,19-2032.00,Materials Scientists,1.032757,Materials Scientists,1.0,19-2032,False,False,0.021,Materials Scientists,1.0,19-2032,False,False,True,True,True,3
19-2041,0.0623666717738988,0.5217162952137376,0.9810659186535764,0.4647519947670512,0.7103039146935072,0.9558558346199628,4.0,19-2041.00;19-2041.01;19-2041.02;19-2041.03,"Environmental Scientists and Specialists, Including Health; Climate Change Policy Analysts; Environmental Restoration Planners; Industrial Ecologists",1.014113,"Environmental Scientists and Specialists, Including Health",1.0,19-2041,False,False,0.033,"Environmental Scientists and Specialists, Including Health",1.0,19-2041,False,False,True,True,True,3
19-2042,0.1111111111111111,0.4666666666666667,0.8222222222222223,0.2888888888888889,0.4777777777777778,0.6666666666666667,1.0,19-2042.00,"Geoscientists, Except Hydrologists and Geographers",0.7143481,"Geoscientists, Except Hydrologists and Geographers",1.0,19-2042,False,False,0.63,"Geoscientists, Except Hydrologists and Geographers",1.0,19-2042,False,False,True,True,True,3
19-2043,0.125,0.5,0.875,0.2916666666666666,0.53125,0.7708333333333333,1.0,19-2043.00,Hydrologists,0.6405071,Hydrologists,1.0,19-2043,False,False,0.014,Hydrologists,1.0,19-2043,False,False,True,True,True,3
19-2099,0.0,0.4565217391304347,0.9130434782608696,0.1521739130434782,0.4456521739130434,0.7391304347826086,1.0,19-2099.01,Remote Sensing Scientists and Technologists,1.140157,"Physical Scientists, All Other",1.0,19-2099,False,False,0.43,"Physical Scientists, All Other",1.0,19-2099,False,False,True,True,True,3
19-3011,0.1052631578947368,0.5526315789473684,1.0,0.4429824561403508,0.6173245614035088,0.7916666666666666,2.0,19-3011.00;19-3011.01,Economists; Environmental Economists,1.403764,Economists,1.0,19-3011,False,False,0.43,Economists,1.0,19-3011,False,False,True,True,True,3
19-3022,0.25,0.625,1.0,0.75,0.84375,0.9375,1.0,19-3022.00,Survey Researchers,1.42653,Survey Researchers,1.0,19-3022,False,False,0.23,Survey Researchers,1.0,19-3022,False,False,True,True,True,3
19-3032,0.0888888888888888,0.4888888888888889,0.888888888888889,0.3555555555555555,0.5888888888888889,0.8222222222222223,1.0,19-3032.00,Industrial-Organizational Psychologists,1.402475,Industrial-Organizational Psychologists,1.0,19-3032,False,False,0.012,Industrial-Organizational Psychologists,1.0,19-3032,False,False,True,True,True,3
19-3033,0.0925925925925925,0.3703703703703703,0.6481481481481481,0.3333333333333333,0.5092592592592592,0.6851851851851851,1.0,19-3033.00,Clinical and Counseling Psychologists,1.456361,Clinical and Counseling Psychologists,1.0,19-3031,True,False,0.0047,Clinical and Counseling Psychologists,1.0,19-3031,True,False,True,True,True,3
19-3034,0.0,0.3918918918918919,0.7837837837837838,0.3243243243243243,0.5810810810810811,0.8378378378378379,1.0,19-3034.00,School Psychologists,1.456361,School Psychologists,1.0,19-3031,True,False,0.0047,School Psychologists,1.0,19-3031,True,False,True,True,True,3
19-3039,0.0634920634920634,0.4543650793650793,0.8452380952380951,0.2182539682539682,0.2817460317460317,0.3452380952380952,2.0,19-3039.02;19-3039.03,Neuropsychologists; Clinical Neuropsychologists,1.389854,"Psychologists, All Other",1.0,19-3039,False,False,0.0043,"Psychologists, All Other",1.0,19-3039,False,False,True,True,True,3
19-3041,0.1538461538461538,0.5384615384615385,0.9230769230769232,0.3846153846153846,0.6153846153846154,0.8461538461538463,1.0,19-3041.00,Sociologists,1.411125,Sociologists,1.0,19-3041,False,False,0.059,Sociologists,1.0,19-3041,False,False,True,True,True,3
19-3051,0.0,0.4772727272727273,0.9545454545454546,0.2727272727272727,0.5795454545454546,0.8863636363636364,1.0,19-3051.00,Urban and Regional Planners,1.227516,Urban and Regional Planners,1.0,19-3051,False,False,0.13,Urban and Regional Planners,1.0,19-3051,False,False,True,True,True,3
19-3091,0.0517241379310344,0.4396551724137931,0.8275862068965517,0.293103448275862,0.5172413793103449,0.7413793103448276,1.0,19-3091.00,Anthropologists and Archeologists,0.6965665,Anthropologists and Archeologists,1.0,19-3091,False,False,0.0077,Anthropologists and Archeologists,1.0,19-3091,False,False,True,True,True,3
19-3092,0.1666666666666666,0.4999999999999999,0.8333333333333333,0.0833333333333333,0.375,0.6666666666666666,1.0,19-3092.00,Geographers,1.436298,Geographers,1.0,19-3092,False,False,0.25,Geographers,1.0,19-3092,False,False,True,True,True,3
19-3093,0.1052631578947368,0.4736842105263157,0.8421052631578947,0.3157894736842105,0.5,0.6842105263157894,1.0,19-3093.00,Historians,1.098921,Historians,1.0,19-3093,False,False,0.44,Historians,1.0,19-3093,False,False,True,True,True,3
19-3094,0.0416666666666666,0.4791666666666666,0.9166666666666666,0.25,0.5416666666666666,0.8333333333333333,1.0,19-3094.00,Political Scientists,1.418863,Political Scientists,1.0,19-3094,False,False,0.039,Political Scientists,1.0,19-3094,False,False,True,True,True,3
19-3099,0.0930232558139534,0.5232558139534884,0.9534883720930232,0.3720930232558139,0.6627906976744186,0.9534883720930232,1.0,19-3099.01,Transportation Planners,1.328048,"Social Scientists and Related Workers, All Other",1.0,19-3099,False,False,0.04,"Social Scientists and Related Workers, All Other",1.0,19-3099,False,False,True,True,True,3
19-4012,0.1426767676767676,0.4097222222222222,0.6767676767676768,0.1691919191919192,0.3333333333333333,0.4974747474747474,2.0,19-4012.00;19-4012.01,Agricultural Technicians; Precision Agriculture Technicians,0.095719,Agricultural Technicians,1.0,19-4011,True,False,0.97,Agricultural Technicians,1.0,19-4011,True,False,True,True,True,3
19-4013,0.2857142857142857,0.3571428571428571,0.4285714285714285,0.1071428571428571,0.2857142857142857,0.4642857142857142,1.0,19-4013.00,Food Science Technicians,0.095719,Food Science Technicians,1.0,19-4011,True,False,0.97,Food Science Technicians,1.0,19-4011,True,False,True,True,True,3
19-4021,0.2,0.4166666666666666,0.6333333333333333,0.0666666666666666,0.2666666666666666,0.4666666666666667,1.0,19-4021.00,Biological Technicians,0.3012355,Biological Technicians,1.0,19-4021,False,False,0.3,Biological Technicians,1.0,19-4021,False,False,True,True,True,3
19-4031,0.1428571428571428,0.3928571428571428,0.6428571428571428,0.2857142857142857,0.3928571428571428,0.5,1.0,19-4031.00,Chemical Technicians,0.0628057,Chemical Technicians,1.0,19-4031,False,False,0.57,Chemical Technicians,1.0,19-4031,False,False,True,True,True,3
19-4042,0.2444444444444444,0.4555555555555556,0.6666666666666667,0.2444444444444444,0.4222222222222222,0.6,1.0,19-4042.00,"Environmental Science and Protection Technicians, Including Health",0.0169452,"Environmental Science and Protection Technicians, Including Health",1.0,19-4091,False,False,0.77,"Environmental Science and Protection Technicians, Including Health",1.0,19-4091,False,False,True,True,True,3
19-4043,0.048780487804878,0.3902439024390244,0.7317073170731707,0.073170731707317,0.3048780487804878,0.5365853658536586,1.0,19-4043.00,"Geological Technicians, Except Hydrologic Technicians",0.0832659,"Geological Technicians, Except Hydrologic Technicians",1.0,19-4041,True,False,0.91,"Geological Technicians, Except Hydrologic Technicians",1.0,19-4041,True,False,True,True,True,3
19-4044,0.1875,0.5,0.8125,0.25,0.53125,0.8125,1.0,19-4044.00,Hydrologic Technicians,0.26668515,Hydrologic Technicians (##),2.0,19-4041;19-4099,True,True,0.76,Hydrologic Technicians (##),2.0,19-4041;19-4099,True,True,True,True,True,3
19-4051,0.1114718614718614,0.185064935064935,0.2586580086580086,0.1114718614718614,0.284090909090909,0.4567099567099566,2.0,19-4051.00;19-4051.02,Nuclear Technicians; Nuclear Monitoring Technicians,0.1696743,Nuclear Technicians,1.0,19-4051,False,False,0.85,Nuclear Technicians,1.0,19-4051,False,False,True,True,True,3
19-4061,0.4242424242424242,0.6666666666666667,0.9090909090909092,0.3939393939393939,0.6212121212121212,0.8484848484848485,1.0,19-4061.00,Social Science Research Assistants,1.204652,Social Science Research Assistants,1.0,19-4061,False,False,0.65,Social Science Research Assistants,1.0,19-4061,False,False,True,True,True,3
19-4071,0.0769230769230769,0.3269230769230769,0.576923076923077,0.1153846153846153,0.3269230769230769,0.5384615384615385,1.0,19-4071.00,Forest and Conservation Technicians,-0.6672396,Forest and Conservation Technicians,1.0,19-4093,False,False,0.42,Forest and Conservation Technicians,1.0,19-4093,False,False,True,True,True,3
19-4092,0.064516129032258,0.3870967741935484,0.7096774193548387,0.064516129032258,0.1935483870967742,0.3225806451612903,1.0,19-4092.00,Forensic Science Technicians,0.2400518,Forensic Science Technicians,1.0,19-4092,False,False,0.0095,Forensic Science Technicians,1.0,19-4092,False,False,True,True,True,3
19-4099,0.1547700754975978,0.5348318462594372,0.9148936170212766,0.1921757035003431,0.473232669869595,0.7542896362388469,2.0,19-4099.01;19-4099.03,Quality Control Analysts; Remote Sensing Technicians,0.4501044,"Life, Physical, and Social Science Technicians, All Other",1.0,19-4099,True,False,0.61,"Life, Physical, and Social Science Technicians, All Other",1.0,19-4099,True,False,True,True,True,3
19-5011,0.0476190476190476,0.3333333333333333,0.6190476190476191,0.2857142857142857,0.3571428571428571,0.4285714285714285,1.0,19-5011.00,Occupational Health and Safety Specialists,0.8349371,Occupational Health and Safety Specialists,1.0,29-9011,False,False,0.17,Occupational Health and Safety Specialists,1.0,29-9011,False,False,True,True,True,3
19-5012,0.125,0.3958333333333333,0.6666666666666666,0.25,0.4166666666666666,0.5833333333333333,1.0,19-5012.00,Occupational Health and Safety Technicians,0.3996866,Occupational Health and Safety Technicians,1.0,29-9012,False,False,0.25,Occupational Health and Safety Technicians,1.0,29-9012,False,False,True,True,True,3
21-1011,0.0888888888888888,0.2,0.3111111111111111,0.1777777777777777,0.2888888888888889,0.4,1.0,21-1011.00,Substance Abuse and Behavioral Disorder Counselors,1.030841,Substance Abuse and Behavioral Disorder Counselors,1.0,21-1011,False,False,0.033,Substance Abuse and Behavioral Disorder Counselors,1.0,21-1011,False,False,True,True,True,3
21-1012,0.0526315789473684,0.2894736842105263,0.5263157894736842,0.2456140350877192,0.3245614035087719,0.4035087719298245,1.0,21-1012.00,"Educational, Guidance, and Career Counselors and Advisors",0.9739287,"Educational, Guidance, and Career Counselors and Advisors",1.0,21-1012,False,False,0.0085,"Educational, Guidance, and Career Counselors and Advisors",1.0,21-1012,False,False,True,True,True,3
21-1013,0.074074074074074,0.1111111111111111,0.1481481481481481,0.1851851851851851,0.2777777777777778,0.3703703703703703,1.0,21-1013.00,Marriage and Family Therapists,1.367434,Marriage and Family Therapists,1.0,21-1013,False,False,0.014,Marriage and Family Therapists,1.0,21-1013,False,False,True,True,True,3
21-1014,0.0784313725490196,0.2549019607843137,0.4313725490196078,0.1176470588235294,0.2647058823529412,0.4117647058823529,1.0,21-1014.00,Mental Health Counselors,1.34239,Mental Health Counselors,1.0,21-1014,False,False,0.0048,Mental Health Counselors,1.0,21-1014,False,False,True,True,True,3
21-1015,0.064516129032258,0.3548387096774194,0.6451612903225806,0.2580645161290322,0.4677419354838709,0.6774193548387096,1.0,21-1015.00,Rehabilitation Counselors,0.5025014,Rehabilitation Counselors,1.0,21-1015,False,False,0.0094,Rehabilitation Counselors,1.0,21-1015,False,False,True,True,True,3
21-1021,0.0571428571428571,0.2428571428571428,0.4285714285714285,0.1714285714285714,0.3,0.4285714285714285,1.0,21-1021.00,"Child, Family, and School Social Workers",0.7761707,"Child, Family, and School Social Workers",1.0,21-1021,False,False,0.028,"Child, Family, and School Social Workers",1.0,21-1021,False,False,True,True,True,3
21-1022,0.03125,0.34375,0.65625,0.1875,0.421875,0.65625,1.0,21-1022.00,Healthcare Social Workers,0.9339648,Healthcare Social Workers,1.0,21-1022,False,False,0.0035,Healthcare Social Workers,1.0,21-1022,False,False,True,True,True,3
21-1023,0.0,0.2708333333333333,0.5416666666666666,0.1666666666666666,0.3541666666666666,0.5416666666666666,1.0,21-1023.00,Mental Health and Substance Abuse Social Workers,1.119216,Mental Health and Substance Abuse Social Workers,1.0,21-1023,False,False,0.0031,Mental Health and Substance Abuse Social Workers,1.0,21-1023,False,False,True,True,True,3
21-1091,0.2580645161290322,0.532258064516129,0.8064516129032258,0.2580645161290322,0.5,0.7419354838709677,1.0,21-1091.00,Health Education Specialists,0.691658,Health Education Specialists,1.0,21-1091,False,False,0.045,Health Education Specialists,1.0,21-1091,False,False,True,True,True,3
21-1092,0.1578947368421052,0.3947368421052631,0.631578947368421,0.2894736842105263,0.4473684210526315,0.6052631578947368,1.0,21-1092.00,Probation Officers and Correctional Treatment Specialists,0.5272448,Probation Officers and Correctional Treatment Specialists,1.0,21-1092,False,False,0.25,Probation Officers and Correctional Treatment Specialists,1.0,21-1092,False,False,True,True,True,3
21-1093,0.2142857142857142,0.3928571428571428,0.5714285714285714,0.2857142857142857,0.375,0.4642857142857142,1.0,21-1093.00,Social and Human Service Assistants,0.4652255,Social and Human Service Assistants,1.0,21-1093,False,False,0.13,Social and Human Service Assistants,1.0,21-1093,False,False,True,True,True,3
21-2011,0.1904761904761904,0.3333333333333333,0.4761904761904761,0.1904761904761904,0.238095238095238,0.2857142857142857,1.0,21-2011.00,Clergy,1.282559,Clergy,1.0,21-2011,False,False,0.0081,Clergy,1.0,21-2011,False,False,True,True,True,3
21-2021,0.1515151515151515,0.4393939393939394,0.7272727272727273,0.303030303030303,0.4545454545454546,0.6060606060606061,1.0,21-2021.00,"Directors, Religious Activities and Education",1.210922,"Directors, Religious Activities and Education",1.0,21-2021,False,False,0.025,"Directors, Religious Activities and Education",1.0,21-2021,False,False,True,True,True,3
23-1011,0.0,0.425,0.8500000000000001,0.15,0.475,0.8,1.0,23-1011.00,Lawyers,1.328783,Lawyers,1.0,23-1011,False,False,0.035,Lawyers,1.0,23-1011,False,False,True,True,True,3
23-1012,0.1379310344827586,0.5172413793103449,0.896551724137931,0.0,0.4482758620689655,0.896551724137931,1.0,23-1012.00,Judicial Law Clerks,1.462973,Judicial Law Clerks,1.0,23-1012,False,False,0.41,Judicial Law Clerks,1.0,23-1012,False,False,True,True,True,3
23-1021,0.1538461538461538,0.5,0.8461538461538463,0.0769230769230769,0.3461538461538461,0.6153846153846154,1.0,23-1021.00,"Administrative Law Judges, Adjudicators, and Hearing Officers",1.374714,"Administrative Law Judges, Adjudicators, and Hearing Officers",1.0,23-1021,False,False,0.64,"Administrative Law Judges, Adjudicators, and Hearing Officers",1.0,23-1021,False,False,True,True,True,3
23-1022,0.0967741935483871,0.5,0.9032258064516128,0.0967741935483871,0.3709677419354839,0.6451612903225806,1.0,23-1022.00,"Arbitrators, Mediators, and Conciliators",1.431593,"Arbitrators, Mediators, and Conciliators",1.0,23-1022,False,False,0.06,"Arbitrators, Mediators, and Conciliators",1.0,23-1022,False,False,True,True,True,3
23-1023,0.0,0.4166666666666666,0.8333333333333333,0.0555555555555555,0.25,0.4444444444444444,1.0,23-1023.00,"Judges, Magistrate Judges, and Magistrates",1.496494,"Judges, Magistrate Judges, and Magistrates",1.0,23-1023,False,False,0.4,"Judges, Magistrate Judges, and Magistrates",1.0,23-1023,False,False,True,True,True,3
23-2011,0.2,0.525,0.8500000000000001,0.05,0.45,0.8500000000000001,1.0,23-2011.00,Paralegals and Legal Assistants,1.292055,Paralegals and Legal Assistants,1.0,23-2011,False,False,0.94,Paralegals and Legal Assistants,1.0,23-2011,False,False,True,True,True,3
23-2093,0.2142857142857142,0.5714285714285714,0.9285714285714284,0.25,0.5535714285714285,0.8571428571428571,1.0,23-2093.00,"Title Examiners, Abstractors, and Searchers",1.279954,"Title Examiners, Abstractors, and Searchers",1.0,23-2093,False,False,0.99,"Title Examiners, Abstractors, and Searchers",1.0,23-2093,False,False,True,True,True,3
25-2011,0.0606060606060606,0.2272727272727273,0.3939393939393939,0.1515151515151515,0.3106060606060606,0.4696969696969697,1.0,25-2011.00,"Preschool Teachers, Except Special Education",0.0306372,"Preschool Teachers, Except Special Education",1.0,25-2011,False,False,0.0074,"Preschool Teachers, Except Special Education",1.0,25-2011,False,False,True,True,True,3
25-2012,0.0547945205479452,0.2328767123287671,0.410958904109589,0.136986301369863,0.2945205479452054,0.4520547945205479,1.0,25-2012.00,"Kindergarten Teachers, Except Special Education",0.3644047,"Kindergarten Teachers, Except Special Education",1.0,25-2012,False,False,0.15,"Kindergarten Teachers, Except Special Education",1.0,25-2012,False,False,True,True,True,3
25-2021,0.054054054054054,0.3108108108108108,0.5675675675675675,0.1351351351351351,0.3108108108108108,0.4864864864864865,1.0,25-2021.00,"Elementary School Teachers, Except Special Education",0.8869491,"Elementary School Teachers, Except Special Education",1.0,25-2021,False,False,0.0044,"Elementary School Teachers, Except Special Education",1.0,25-2021,False,False,True,True,True,3
25-2022,0.072463768115942,0.3478260869565217,0.6231884057971014,0.2028985507246377,0.3405797101449275,0.4782608695652174,1.0,25-2022.00,"Middle School Teachers, Except Special and Career/Technical Education",1.286445,"Middle School Teachers, Except Special and Career/Technical Education",1.0,25-2022,False,False,0.17,"Middle School Teachers, Except Special and Career/Technical Education",1.0,25-2022,False,False,True,True,True,3
25-2023,0.1935483870967742,0.3225806451612903,0.4516129032258064,0.1612903225806451,0.3387096774193548,0.5161290322580645,1.0,25-2023.00,"Career/Technical Education Teachers, Middle School",0.5199191,"Career/Technical Education Teachers, Middle School",1.0,25-2023,False,False,0.26,"Career/Technical Education Teachers, Middle School",1.0,25-2023,False,False,True,True,True,3
25-2031,0.0317460317460317,0.3333333333333333,0.6349206349206349,0.1587301587301587,0.3412698412698413,0.5238095238095237,1.0,25-2031.00,"Secondary School Teachers, Except Special and Career/Technical Education",1.191325,"Secondary School Teachers, Except Special and Career/Technical Education",1.0,25-2031,False,False,0.0078,"Secondary School Teachers, Except Special and Career/Technical Education",1.0,25-2031,False,False,True,True,True,3
25-2032,0.1515151515151515,0.3333333333333333,0.5151515151515151,0.1212121212121212,0.3333333333333333,0.5454545454545454,1.0,25-2032.00,"Career/Technical Education Teachers, Secondary School",0.3734505,"Career/Technical Education Teachers, Secondary School",1.0,25-2032,False,False,0.0088,"Career/Technical Education Teachers, Secondary School",1.0,25-2032,False,False,True,True,True,3
25-2057,0.0779220779220779,0.3051948051948052,0.5324675324675325,0.1298701298701298,0.3051948051948052,0.4805194805194805,1.0,25-2057.00,"Special Education Teachers, Middle School",1.296072,"Special Education Teachers, Middle School",1.0,25-2053,False,False,0.016,"Special Education Teachers, Middle School",1.0,25-2053,False,False,True,True,True,3
25-2058,0.1025641025641025,0.3012820512820512,0.5,0.1538461538461538,0.2948717948717949,0.4358974358974359,1.0,25-2058.00,"Special Education Teachers, Secondary School",0.9587653,"Special Education Teachers, Secondary School",1.0,25-2054,False,False,0.0077,"Special Education Teachers, Secondary School",1.0,25-2054,False,False,True,True,True,3
25-3011,0.1764705882352941,0.4044117647058823,0.6323529411764706,0.2205882352941176,0.4264705882352941,0.6323529411764706,1.0,25-3011.00,"Adult Basic Education, Adult Secondary Education, and English as a Second Language Instructors",1.348951,"Adult Basic Education, Adult Secondary Education, and English as a Second Language Instructors",1.0,25-3011,False,False,0.19,"Adult Basic Education, Adult Secondary Education, and English as a Second Language Instructors",1.0,25-3011,False,False,True,True,True,3
25-3021,0.16,0.36,0.56,0.2,0.38,0.56,1.0,25-3021.00,Self-Enrichment Teachers,0.526352,Self-Enrichment Teachers,1.0,25-3021,False,False,0.13,Self-Enrichment Teachers,1.0,25-3021,False,False,True,True,True,3
25-4011,0.0769230769230769,0.5,0.9230769230769232,0.2307692307692307,0.5,0.7692307692307693,1.0,25-4011.00,Archivists,0.6765602,Archivists,1.0,25-4011,False,False,0.76,Archivists,1.0,25-4011,False,False,True,True,True,3
25-4012,0.1481481481481481,0.5,0.8518518518518519,0.2592592592592592,0.5185185185185185,0.7777777777777777,1.0,25-4012.00,Curators,0.7366658,Curators,1.0,25-4012,False,False,0.0068,Curators,1.0,25-4012,False,False,True,True,True,3
25-4013,0.0526315789473684,0.2368421052631578,0.4210526315789473,0.1052631578947368,0.2368421052631578,0.3684210526315789,1.0,25-4013.00,Museum Technicians and Conservators,-0.0912107,Museum Technicians and Conservators,1.0,25-4013,False,False,0.59,Museum Technicians and Conservators,1.0,25-4013,False,False,True,True,True,3
25-4022,0.1578947368421052,0.5350877192982456,0.912280701754386,0.2631578947368421,0.5,0.7368421052631579,1.0,25-4022.00,Librarians and Media Collections Specialists,0.7439546,Librarians and Media Collections Specialists (##),2.0,25-4021;25-9011,False,True,0.52,Librarians and Media Collections Specialists (##),2.0,25-4021;25-9011,False,True,True,True,True,3
25-4031,0.3846153846153846,0.5673076923076923,0.75,0.2692307692307693,0.5288461538461539,0.7884615384615385,1.0,25-4031.00,Library Technicians,0.037965,Library Technicians,1.0,25-4031,False,False,0.99,Library Technicians,1.0,25-4031,False,False,True,True,True,3
25-9021,0.074074074074074,0.3703703703703703,0.6666666666666666,0.3703703703703703,0.537037037037037,0.7037037037037037,1.0,25-9021.00,Farm and Home Management Educators,0.8604031,Farm and Home Management Educators,1.0,25-9021,False,False,0.0075,Farm and Home Management Educators,1.0,25-9021,False,False,True,True,True,3
25-9031,0.175,0.4875,0.8,0.275,0.525,0.775,1.0,25-9031.00,Instructional Coordinators,1.301855,Instructional Coordinators,1.0,25-9031,False,False,0.0042,Instructional Coordinators,1.0,25-9031,False,False,True,True,True,3
25-9042,0.2666666666666666,0.3666666666666666,0.4666666666666667,0.1666666666666666,0.2833333333333333,0.4,1.0,25-9042.00,"Teaching Assistants, Preschool, Elementary, Middle, and Secondary School, Except Special Education",0.4516636,"Teaching Assistants, Preschool, Elementary, Middle, and Secondary School, Except Special Education",1.0,25-9041,True,False,0.56,"Teaching Assistants, Preschool, Elementary, Middle, and Secondary School, Except Special Education",1.0,25-9041,True,False,True,True,True,3
25-9043,0.1666666666666666,0.2666666666666666,0.3666666666666666,0.1333333333333333,0.25,0.3666666666666666,1.0,25-9043.00,"Teaching Assistants, Special Education",0.4516636,"Teaching Assistants, Special Education",1.0,25-9041,True,False,0.56,"Teaching Assistants, Special Education",1.0,25-9041,True,False,True,True,True,3
27-1011,0.0689655172413793,0.5,0.9310344827586208,0.0689655172413793,0.4310344827586206,0.7931034482758621,1.0,27-1011.00,Art Directors,1.02251,Art Directors,1.0,27-1011,False,False,0.023,Art Directors,1.0,27-1011,False,False,True,True,True,3
27-1012,0.0,0.2586206896551724,0.5172413793103449,0.0689655172413793,0.2241379310344827,0.3793103448275862,1.0,27-1012.00,Craft Artists,-0.9295284,Craft Artists,1.0,27-1012,False,False,0.035,Craft Artists,1.0,27-1012,False,False,True,True,True,3
27-1013,0.0,0.425,0.8500000000000001,0.05,0.3125,0.5750000000000001,1.0,27-1013.00,"Fine Artists, Including Painters, Sculptors, and Illustrators",-0.5690498,"Fine Artists, Including Painters, Sculptors, and Illustrators",1.0,27-1013,False,False,0.042,"Fine Artists, Including Painters, Sculptors, and Illustrators",1.0,27-1013,False,False,True,True,True,3
27-1014,0.05,0.525,1.0,0.05,0.475,0.9,1.0,27-1014.00,Special Effects Artists and Animators,0.7058651,Special Effects Artists and Animators,1.0,27-1014,False,False,0.015,Special Effects Artists and Animators,1.0,27-1014,False,False,True,True,True,3
27-1021,0.0,0.4655172413793103,0.9310344827586208,0.0689655172413793,0.4137931034482758,0.7586206896551724,1.0,27-1021.00,Commercial and Industrial Designers,0.867039,Commercial and Industrial Designers,1.0,27-1021,False,False,0.037,Commercial and Industrial Designers,1.0,27-1021,False,False,True,True,True,3
27-1022,0.0,0.390625,0.78125,0.125,0.375,0.625,1.0,27-1022.00,Fashion Designers,0.5801539,Fashion Designers,1.0,27-1022,False,False,0.021,Fashion Designers,1.0,27-1022,False,False,True,True,True,3
27-1023,0.0666666666666666,0.1999999999999999,0.3333333333333333,0.1,0.2666666666666666,0.4333333333333333,1.0,27-1023.00,Floral Designers,-0.2718452,Floral Designers,1.0,27-1023,False,False,0.047,Floral Designers,1.0,27-1023,False,False,True,True,True,3
27-1024,0.0,0.5,1.0,0.0,0.4107142857142857,0.8214285714285714,1.0,27-1024.00,Graphic Designers,0.7156958,Graphic Designers,1.0,27-1024,False,False,0.082,Graphic Designers,1.0,27-1024,False,False,True,True,True,3
27-1025,0.0,0.5,1.0,0.1379310344827586,0.3620689655172414,0.5862068965517241,1.0,27-1025.00,Interior Designers,1.12168,Interior Designers,1.0,27-1025,False,False,0.022,Interior Designers,1.0,27-1025,False,False,True,True,True,3
27-1026,0.0,0.3048780487804878,0.6097560975609756,0.0975609756097561,0.2682926829268293,0.4390243902439024,1.0,27-1026.00,Merchandise Displayers and Window Trimmers,-1.001413,Merchandise Displayers and Window Trimmers,1.0,27-1026,False,False,0.48,Merchandise Displayers and Window Trimmers,1.0,27-1026,False,False,True,True,True,3
27-1027,0.0,0.3913043478260869,0.7826086956521738,0.1521739130434782,0.358695652173913,0.5652173913043478,1.0,27-1027.00,Set and Exhibit Designers,-0.0519323,Set and Exhibit Designers,1.0,27-1027,False,False,0.0055,Set and Exhibit Designers,1.0,27-1027,False,False,True,True,True,3
27-2011,0.15625,0.1875,0.21875,0.125,0.15625,0.1875,1.0,27-2011.00,Actors,0.1590935,Actors,1.0,27-2011,False,False,0.37,Actors,1.0,27-2011,False,False,True,True,True,3
27-2012,0.0938352427714129,0.4695853791598472,0.8453355155482816,0.2176759410801964,0.4369885433715221,0.6563011456628478,4.0,27-2012.00;27-2012.03;27-2012.04;27-2012.05,Producers and Directors; Media Programming Directors; Talent Directors; Media Technical Directors/Managers,0.9388108,Producers and Directors,1.0,27-2012,False,False,0.022,Producers and Directors,1.0,27-2012,False,False,True,True,True,3
27-2021,0.0,0.0,0.0,0.0,0.0,0.0,1.0,27-2021.00,Athletes and Sports Competitors,-1.814336,Athletes and Sports Competitors,1.0,27-2021,False,False,0.28,Athletes and Sports Competitors,1.0,27-2021,False,False,True,True,True,3
27-2022,0.0666666666666666,0.3,0.5333333333333333,0.0444444444444444,0.1444444444444444,0.2444444444444444,1.0,27-2022.00,Coaches and Scouts,0.1168668,Coaches and Scouts,1.0,27-2022,False,False,0.013,Coaches and Scouts,1.0,27-2022,False,False,True,True,True,3
27-2023,0.2499999999999999,0.3125,0.375,0.125,0.1666666666666666,0.2083333333333333,1.0,27-2023.00,"Umpires, Referees, and Other Sports Officials",-0.0325617,"Umpires, Referees, and Other Sports Officials",1.0,27-2023,False,False,0.98,"Umpires, Referees, and Other Sports Officials",1.0,27-2023,False,False,True,True,True,3
27-2031,0.0,0.0208333333333333,0.0416666666666666,0.0,0.0416666666666666,0.0833333333333333,1.0,27-2031.00,Dancers,-2.669758,Dancers,1.0,27-2031,False,False,0.13,Dancers,1.0,27-2031,False,False,True,True,True,3
27-2032,0.0571428571428571,0.2714285714285714,0.4857142857142857,0.1428571428571428,0.1714285714285714,0.2,1.0,27-2032.00,Choreographers,-1.575769,Choreographers,1.0,27-2032,False,False,0.004,Choreographers,1.0,27-2032,False,False,True,True,True,3
27-2041,0.5263157894736842,0.7105263157894737,0.894736842105263,0.175438596491228,0.2807017543859649,0.3859649122807017,1.0,27-2041.00,Music Directors and Composers,0.8829641,Music Directors and Composers,1.0,27-2041,False,False,0.015,Music Directors and Composers,1.0,27-2041,False,False,True,True,True,3
27-2042,0.2448979591836734,0.4081632653061224,0.5714285714285714,0.1020408163265306,0.1326530612244897,0.1632653061224489,1.0,27-2042.00,Musicians and Singers,-0.0040058,Musicians and Singers,1.0,27-2042,False,False,0.074,Musicians and Singers,1.0,27-2042,False,False,True,True,True,3
27-3011,0.4,0.65,0.9,0.475,0.5375,0.6000000000000001,1.0,27-3011.00,Broadcast Announcers and Radio Disc Jockeys,0.8493547,Broadcast Announcers and Radio Disc Jockeys,1.0,27-3011,False,False,0.1,Broadcast Announcers and Radio Disc Jockeys,1.0,27-3011,False,False,True,True,True,3
27-3023,0.3,0.65,1.0,0.4333333333333333,0.6333333333333333,0.8333333333333334,1.0,27-3023.00,"News Analysts, Reporters, and Journalists",1.175098,"News Analysts, Reporters, and Journalists (##)",2.0,27-3021;27-3022,False,True,0.0885,"News Analysts, Reporters, and Journalists (##)",2.0,27-3021;27-3022,False,True,True,True,True,3
27-3031,0.2424242424242424,0.5909090909090909,0.9393939393939394,0.6363636363636364,0.7878787878787878,0.9393939393939394,1.0,27-3031.00,Public Relations Specialists,1.284927,Public Relations Specialists,1.0,27-3031,False,False,0.18,Public Relations Specialists,1.0,27-3031,False,False,True,True,True,3
27-3041,0.3529411764705882,0.6470588235294118,0.9411764705882352,0.5294117647058824,0.6470588235294118,0.7647058823529411,1.0,27-3041.00,Editors,1.128221,Editors,1.0,27-3041,False,False,0.055,Editors,1.0,27-3041,False,False,True,True,True,3
27-3042,0.4666666666666667,0.7,0.9333333333333332,0.3333333333333333,0.6333333333333333,0.9333333333333332,1.0,27-3042.00,Technical Writers,1.184001,Technical Writers,1.0,27-3042,False,False,0.89,Technical Writers,1.0,27-3042,False,False,True,True,True,3
27-3043,0.8098290598290598,0.8771367521367521,0.9444444444444444,0.641025641025641,0.7742165242165242,0.9074074074074074,2.0,27-3043.00;27-3043.05,"Writers and Authors; Poets, Lyricists and Creative Writers",0.9879274,Writers and Authors,1.0,27-3043,False,False,0.038,Writers and Authors,1.0,27-3043,False,False,True,True,True,3
27-3091,0.88,0.88,0.88,0.8,0.84,0.88,1.0,27-3091.00,Interpreters and Translators,1.111319,Interpreters and Translators,1.0,27-3091,False,False,0.38,Interpreters and Translators,1.0,27-3091,False,False,True,True,True,3
27-3092,0.9166666666666666,0.9583333333333331,1.0,0.125,0.5208333333333333,0.9166666666666666,1.0,27-3092.00,Court Reporters and Simultaneous Captioners,0.835246,Court Reporters and Simultaneous Captioners,1.0,23-2091,False,False,0.5,Court Reporters and Simultaneous Captioners,1.0,23-2091,False,False,True,True,True,3
27-4011,0.125,0.4375,0.75,0.125,0.3,0.475,1.0,27-4011.00,Audio and Video Technicians,-0.0117747,Audio and Video Technicians,1.0,27-4011,False,False,0.55,Audio and Video Technicians,1.0,27-4011,False,False,True,True,True,3
27-4012,0.2857142857142857,0.5238095238095237,0.7619047619047619,0.0952380952380952,0.2142857142857142,0.3333333333333333,1.0,27-4012.00,Broadcast Technicians,0.1222249,Broadcast Technicians,1.0,27-4012,False,False,0.74,Broadcast Technicians,1.0,27-4012,False,False,True,True,True,3
27-4014,0.074074074074074,0.4259259259259259,0.7777777777777777,0.0,0.2777777777777778,0.5555555555555556,1.0,27-4014.00,Sound Engineering Technicians,0.4715462,Sound Engineering Technicians,1.0,27-4014,False,False,0.13,Sound Engineering Technicians,1.0,27-4014,False,False,True,True,True,3
27-4021,0.0416666666666666,0.3854166666666666,0.7291666666666666,0.0208333333333333,0.21875,0.4166666666666666,1.0,27-4021.00,Photographers,-0.1680973,Photographers,1.0,27-4021,False,False,0.021,Photographers,1.0,27-4021,False,False,True,True,True,3
27-4031,0.0606060606060606,0.4242424242424242,0.7878787878787878,0.0303030303030303,0.1818181818181818,0.3333333333333333,1.0,27-4031.00,"Camera Operators, Television, Video, and Film",-0.4470009,"Camera Operators, Television, Video, and Film",1.0,27-4031,False,False,0.6,"Camera Operators, Television, Video, and Film",1.0,27-4031,False,False,True,True,True,3
27-4032,0.1111111111111111,0.5277777777777778,0.9444444444444444,0.1388888888888889,0.4722222222222222,0.8055555555555555,1.0,27-4032.00,Film and Video Editors,0.985707,Film and Video Editors,1.0,27-4032,False,False,0.31,Film and Video Editors,1.0,27-4032,False,False,True,True,True,3
29-1011,0.1818181818181818,0.4545454545454546,0.7272727272727273,0.0909090909090909,0.3181818181818182,0.5454545454545454,1.0,29-1011.00,Chiropractors,-0.1911757,Chiropractors,1.0,29-1011,False,False,0.027,Chiropractors,1.0,29-1011,False,False,True,True,True,3
29-1021,0.05,0.25,0.45,0.15,0.225,0.3,1.0,29-1021.00,"Dentists, General",-0.1813301,"Dentists, General",1.0,29-1021,False,False,0.0044,"Dentists, General",1.0,29-1021,False,False,True,True,True,3
29-1022,0.0,0.04,0.08,0.0,0.08,0.16,1.0,29-1022.00,Oral and Maxillofacial Surgeons,-0.2389668,Oral and Maxillofacial Surgeons,1.0,29-1022,False,False,0.0036,Oral and Maxillofacial Surgeons,1.0,29-1022,False,False,True,True,True,3
29-1023,0.0,0.3,0.6000000000000001,0.0,0.2,0.4,1.0,29-1023.00,Orthodontists,0.1616631,Orthodontists,1.0,29-1023,False,False,0.023,Orthodontists,1.0,29-1023,False,False,True,True,True,3
29-1024,0.0,0.0454545454545454,0.0909090909090909,0.0,0.0909090909090909,0.1818181818181818,1.0,29-1024.00,Prosthodontists,-0.1561403,Prosthodontists,1.0,29-1024,False,False,0.055,Prosthodontists,1.0,29-1024,False,False,True,True,True,3
29-1031,0.1463414634146341,0.5487804878048781,0.951219512195122,0.2682926829268293,0.4634146341463415,0.6585365853658537,1.0,29-1031.00,Dietitians and Nutritionists,1.342809,Dietitians and Nutritionists,1.0,29-1031,False,False,0.0039,Dietitians and Nutritionists,1.0,29-1031,False,False,True,True,True,3
29-1041,0.0,0.3,0.6000000000000001,0.0,0.05,0.1,1.0,29-1041.00,Optometrists,0.5040194,Optometrists,1.0,29-1041,False,False,0.14,Optometrists,1.0,29-1041,False,False,True,True,True,3
29-1051,0.1142857142857142,0.4285714285714285,0.7428571428571429,0.2857142857142857,0.3999999999999999,0.5142857142857142,1.0,29-1051.00,Pharmacists,0.6058705,Pharmacists,1.0,29-1051,False,False,0.012,Pharmacists,1.0,29-1051,False,False,True,True,True,3
29-1071,0.0,0.2708333333333333,0.5416666666666666,0.0,0.1101190476190476,0.2202380952380952,2.0,29-1071.00;29-1071.01,Physician Assistants; Anesthesiologist Assistants,0.1059147,Physician Assistants,1.0,29-1071,False,False,0.14,Physician Assistants,1.0,29-1071,False,False,True,True,True,3
29-1081,0.0,0.2857142857142857,0.5714285714285714,0.1904761904761904,0.2857142857142857,0.3809523809523809,1.0,29-1081.00,Podiatrists,0.6279185,Podiatrists,1.0,29-1081,False,False,0.0046,Podiatrists,1.0,29-1081,False,False,True,True,True,3
29-1122,0.1106060606060606,0.2890151515151515,0.4674242424242424,0.1606060606060606,0.3407196969696969,0.5208333333333334,2.0,29-1122.00;29-1122.01,"Occupational Therapists; Low Vision Therapists, Orientation and Mobility Specialists, and Vision Rehabilitation Therapists",0.1151615,Occupational Therapists,1.0,29-1122,False,False,0.0035,Occupational Therapists,1.0,29-1122,False,False,True,True,True,3
29-1123,0.0851063829787234,0.1914893617021276,0.2978723404255319,0.1276595744680851,0.3404255319148936,0.5531914893617021,1.0,29-1123.00,Physical Therapists,-0.3581922,Physical Therapists,1.0,29-1123,False,False,0.021,Physical Therapists,1.0,29-1123,False,False,True,True,True,3
29-1124,0.048780487804878,0.2804878048780488,0.5121951219512195,0.024390243902439,0.1707317073170731,0.3170731707317073,1.0,29-1124.00,Radiation Therapists,-0.2189393,Radiation Therapists,1.0,29-1124,False,False,0.34,Radiation Therapists,1.0,29-1124,False,False,True,True,True,3
29-1125,0.0909090909090909,0.3181818181818182,0.5454545454545454,0.0909090909090909,0.3636363636363636,0.6363636363636364,1.0,29-1125.00,Recreational Therapists,0.2190109,Recreational Therapists,1.0,29-1125,False,False,0.0028,Recreational Therapists,1.0,29-1125,False,False,True,True,True,3
29-1126,0.0952380952380952,0.2023809523809523,0.3095238095238095,0.0952380952380952,0.1904761904761904,0.2857142857142857,1.0,29-1126.00,Respiratory Therapists,-0.1880507,Respiratory Therapists,1.0,29-1126,False,False,0.066,Respiratory Therapists,1.0,29-1126,False,False,True,True,True,3
29-1127,0.1707317073170731,0.4512195121951219,0.7317073170731707,0.0975609756097561,0.3902439024390244,0.6829268292682927,1.0,29-1127.00,Speech-Language Pathologists,1.146267,Speech-Language Pathologists,1.0,29-1127,False,False,0.0064,Speech-Language Pathologists,1.0,29-1127,False,False,True,True,True,3
29-1131,0.081081081081081,0.2702702702702703,0.4594594594594595,0.027027027027027,0.2297297297297297,0.4324324324324324,1.0,29-1131.00,Veterinarians,-0.0749958,Veterinarians,1.0,29-1131,False,False,0.038,Veterinarians,1.0,29-1131,False,False,True,True,True,3
29-1181,0.1363636363636363,0.4545454545454546,0.7727272727272727,0.2272727272727273,0.4545454545454546,0.6818181818181819,1.0,29-1181.00,Audiologists,0.6329063,Audiologists,1.0,29-1181,False,False,0.0033,Audiologists,1.0,29-1181,False,False,True,True,True,3
29-1291,0.1666666666666666,0.1666666666666666,0.1666666666666666,0.1666666666666666,0.3055555555555555,0.4444444444444444,1.0,29-1291.00,Acupuncturists,0.7109566,Acupuncturists,1.0,29-1199,True,False,0.02,Acupuncturists,1.0,29-1199,True,False,True,True,True,3
29-1292,0.0625,0.1875,0.3125,0.0,0.09375,0.1875,1.0,29-1292.00,Dental Hygienists,-0.416508,Dental Hygienists,1.0,29-2021,False,False,0.68,Dental Hygienists,1.0,29-2021,False,False,True,True,True,3
29-1299,0.1963141025641025,0.4963942307692307,0.796474358974359,0.1450320512820512,0.3157051282051282,0.486378205128205,2.0,29-1299.01;29-1299.02,Naturopathic Physicians; Orthoptists,0.7109566,"Healthcare Diagnosing or Treating Practitioners, All Other",1.0,29-1199,True,False,0.02,"Healthcare Diagnosing or Treating Practitioners, All Other",1.0,29-1199,True,False,True,True,True,3
29-2011,0.1408312807881773,0.3389516625615763,0.5370720443349754,0.1116841133004925,0.1977124384236453,0.283740763546798,4.0,29-2011.00;29-2011.01;29-2011.02;29-2011.04,Medical and Clinical Laboratory Technologists; Cytogenetic Technologists; Cytotechnologists; Histotechnologists,0.2818067,Medical and Clinical Laboratory Technologists,1.0,29-2011,False,False,0.9,Medical and Clinical Laboratory Technologists,1.0,29-2011,False,False,True,True,True,3
29-2012,0.0,0.1696428571428571,0.3392857142857142,0.0,0.0476190476190476,0.0952380952380952,2.0,29-2012.00;29-2012.01,Medical and Clinical Laboratory Technicians; Histology Technicians,-0.1273315,Medical and Clinical Laboratory Technicians,1.0,29-2012,False,False,0.47,Medical and Clinical Laboratory Technicians,1.0,29-2012,False,False,True,True,True,3
29-2031,0.0857142857142857,0.3571428571428571,0.6285714285714286,0.1142857142857142,0.1714285714285714,0.2285714285714285,1.0,29-2031.00,Cardiovascular Technologists and Technicians,-0.0909526,Cardiovascular Technologists and Technicians,1.0,29-2031,False,False,0.23,Cardiovascular Technologists and Technicians,1.0,29-2031,False,False,True,True,True,3
29-2032,0.1052631578947368,0.3026315789473684,0.5,0.131578947368421,0.2894736842105263,0.4473684210526315,1.0,29-2032.00,Diagnostic Medical Sonographers,-0.264054,Diagnostic Medical Sonographers,1.0,29-2032,False,False,0.35,Diagnostic Medical Sonographers,1.0,29-2032,False,False,True,True,True,3
29-2033,0.064516129032258,0.2903225806451612,0.5161290322580645,0.1612903225806451,0.2580645161290322,0.3548387096774194,1.0,29-2033.00,Nuclear Medicine Technologists,0.0855276,Nuclear Medicine Technologists,1.0,29-2033,False,False,0.13,Nuclear Medicine Technologists,1.0,29-2033,False,False,True,True,True,3
29-2042,0.1666666666666666,0.2083333333333333,0.25,0.0,0.2083333333333333,0.4166666666666666,1.0,29-2042.00,Emergency Medical Technicians,-0.6863446,Emergency Medical Technicians,1.0,29-2041,True,False,0.049,Emergency Medical Technicians,1.0,29-2041,True,False,True,True,True,3
29-2043,0.0769230769230769,0.1538461538461538,0.2307692307692307,0.0,0.1923076923076923,0.3846153846153846,1.0,29-2043.00,Paramedics,-0.6863446,Paramedics,1.0,29-2041,True,False,0.049,Paramedics,1.0,29-2041,True,False,True,True,True,3
29-2051,0.1739130434782608,0.5434782608695652,0.9130434782608696,0.0434782608695652,0.4130434782608695,0.7826086956521738,1.0,29-2051.00,Dietetic Technicians,-0.1260282,Dietetic Technicians,1.0,29-2051,False,False,0.13,Dietetic Technicians,1.0,29-2051,False,False,True,True,True,3
29-2052,0.2941176470588235,0.4264705882352941,0.5588235294117647,0.2352941176470588,0.4264705882352941,0.6176470588235294,1.0,29-2052.00,Pharmacy Technicians,0.0070256,Pharmacy Technicians,1.0,29-2052,False,False,0.92,Pharmacy Technicians,1.0,29-2052,False,False,True,True,True,3
29-2053,0.0,0.12,0.24,0.16,0.34,0.52,1.0,29-2053.00,Psychiatric Technicians,-0.2203484,Psychiatric Technicians,1.0,29-2053,False,False,0.043,Psychiatric Technicians,1.0,29-2053,False,False,True,True,True,3
29-2055,0.0333333333333333,0.0666666666666666,0.1,0.0,0.0166666666666666,0.0333333333333333,1.0,29-2055.00,Surgical Technologists,-0.4830476,Surgical Technologists,1.0,29-2055,False,False,0.34,Surgical Technologists,1.0,29-2055,False,False,True,True,True,3
29-2056,0.0655737704918032,0.1639344262295082,0.2622950819672131,0.0655737704918032,0.1475409836065573,0.2295081967213114,1.0,29-2056.00,Veterinary Technologists and Technicians,-0.3623179,Veterinary Technologists and Technicians,1.0,29-2056,False,False,0.029,Veterinary Technologists and Technicians,1.0,29-2056,False,False,True,True,True,3
29-2061,0.0789473684210526,0.25,0.4210526315789473,0.0526315789473684,0.25,0.4473684210526315,1.0,29-2061.00,Licensed Practical and Licensed Vocational Nurses,-0.5137373,Licensed Practical and Licensed Vocational Nurses,1.0,29-2061,False,False,0.058,Licensed Practical and Licensed Vocational Nurses,1.0,29-2061,False,False,True,True,True,3
29-2072,0.2352941176470588,0.6176470588235294,1.0,0.2352941176470588,0.5588235294117647,0.8823529411764706,1.0,29-2072.00,Medical Records Specialists,0.5738765,Medical Records Specialists,1.0,29-2071,True,False,0.91,Medical Records Specialists,1.0,29-2071,True,False,True,True,True,3
29-2081,0.0952380952380952,0.2857142857142857,0.4761904761904761,0.1428571428571428,0.238095238095238,0.3333333333333333,1.0,29-2081.00,"Opticians, Dispensing",0.1013966,"Opticians, Dispensing",1.0,29-2081,False,False,0.71,"Opticians, Dispensing",1.0,29-2081,False,False,True,True,True,3
29-2091,0.1724137931034483,0.2758620689655172,0.3793103448275862,0.0,0.1896551724137931,0.3793103448275862,1.0,29-2091.00,Orthotists and Prosthetists,0.066577,Orthotists and Prosthetists,1.0,29-2091,False,False,0.0035,Orthotists and Prosthetists,1.0,29-2091,False,False,True,True,True,3
29-2099,0.0636904761904761,0.4114087301587301,0.7591269841269841,0.1527777777777777,0.2751984126984126,0.3976190476190476,3.0,29-2099.01;29-2099.05;29-2099.08,Neurodiagnostic Technologists; Ophthalmic Medical Technologists; Patient Representatives,-0.19495065,"Health Technologists and Technicians, All Other (##)",2.0,29-2054;29-2099,True,True,0.1,"Health Technologists and Technicians, All Other (##)",1.0,29-2054,False,False,True,True,True,3
29-9021,0.3125,0.65625,1.0,0.3125,0.53125,0.75,1.0,29-9021.00,Health Information Technologists and Medical Registrars,0.40171665,Health Information Technologists and Medical Registrars (##),2.0,29-2071;29-9099,True,True,0.91,Health Information Technologists and Medical Registrars (##),1.0,29-2071,True,False,True,True,True,3
29-9091,0.0930232558139534,0.2790697674418604,0.4651162790697674,0.3255813953488372,0.4069767441860465,0.4883720930232558,1.0,29-9091.00,Athletic Trainers,-0.3311363,Athletic Trainers,1.0,29-9091,False,False,0.0071,Athletic Trainers,1.0,29-9091,False,False,True,True,True,3
31-1121,0.0769230769230769,0.0769230769230769,0.0769230769230769,0.0,0.0384615384615384,0.0769230769230769,1.0,31-1121.00,Home Health Aides,-0.644942,Home Health Aides,1.0,31-1011,False,False,0.39,Home Health Aides,1.0,31-1011,False,False,True,True,True,3
31-1122,0.1666666666666666,0.2222222222222222,0.2777777777777778,0.2222222222222222,0.3333333333333333,0.4444444444444444,1.0,31-1122.00,Personal Care Aides,-0.5737774,Personal Care Aides,1.0,39-9021,False,False,0.74,Personal Care Aides,1.0,39-9021,False,False,True,True,True,3
31-1133,0.125,0.125,0.125,0.0,0.125,0.25,1.0,31-1133.00,Psychiatric Aides,-0.496565,Psychiatric Aides,1.0,31-1013,False,False,0.47,Psychiatric Aides,1.0,31-1013,False,False,True,True,True,3
31-2011,0.1860465116279069,0.2674418604651162,0.3488372093023256,0.1395348837209302,0.2325581395348837,0.3255813953488372,1.0,31-2011.00,Occupational Therapy Assistants,-0.3153762,Occupational Therapy Assistants,1.0,31-2011,False,False,0.028,Occupational Therapy Assistants,1.0,31-2011,False,False,True,True,True,3
31-2012,0.2222222222222222,0.2407407407407407,0.2592592592592592,0.0,0.074074074074074,0.1481481481481481,1.0,31-2012.00,Occupational Therapy Aides,-0.7734322,Occupational Therapy Aides,1.0,31-2012,False,False,0.27,Occupational Therapy Aides,1.0,31-2012,False,False,True,True,True,3
31-2021,0.1025641025641025,0.1538461538461538,0.2051282051282051,0.0,0.1025641025641025,0.2051282051282051,1.0,31-2021.00,Physical Therapist Assistants,-0.5308535,Physical Therapist Assistants,1.0,31-2021,False,False,0.018,Physical Therapist Assistants,1.0,31-2021,False,False,True,True,True,3
31-2022,0.1212121212121212,0.1818181818181818,0.2424242424242424,0.0606060606060606,0.1515151515151515,0.2424242424242424,1.0,31-2022.00,Physical Therapist Aides,-0.8823265,Physical Therapist Aides,1.0,31-2022,False,False,0.61,Physical Therapist Aides,1.0,31-2022,False,False,True,True,True,3
31-9011,0.074074074074074,0.074074074074074,0.074074074074074,0.074074074074074,0.1851851851851851,0.2962962962962963,1.0,31-9011.00,Massage Therapists,-1.410233,Massage Therapists,1.0,31-9011,False,False,0.54,Massage Therapists,1.0,31-9011,False,False,True,True,True,3
31-9091,0.1333333333333333,0.2666666666666666,0.4,0.0,0.1,0.2,1.0,31-9091.00,Dental Assistants,-0.5268759,Dental Assistants,1.0,31-9091,False,False,0.51,Dental Assistants,1.0,31-9091,False,False,True,True,True,3
31-9092,0.1794871794871795,0.358974358974359,0.5384615384615384,0.0512820512820512,0.141025641025641,0.2307692307692307,1.0,31-9092.00,Medical Assistants,0.1497917,Medical Assistants,1.0,31-9092,False,False,0.3,Medical Assistants,1.0,31-9092,False,False,True,True,True,3
31-9093,0.074074074074074,0.1111111111111111,0.1481481481481481,0.0,0.037037037037037,0.074074074074074,1.0,31-9093.00,Medical Equipment Preparers,-0.7308648,Medical Equipment Preparers,1.0,31-9093,False,False,0.78,Medical Equipment Preparers,1.0,31-9093,False,False,True,True,True,3
31-9094,0.8214285714285714,0.875,0.9285714285714284,0.1428571428571428,0.2321428571428571,0.3214285714285714,1.0,31-9094.00,Medical Transcriptionists,1.06259,Medical Transcriptionists,1.0,31-9094,False,False,0.89,Medical Transcriptionists,1.0,31-9094,False,False,True,True,True,3
31-9095,0.24,0.38,0.52,0.08,0.14,0.2,1.0,31-9095.00,Pharmacy Aides,-0.1552654,Pharmacy Aides,1.0,31-9095,False,False,0.72,Pharmacy Aides,1.0,31-9095,False,False,True,True,True,3
31-9096,0.1111111111111111,0.2222222222222222,0.3333333333333333,0.1481481481481481,0.1481481481481481,0.1481481481481481,1.0,31-9096.00,Veterinary Assistants and Laboratory Animal Caretakers,-0.7735824,Veterinary Assistants and Laboratory Animal Caretakers,1.0,31-9096,False,False,0.86,Veterinary Assistants and Laboratory Animal Caretakers,1.0,31-9096,False,False,True,True,True,3
33-1011,0.217391304347826,0.2826086956521739,0.3478260869565217,0.217391304347826,0.2826086956521739,0.3478260869565217,1.0,33-1011.00,First-Line Supervisors of Correctional Officers,-0.5584278,First-Line Supervisors of Correctional Officers,1.0,33-1011,False,False,0.025,First-Line Supervisors of Correctional Officers,1.0,33-1011,False,False,True,True,True,3
33-1012,0.1052631578947368,0.3289473684210526,0.5526315789473684,0.1578947368421052,0.3552631578947368,0.5526315789473684,1.0,33-1012.00,First-Line Supervisors of Police and Detectives,-0.1923298,First-Line Supervisors of Police and Detectives,1.0,33-1012,False,False,0.0044,First-Line Supervisors of Police and Detectives,1.0,33-1012,False,False,True,True,True,3
33-1021,0.2264150943396226,0.4150943396226415,0.6037735849056604,0.320754716981132,0.4056603773584905,0.490566037735849,1.0,33-1021.00,First-Line Supervisors of Firefighting and Prevention Workers,-0.593021,First-Line Supervisors of Fire Fighting and Prevention Workers,1.0,33-1021,False,False,0.0036,First-Line Supervisors of Fire Fighting and Prevention Workers,1.0,33-1021,False,False,True,True,True,3
33-2011,0.1052631578947368,0.1403508771929824,0.175438596491228,0.0701754385964912,0.087719298245614,0.1052631578947368,1.0,33-2011.00,Firefighters,-1.320232,Firefighters,1.0,33-2011,False,False,0.17,Firefighters,1.0,33-2011,False,False,True,True,True,3
33-2021,0.1346153846153846,0.2884615384615385,0.4423076923076923,0.25,0.3846153846153846,0.5192307692307693,1.0,33-2021.00,Fire Inspectors and Investigators,0.062793,Fire Inspectors and Investigators,1.0,33-2021,False,False,0.48,Fire Inspectors and Investigators,1.0,33-2021,False,False,True,True,True,3
33-2022,0.125,0.21875,0.3125,0.25,0.375,0.5,1.0,33-2022.00,Forest Fire Inspectors and Prevention Specialists,-0.2144127,Forest Fire Inspectors and Prevention Specialists,1.0,33-2022,False,False,0.048,Forest Fire Inspectors and Prevention Specialists,1.0,33-2022,False,False,True,True,True,3
33-3011,0.0357142857142857,0.0357142857142857,0.0357142857142857,0.0714285714285714,0.1607142857142857,0.25,1.0,33-3011.00,Bailiffs,-0.5103183,Bailiffs,1.0,33-3011,False,False,0.36,Bailiffs,1.0,33-3011,False,False,True,True,True,3
33-3012,0.2272727272727273,0.2613636363636363,0.2954545454545454,0.1136363636363636,0.2386363636363636,0.3636363636363636,1.0,33-3012.00,Correctional Officers and Jailers,-0.8875365,Correctional Officers and Jailers,1.0,33-3012,False,False,0.6,Correctional Officers and Jailers,1.0,33-3012,False,False,True,True,True,3
33-3021,0.0883861236802413,0.397410759175465,0.7064353946706888,0.0772750125691301,0.3477375565610859,0.6182001005530418,3.0,33-3021.00;33-3021.02;33-3021.06,Detectives and Criminal Investigators; Police Identification and Records Officers; Intelligence Analysts,0.2257696,Detectives and Criminal Investigators,1.0,33-3021,False,False,0.34,Detectives and Criminal Investigators,1.0,33-3021,False,False,True,True,True,3
33-3031,0.0909090909090909,0.2840909090909091,0.4772727272727273,0.0454545454545454,0.1590909090909091,0.2727272727272727,1.0,33-3031.00,Fish and Game Wardens,-0.4585168,Fish and Game Wardens,1.0,33-3031,False,False,0.08,Fish and Game Wardens,1.0,33-3031,False,False,True,True,True,3
33-3041,0.1794871794871795,0.3205128205128205,0.4615384615384615,0.1025641025641025,0.3205128205128205,0.5384615384615384,1.0,33-3041.00,Parking Enforcement Workers,-0.6239931,Parking Enforcement Workers,1.0,33-3041,False,False,0.84,Parking Enforcement Workers,1.0,33-3041,False,False,True,True,True,3
33-3051,0.1773399014778325,0.3511904761904761,0.5250410509031198,0.1165845648604269,0.2473316912972084,0.3780788177339901,2.0,33-3051.00;33-3051.04,Police and Sheriff's Patrol Officers; Customs and Border Protection Officers,-0.6681123,Police and Sheriff's Patrol Officers,1.0,33-3051,False,False,0.098,Police and Sheriff's Patrol Officers,1.0,33-3051,False,False,True,True,True,3
33-3052,0.0833333333333333,0.2499999999999999,0.4166666666666666,0.25,0.4375,0.625,1.0,33-3052.00,Transit and Railroad Police,-0.8205515,Transit and Railroad Police,1.0,33-3052,False,False,0.57,Transit and Railroad Police,1.0,33-3052,False,False,True,True,True,3
33-9011,0.2666666666666666,0.35,0.4333333333333333,0.0,0.1333333333333333,0.2666666666666666,1.0,33-9011.00,Animal Control Workers,-0.5946321,Animal Control Workers,1.0,33-9011,False,False,0.21,Animal Control Workers,1.0,33-9011,False,False,True,True,True,3
33-9021,0.074074074074074,0.3888888888888888,0.7037037037037037,0.2222222222222222,0.3888888888888888,0.5555555555555556,1.0,33-9021.00,Private Detectives and Investigators,0.7483108,Private Detectives and Investigators,1.0,33-9021,False,False,0.31,Private Detectives and Investigators,1.0,33-9021,False,False,True,True,True,3
33-9031,0.25,0.4375,0.625,0.0,0.3125,0.625,1.0,33-9031.00,Gambling Surveillance Officers and Gambling Investigators,0.7283933,Gambling Surveillance Officers and Gambling Investigators,1.0,33-9031,False,False,0.95,Gambling Surveillance Officers and Gambling Investigators,1.0,33-9031,False,False,True,True,True,3
33-9032,0.1666666666666666,0.1666666666666666,0.1666666666666666,0.1666666666666666,0.2499999999999999,0.3333333333333333,1.0,33-9032.00,Security Guards,-0.3908421,Security Guards,1.0,33-9032,False,False,0.84,Security Guards,1.0,33-9032,False,False,True,True,True,3
33-9091,0.0526315789473684,0.1052631578947368,0.1578947368421052,0.0,0.2631578947368421,0.5263157894736842,1.0,33-9091.00,Crossing Guards and Flaggers,-0.5699511,Crossing Guards and Flaggers,1.0,33-9091,False,False,0.49,Crossing Guards and Flaggers,1.0,33-9091,False,False,True,True,True,3
33-9092,0.08,0.08,0.08,0.08,0.16,0.24,1.0,33-9092.00,"Lifeguards, Ski Patrol, and Other Recreational Protective Service Workers",-0.4718385,"Lifeguards, Ski Patrol, and Other Recreational Protective Service Workers",1.0,33-9092,False,False,0.67,"Lifeguards, Ski Patrol, and Other Recreational Protective Service Workers",1.0,33-9092,False,False,True,True,True,3
35-1011,0.0952380952380952,0.2619047619047618,0.4285714285714285,0.1428571428571428,0.2619047619047618,0.3809523809523809,1.0,35-1011.00,Chefs and Head Cooks,-0.2676433,Chefs and Head Cooks,1.0,35-1011,False,False,0.1,Chefs and Head Cooks,1.0,35-1011,False,False,True,True,True,3
35-1012,0.2222222222222222,0.5111111111111112,0.8,0.0444444444444444,0.2555555555555555,0.4666666666666667,1.0,35-1012.00,First-Line Supervisors of Food Preparation and Serving Workers,-0.2575492,First-Line Supervisors of Food Preparation and Serving Workers,1.0,35-1012,False,False,0.63,First-Line Supervisors of Food Preparation and Serving Workers,1.0,35-1012,False,False,True,True,True,3
35-2011,0.0,0.0,0.0,0.0,0.0263157894736842,0.0526315789473684,1.0,35-2011.00,"Cooks, Fast Food",-0.7131837,"Cooks, Fast Food",1.0,35-2011,False,False,0.81,"Cooks, Fast Food",1.0,35-2011,False,False,True,True,True,3
35-2012,0.0344827586206896,0.1206896551724137,0.2068965517241379,0.0344827586206896,0.0862068965517241,0.1379310344827586,1.0,35-2012.00,"Cooks, Institution and Cafeteria",-0.6360813,"Cooks, Institution and Cafeteria",1.0,35-2012,False,False,0.83,"Cooks, Institution and Cafeteria",1.0,35-2012,False,False,True,True,True,3
35-2013,0.16,0.24,0.32,0.16,0.28,0.4,1.0,35-2013.00,"Cooks, Private Household",-0.7867444,"Cooks, Private Household",1.0,35-2013,False,False,0.3,"Cooks, Private Household",1.0,35-2013,False,False,True,True,True,3
35-2014,0.027027027027027,0.0945945945945946,0.1621621621621621,0.081081081081081,0.1216216216216216,0.1621621621621621,1.0,35-2014.00,"Cooks, Restaurant",-0.7418264,"Cooks, Restaurant",1.0,35-2014,False,False,0.96,"Cooks, Restaurant",1.0,35-2014,False,False,True,True,True,3
35-2015,0.0,0.0,0.0,0.0,0.0,0.0,1.0,35-2015.00,"Cooks, Short Order",-0.5933817,"Cooks, Short Order",1.0,35-2015,False,False,0.94,"Cooks, Short Order",1.0,35-2015,False,False,True,True,True,3
35-2021,0.0185185185185185,0.037037037037037,0.0555555555555555,0.0,0.0462962962962962,0.0925925925925925,1.0,35-2021.00,Food Preparation Workers,-1.226416,Food Preparation Workers,1.0,35-2021,False,False,0.87,Food Preparation Workers,1.0,35-2021,False,False,True,True,True,3
35-3011,0.1111111111111111,0.1944444444444444,0.2777777777777778,0.0833333333333333,0.1388888888888889,0.1944444444444444,1.0,35-3011.00,Bartenders,-0.6159883,Bartenders,1.0,35-3011,False,False,0.77,Bartenders,1.0,35-3011,False,False,True,True,True,3
35-3023,0.063048245614035,0.0970394736842105,0.1310307017543859,0.0893640350877192,0.1154057017543859,0.1414473684210526,2.0,35-3023.00;35-3023.01,Fast Food and Counter Workers; Baristas,-0.5078111,Fast Food and Counter Workers (##),2.0,35-3021;35-3022,False,True,0.94,Fast Food and Counter Workers (##),2.0,35-3021;35-3022,False,True,True,True,True,3
35-3031,0.0816326530612244,0.183673469387755,0.2857142857142857,0.2040816326530612,0.2244897959183673,0.2448979591836734,1.0,35-3031.00,Waiters and Waitresses,-0.9481003,Waiters and Waitresses,1.0,35-3031,False,False,0.94,Waiters and Waitresses,1.0,35-3031,False,False,True,True,True,3
35-3041,0.074074074074074,0.1296296296296296,0.1851851851851851,0.0,0.1111111111111111,0.2222222222222222,1.0,35-3041.00,"Food Servers, Nonrestaurant",-0.7270206,"Food Servers, Nonrestaurant",1.0,35-3041,False,False,0.86,"Food Servers, Nonrestaurant",1.0,35-3041,False,False,True,True,True,3
35-9011,0.0,0.0,0.0,0.0,0.0,0.0,1.0,35-9011.00,Dining Room and Cafeteria Attendants and Bartender Helpers,-1.927078,Dining Room and Cafeteria Attendants and Bartender Helpers,1.0,35-9011,False,False,0.91,Dining Room and Cafeteria Attendants and Bartender Helpers,1.0,35-9011,False,False,True,True,True,3
35-9021,0.0,0.0,0.0,0.0,0.0,0.0,1.0,35-9021.00,Dishwashers,-1.738612,Dishwashers,1.0,35-9021,False,False,0.77,Dishwashers,1.0,35-9021,False,False,True,True,True,3
35-9031,0.0571428571428571,0.2285714285714285,0.3999999999999999,0.1999999999999999,0.3285714285714285,0.4571428571428571,1.0,35-9031.00,"Hosts and Hostesses, Restaurant, Lounge, and Coffee Shop",-0.0565477,"Hosts and Hostesses, Restaurant, Lounge, and Coffee Shop",1.0,35-9031,False,False,0.97,"Hosts and Hostesses, Restaurant, Lounge, and Coffee Shop",1.0,35-9031,False,False,True,True,True,3
37-1011,0.1632653061224489,0.2653061224489795,0.3673469387755101,0.0816326530612244,0.2551020408163265,0.4285714285714285,1.0,37-1011.00,First-Line Supervisors of Housekeeping and Janitorial Workers,-0.5854128,First-Line Supervisors of Housekeeping and Janitorial Workers,1.0,37-1011,False,False,0.94,First-Line Supervisors of Housekeeping and Janitorial Workers,1.0,37-1011,False,False,True,True,True,3
37-1012,0.1454545454545454,0.3545454545454545,0.5636363636363636,0.0727272727272727,0.2454545454545454,0.4181818181818181,1.0,37-1012.00,"First-Line Supervisors of Landscaping, Lawn Service, and Groundskeeping Workers",-0.5548871,"First-Line Supervisors of Landscaping, Lawn Service, and Groundskeeping Workers",1.0,37-1012,False,False,0.57,"First-Line Supervisors of Landscaping, Lawn Service, and Groundskeeping Workers",1.0,37-1012,False,False,True,True,True,3
37-2011,0.0,0.0,0.0,0.0,0.0277777777777777,0.0555555555555555,1.0,37-2011.00,"Janitors and Cleaners, Except Maids and Housekeeping Cleaners",-1.436201,"Janitors and Cleaners, Except Maids and Housekeeping Cleaners",1.0,37-2011,False,False,0.66,"Janitors and Cleaners, Except Maids and Housekeeping Cleaners",1.0,37-2011,False,False,True,True,True,3
37-2012,0.0,0.0,0.0,0.0588235294117647,0.0588235294117647,0.0588235294117647,1.0,37-2012.00,Maids and Housekeeping Cleaners,-1.480657,Maids and Housekeeping Cleaners,1.0,37-2012,False,False,0.69,Maids and Housekeeping Cleaners,1.0,37-2012,False,False,True,True,True,3
37-2021,0.1666666666666666,0.25,0.3333333333333333,0.0833333333333333,0.2291666666666666,0.375,1.0,37-2021.00,Pest Control Workers,-0.7255374,Pest Control Workers,1.0,37-2021,False,False,0.66,Pest Control Workers,1.0,37-2021,False,False,True,True,True,3
37-3011,0.0,0.024390243902439,0.048780487804878,0.0,0.024390243902439,0.048780487804878,1.0,37-3011.00,Landscaping and Groundskeeping Workers,-1.824293,Landscaping and Groundskeeping Workers,1.0,37-3011,False,False,0.95,Landscaping and Groundskeeping Workers,1.0,37-3011,False,False,True,True,True,3
37-3012,0.0,0.0555555555555555,0.1111111111111111,0.0555555555555555,0.0555555555555555,0.0555555555555555,1.0,37-3012.00,"Pesticide Handlers, Sprayers, and Applicators, Vegetation",-0.8847935,"Pesticide Handlers, Sprayers, and Applicators, Vegetation",1.0,37-3012,False,False,0.97,"Pesticide Handlers, Sprayers, and Applicators, Vegetation",1.0,37-3012,False,False,True,True,True,3
37-3013,0.048780487804878,0.0609756097560975,0.073170731707317,0.0,0.0609756097560975,0.1219512195121951,1.0,37-3013.00,Tree Trimmers and Pruners,-1.727035,Tree Trimmers and Pruners,1.0,37-3013,False,False,0.77,Tree Trimmers and Pruners,1.0,37-3013,False,False,True,True,True,3
39-1013,0.3076923076923077,0.4326923076923077,0.5576923076923077,0.173076923076923,0.3365384615384615,0.5,1.0,39-1013.00,First-Line Supervisors of Gambling Services Workers,0.4955934,First-line Supervisors of Gambling Services Workers (##),2.0,39-1011;39-1012,False,True,0.41,First-line Supervisors of Gambling Services Workers (##),2.0,39-1011;39-1012,False,True,True,True,True,3
39-1014,0.1578947368421052,0.3684210526315789,0.5789473684210527,0.2631578947368421,0.3421052631578947,0.4210526315789473,1.0,39-1014.00,"First-Line Supervisors of Entertainment and Recreation Workers, Except Gambling Services",0.4303075,"First-line Supervisors of Entertainment and Recreation Workers, Except Gambling Services",1.0,39-1021,True,False,0.076,"First-line Supervisors of Entertainment and Recreation Workers, Except Gambling Services",1.0,39-1021,True,False,True,True,True,3
39-1022,0.1034482758620689,0.4137931034482758,0.7241379310344828,0.2413793103448275,0.3620689655172414,0.4827586206896551,1.0,39-1022.00,First-Line Supervisors of Personal Service Workers,0.4303075,First-Line Supervisors of Personal Service Workers,1.0,39-1021,True,False,0.076,First-Line Supervisors of Personal Service Workers,1.0,39-1021,True,False,True,True,True,3
39-2011,0.0689655172413793,0.1034482758620689,0.1379310344827586,0.1379310344827586,0.1379310344827586,0.1379310344827586,1.0,39-2011.00,Animal Trainers,-0.9167759,Animal Trainers,1.0,39-2011,False,False,0.1,Animal Trainers,1.0,39-2011,False,False,True,True,True,3
39-2021,0.1818181818181818,0.2727272727272727,0.3636363636363636,0.1515151515151515,0.1818181818181818,0.2121212121212121,1.0,39-2021.00,Animal Caretakers,-0.8890408,Animal Caretakers,1.0,39-2021,False,False,0.82,Animal Caretakers,1.0,39-2021,False,False,True,True,True,3
39-3011,0.1351351351351351,0.1351351351351351,0.1351351351351351,0.1081081081081081,0.1486486486486486,0.1891891891891892,1.0,39-3011.00,Gambling Dealers,0.0605832,Gambling Dealers,1.0,39-3011,False,False,0.96,Gambling Dealers,1.0,39-3011,False,False,True,True,True,3
39-3012,0.2307692307692307,0.2692307692307693,0.3076923076923077,0.0769230769230769,0.2307692307692307,0.3846153846153846,1.0,39-3012.00,Gambling and Sports Book Writers and Runners,0.4652752,Gambling and Sports Book Writers and Runners,1.0,39-3012,False,False,0.91,Gambling and Sports Book Writers and Runners,1.0,39-3012,False,False,True,True,True,3
39-3021,0.0909090909090909,0.1818181818181818,0.2727272727272727,0.0,0.0757575757575757,0.1515151515151515,1.0,39-3021.00,Motion Picture Projectionists,-0.3786598,Motion Picture Projectionists,1.0,39-3021,False,False,0.97,Motion Picture Projectionists,1.0,39-3021,False,False,True,True,True,3
39-3031,0.1142857142857142,0.1428571428571428,0.1714285714285714,0.1428571428571428,0.1999999999999999,0.2571428571428571,1.0,39-3031.00,"Ushers, Lobby Attendants, and Ticket Takers",-0.2420959,"Ushers, Lobby Attendants, and Ticket Takers",1.0,39-3031,False,False,0.96,"Ushers, Lobby Attendants, and Ticket Takers",1.0,39-3031,False,False,True,True,True,3
39-3091,0.1923076923076923,0.2115384615384615,0.2307692307692307,0.3076923076923077,0.3653846153846154,0.4230769230769231,1.0,39-3091.00,Amusement and Recreation Attendants,-0.5246153,Amusement and Recreation Attendants,1.0,39-3091,False,False,0.72,Amusement and Recreation Attendants,1.0,39-3091,False,False,True,True,True,3
39-3092,0.1111111111111111,0.2638888888888889,0.4166666666666666,0.0,0.2361111111111111,0.4722222222222222,1.0,39-3092.00,Costume Attendants,-0.4533608,Costume Attendants,1.0,39-3092,False,False,0.61,Costume Attendants,1.0,39-3092,False,False,True,True,True,3
39-3093,0.064516129032258,0.064516129032258,0.064516129032258,0.064516129032258,0.1451612903225806,0.2258064516129032,1.0,39-3093.00,"Locker Room, Coatroom, and Dressing Room Attendants",-0.3454376,"Locker Room, Coatroom, and Dressing Room Attendants",1.0,39-3093,False,False,0.43,"Locker Room, Coatroom, and Dressing Room Attendants",1.0,39-3093,False,False,True,True,True,3
39-4011,0.04,0.04,0.04,0.0,0.04,0.08,1.0,39-4011.00,Embalmers,-0.7311451,Embalmers,1.0,39-4011,False,False,0.54,Embalmers,1.0,39-4011,False,False,True,True,True,3
39-4021,0.1777777777777777,0.1777777777777777,0.1777777777777777,0.1555555555555555,0.2333333333333333,0.3111111111111111,1.0,39-4021.00,Funeral Attendants,-0.5445412,Funeral Attendants,1.0,39-4021,False,False,0.37,Funeral Attendants,1.0,39-4021,False,False,True,True,True,3
39-5011,0.088235294117647,0.1617647058823529,0.2352941176470588,0.0,0.0735294117647058,0.1470588235294117,1.0,39-5011.00,Barbers,-0.7294621,Barbers,1.0,39-5011,False,False,0.8,Barbers,1.0,39-5011,False,False,True,True,True,3
39-5012,0.0526315789473684,0.0789473684210526,0.1052631578947368,0.0,0.0526315789473684,0.1052631578947368,1.0,39-5012.00,"Hairdressers, Hairstylists, and Cosmetologists",-0.6824517,"Hairdressers, Hairstylists, and Cosmetologists",1.0,39-5012,False,False,0.11,"Hairdressers, Hairstylists, and Cosmetologists",1.0,39-5012,False,False,True,True,True,3
39-5091,0.048780487804878,0.3414634146341463,0.6341463414634146,0.048780487804878,0.2439024390243902,0.4390243902439024,1.0,39-5091.00,"Makeup Artists, Theatrical and Performance",-0.4596138,"Makeup Artists, Theatrical and Performance",1.0,39-5091,False,False,0.01,"Makeup Artists, Theatrical and Performance",1.0,39-5091,False,False,True,True,True,3
39-5092,0.0555555555555555,0.0833333333333333,0.1111111111111111,0.0,0.0555555555555555,0.1111111111111111,1.0,39-5092.00,Manicurists and Pedicurists,0.0335124,Manicurists and Pedicurists,1.0,39-5092,False,False,0.95,Manicurists and Pedicurists,1.0,39-5092,False,False,True,True,True,3
39-5093,0.1428571428571428,0.1428571428571428,0.1428571428571428,0.0,0.0714285714285714,0.1428571428571428,1.0,39-5093.00,Shampooers,-0.905371,Shampooers,1.0,39-5093,False,False,0.79,Shampooers,1.0,39-5093,False,False,True,True,True,3
39-5094,0.0606060606060606,0.1969696969696969,0.3333333333333333,0.0606060606060606,0.106060606060606,0.1515151515151515,1.0,39-5094.00,Skincare Specialists,-0.2628396,Skincare Specialists,1.0,39-5094,False,False,0.29,Skincare Specialists,1.0,39-5094,False,False,True,True,True,3
39-6011,0.074074074074074,0.1481481481481481,0.2222222222222222,0.2592592592592592,0.2777777777777778,0.2962962962962963,1.0,39-6011.00,Baggage Porters and Bellhops,-1.272015,Baggage Porters and Bellhops,1.0,39-6011,False,False,0.83,Baggage Porters and Bellhops,1.0,39-6011,False,False,True,True,True,3
39-6012,0.1333333333333333,0.4666666666666667,0.8,0.6666666666666666,0.7,0.7333333333333333,1.0,39-6012.00,Concierges,0.855832,Concierges,1.0,39-6012,False,False,0.21,Concierges,1.0,39-6012,False,False,True,True,True,3
39-7011,0.1538461538461538,0.2692307692307693,0.3846153846153846,0.3076923076923077,0.3461538461538461,0.3846153846153846,1.0,39-7011.00,Tour Guides and Escorts,0.357096,Tour Guides and Escorts,1.0,39-7011,False,False,0.91,Tour Guides and Escorts,1.0,39-7011,False,False,True,True,True,3
39-7012,0.16,0.38,0.6,0.32,0.4,0.48,1.0,39-7012.00,Travel Guides,0.6083829,Travel Guides,1.0,39-7012,False,False,0.057,Travel Guides,1.0,39-7012,False,False,True,True,True,3
39-9011,0.1108722358722358,0.1414312039312039,0.1719901719901719,0.2374078624078623,0.3404484029484029,0.4434889434889435,2.0,39-9011.00;39-9011.01,Childcare Workers; Nannies,-0.3834794,Childcare Workers,1.0,39-9011,False,False,0.084,Childcare Workers,1.0,39-9011,False,False,True,True,True,3
39-9031,0.0,0.0147058823529411,0.0294117647058823,0.1470588235294117,0.2352941176470588,0.3235294117647059,1.0,39-9031.00,Exercise Trainers and Group Fitness Instructors,-2.111948,Exercise Trainers and Group Fitness Instructors,1.0,39-9031,False,False,0.085,Exercise Trainers and Group Fitness Instructors,1.0,39-9031,False,False,True,True,True,3
39-9032,0.119047619047619,0.238095238095238,0.3571428571428571,0.0952380952380952,0.25,0.4047619047619047,1.0,39-9032.00,Recreation Workers,-0.2441154,Recreation Workers,1.0,39-9032,False,False,0.0061,Recreation Workers,1.0,39-9032,False,False,True,True,True,3
39-9041,0.1,0.24,0.38,0.18,0.28,0.38,1.0,39-9041.00,Residential Advisors,0.4746119,Residential Advisors,1.0,39-9041,False,False,0.064,Residential Advisors,1.0,39-9041,False,False,True,True,True,3
41-1011,0.081081081081081,0.4864864864864865,0.8918918918918919,0.1621621621621621,0.4054054054054054,0.6486486486486487,1.0,41-1011.00,First-Line Supervisors of Retail Sales Workers,0.0191826,First-Line Supervisors of Retail Sales Workers,1.0,41-1011,False,False,0.28,First-Line Supervisors of Retail Sales Workers,1.0,41-1011,False,False,True,True,True,3
41-1012,0.1111111111111111,0.537037037037037,0.9629629629629628,0.1851851851851851,0.4444444444444444,0.7037037037037037,1.0,41-1012.00,First-Line Supervisors of Non-Retail Sales Workers,1.316195,First-Line Supervisors of Non-Retail Sales Workers,1.0,41-1012,False,False,0.075,First-Line Supervisors of Non-Retail Sales Workers,1.0,41-1012,False,False,True,True,True,3
41-2011,0.1395348837209302,0.2093023255813953,0.2790697674418604,0.2325581395348837,0.3604651162790697,0.4883720930232558,1.0,41-2011.00,Cashiers,-0.2480887,Cashiers,1.0,41-2011,False,False,0.97,Cashiers,1.0,41-2011,False,False,True,True,True,3
41-2012,0.238095238095238,0.2619047619047618,0.2857142857142857,0.0,0.3095238095238095,0.6190476190476191,1.0,41-2012.00,Gambling Change Persons and Booth Cashiers,-0.0500926,Gambling Change Persons and Booth Cashiers,1.0,41-2012,False,False,0.83,Gambling Change Persons and Booth Cashiers,1.0,41-2012,False,False,True,True,True,3
41-2021,0.2580645161290322,0.532258064516129,0.8064516129032258,0.5483870967741935,0.6774193548387096,0.8064516129032258,1.0,41-2021.00,Counter and Rental Clerks,0.0784367,Counter and Rental Clerks,1.0,41-2021,False,False,0.97,Counter and Rental Clerks,1.0,41-2021,False,False,True,True,True,3
41-2022,0.1714285714285714,0.3428571428571428,0.5142857142857142,0.2857142857142857,0.3428571428571428,0.3999999999999999,1.0,41-2022.00,Parts Salespersons,-0.1184909,Parts Salespersons,1.0,41-2022,False,False,0.98,Parts Salespersons,1.0,41-2022,False,False,True,True,True,3
41-2031,0.0789473684210526,0.3421052631578947,0.6052631578947368,0.2631578947368421,0.3552631578947368,0.4473684210526315,1.0,41-2031.00,Retail Salespersons,0.0873069,Retail Salespersons,1.0,41-2031,False,False,0.92,Retail Salespersons,1.0,41-2031,False,False,True,True,True,3
41-3011,0.1794871794871795,0.5384615384615384,0.8974358974358974,0.4358974358974359,0.6923076923076923,0.9487179487179488,1.0,41-3011.00,Advertising Sales Agents,1.162588,Advertising Sales Agents,1.0,41-3011,False,False,0.54,Advertising Sales Agents,1.0,41-3011,False,False,True,True,True,3
41-3021,0.1515151515151515,0.5757575757575758,1.0,0.3333333333333333,0.5303030303030303,0.7272727272727273,1.0,41-3021.00,Insurance Sales Agents,1.341258,Insurance Sales Agents,1.0,41-3021,False,False,0.92,Insurance Sales Agents,1.0,41-3021,False,False,True,True,True,3
41-3031,0.2115384615384615,0.6057692307692308,1.0,0.2692307692307693,0.5192307692307693,0.7692307692307693,1.0,41-3031.00,"Securities, Commodities, and Financial Services Sales Agents",1.256298,"Securities, Commodities, and Financial Services Sales Agents",1.0,41-3031,False,False,0.016,"Securities, Commodities, and Financial Services Sales Agents",1.0,41-3031,False,False,True,True,True,3
41-3041,0.125,0.5625,1.0,0.25,0.5625,0.875,1.0,41-3041.00,Travel Agents,1.133598,Travel Agents,1.0,41-3041,False,False,0.099,Travel Agents,1.0,41-3041,False,False,True,True,True,3
41-4011,0.0789473684210526,0.4983130904183536,0.9176788124156546,0.3852901484480431,0.573549257759784,0.761808367071525,2.0,41-4011.00;41-4011.07,"Sales Representatives, Wholesale and Manufacturing, Technical and Scientific Products; Solar Sales Representatives and Assessors",0.8911985,"Sales Representatives, Wholesale and Manufacturing, Technical and Scientific Products",1.0,41-4011,False,False,0.25,"Sales Representatives, Wholesale and Manufacturing, Technical and Scientific Products",1.0,41-4011,False,False,True,True,True,3
41-4012,0.2413793103448275,0.6206896551724138,1.0,0.4827586206896551,0.7068965517241379,0.9310344827586208,1.0,41-4012.00,"Sales Representatives, Wholesale and Manufacturing, Except Technical and Scientific Products",0.8224681,"Sales Representatives, Wholesale and Manufacturing, Except Technical and Scientific Products",1.0,41-4012,False,False,0.85,"Sales Representatives, Wholesale and Manufacturing, Except Technical and Scientific Products",1.0,41-4012,False,False,True,True,True,3
41-9011,0.0512820512820512,0.1282051282051282,0.2051282051282051,0.2051282051282051,0.3974358974358974,0.5897435897435898,1.0,41-9011.00,Demonstrators and Product Promoters,0.1235652,Demonstrators and Product Promoters,1.0,41-9011,False,False,0.51,Demonstrators and Product Promoters,1.0,41-9011,False,False,True,True,True,3
41-9012,0.1333333333333333,0.2333333333333333,0.3333333333333333,0.0666666666666666,0.4,0.7333333333333334,1.0,41-9012.00,Models,-1.122021,Models,1.0,41-9012,False,False,0.98,Models,1.0,41-9012,False,False,True,True,True,3
41-9021,0.0,0.5,1.0,0.125,0.421875,0.71875,1.0,41-9021.00,Real Estate Brokers,1.149681,Real Estate Brokers,1.0,41-9021,False,False,0.97,Real Estate Brokers,1.0,41-9021,False,False,True,True,True,3
41-9022,0.0,0.4375,0.875,0.2857142857142857,0.4107142857142857,0.5357142857142857,1.0,41-9022.00,Real Estate Sales Agents,0.8649445,Real Estate Sales Agents,1.0,41-9022,False,False,0.86,Real Estate Sales Agents,1.0,41-9022,False,False,True,True,True,3
41-9031,0.1590909090909091,0.5113636363636364,0.8636363636363636,0.3181818181818182,0.5340909090909091,0.75,1.0,41-9031.00,Sales Engineers,1.145416,Sales Engineers,1.0,41-9031,False,False,0.0041,Sales Engineers,1.0,41-9031,False,False,True,True,True,3
41-9041,0.611111111111111,0.8055555555555555,1.0,0.2222222222222222,0.5277777777777778,0.8333333333333333,1.0,41-9041.00,Telemarketers,1.118129,Telemarketers,1.0,41-9041,False,False,0.99,Telemarketers,1.0,41-9041,False,False,True,True,True,3
41-9091,0.1739130434782608,0.2608695652173913,0.3478260869565217,0.5217391304347826,0.5217391304347826,0.5217391304347826,1.0,41-9091.00,"Door-to-Door Sales Workers, News and Street Vendors, and Related Workers",1.107101,"Door-to-Door Sales Workers, News and Street Vendors, and Related Workers",1.0,41-9091,False,False,0.94,"Door-to-Door Sales Workers, News and Street Vendors, and Related Workers",1.0,41-9091,False,False,True,True,True,3
43-1011,0.0833333333333333,0.4895833333333333,0.8958333333333333,0.2291666666666666,0.53125,0.8333333333333333,1.0,43-1011.00,First-Line Supervisors of Office and Administrative Support Workers,1.038688,First-Line Supervisors of Office and Administrative Support Workers,1.0,43-1011,False,False,0.014,First-Line Supervisors of Office and Administrative Support Workers,1.0,43-1011,False,False,True,True,True,3
43-2011,0.5161290322580645,0.6290322580645161,0.7419354838709677,0.3870967741935484,0.4838709677419355,0.5806451612903225,1.0,43-2011.00,"Switchboard Operators, Including Answering Service",0.9832644,"Switchboard Operators, Including Answering Service",1.0,43-2011,False,False,0.96,"Switchboard Operators, Including Answering Service",1.0,43-2011,False,False,True,True,True,3
43-2021,0.8421052631578947,0.894736842105263,0.9473684210526316,0.3684210526315789,0.5526315789473684,0.7368421052631579,1.0,43-2021.00,Telephone Operators,1.019712,Telephone Operators,1.0,43-2021,False,False,0.97,Telephone Operators,1.0,43-2021,False,False,True,True,True,3
43-3011,0.3928571428571428,0.6964285714285714,1.0,0.1071428571428571,0.4285714285714285,0.75,1.0,43-3011.00,Bill and Account Collectors,1.271991,Bill and Account Collectors,1.0,43-3011,False,False,0.95,Bill and Account Collectors,1.0,43-3011,False,False,True,True,True,3
43-3021,0.6904761904761905,0.7738095238095237,0.8571428571428571,0.1904761904761904,0.4166666666666666,0.6428571428571428,1.0,43-3021.00,Billing and Posting Clerks,1.333455,Billing and Posting Clerks,1.0,43-3021,False,False,0.96,Billing and Posting Clerks,1.0,43-3021,False,False,True,True,True,3
43-3031,0.6046511627906976,0.8023255813953488,1.0,0.1395348837209302,0.313953488372093,0.4883720930232558,1.0,43-3031.00,"Bookkeeping, Accounting, and Auditing Clerks",1.039749,"Bookkeeping, Accounting, and Auditing Clerks",1.0,43-3031,False,False,0.98,"Bookkeeping, Accounting, and Auditing Clerks",1.0,43-3031,False,False,True,True,True,3
43-3041,0.3870967741935484,0.4193548387096774,0.4516129032258064,0.3225806451612903,0.4193548387096774,0.5161290322580645,1.0,43-3041.00,Gambling Cage Workers,0.4026518,Gambling Cage Workers,1.0,43-3041,False,False,0.39,Gambling Cage Workers,1.0,43-3041,False,False,True,True,True,3
43-3051,0.6756756756756757,0.8378378378378379,1.0,0.1621621621621621,0.4864864864864865,0.8108108108108109,1.0,43-3051.00,Payroll and Timekeeping Clerks,1.257632,Payroll and Timekeeping Clerks,1.0,43-3051,False,False,0.97,Payroll and Timekeeping Clerks,1.0,43-3051,False,False,True,True,True,3
43-3061,0.2571428571428571,0.6142857142857142,0.9714285714285714,0.2571428571428571,0.4571428571428571,0.6571428571428571,1.0,43-3061.00,Procurement Clerks,1.487838,Procurement Clerks,1.0,43-3061,False,False,0.98,Procurement Clerks,1.0,43-3061,False,False,True,True,True,3
43-3071,0.3125,0.5416666666666666,0.7708333333333333,0.2291666666666666,0.3333333333333333,0.4375,1.0,43-3071.00,Tellers,0.4727723,Tellers,1.0,43-3071,False,False,0.98,Tellers,1.0,43-3071,False,False,True,True,True,3
43-4011,0.5333333333333333,0.7666666666666666,1.0,0.7333333333333333,0.8,0.8666666666666667,1.0,43-4011.00,Brokerage Clerks,1.144877,Brokerage Clerks,1.0,43-4011,False,False,0.98,Brokerage Clerks,1.0,43-4011,False,False,True,True,True,3
43-4021,0.9642857142857142,0.9642857142857142,0.9642857142857142,0.5714285714285714,0.7321428571428571,0.8928571428571428,1.0,43-4021.00,Correspondence Clerks,1.149758,Correspondence Clerks,1.0,43-4021,False,False,0.86,Correspondence Clerks,1.0,43-4021,False,False,True,True,True,3
43-4031,0.4363636363636363,0.7,0.9636363636363636,0.3090909090909091,0.5909090909090908,0.8727272727272727,1.0,43-4031.00,"Court, Municipal, and License Clerks",1.166267,"Court, Municipal, and License Clerks",1.0,43-4031,False,False,0.46,"Court, Municipal, and License Clerks",1.0,43-4031,False,False,True,True,True,3
43-4041,0.35,0.65,0.95,0.25,0.5750000000000001,0.9,1.0,43-4041.00,"Credit Authorizers, Checkers, and Clerks",1.440296,"Credit Authorizers, Checkers, and Clerks",1.0,43-4041,False,False,0.97,"Credit Authorizers, Checkers, and Clerks",1.0,43-4041,False,False,True,True,True,3
43-4051,0.1363636363636363,0.5681818181818182,1.0,0.5454545454545454,0.7045454545454546,0.8636363636363636,1.0,43-4051.00,Customer Service Representatives,0.9562519,Customer Service Representatives,1.0,43-4051,False,False,0.55,Customer Service Representatives,1.0,43-4051,False,False,True,True,True,3
43-4061,0.4,0.68,0.96,0.28,0.62,0.96,1.0,43-4061.00,"Eligibility Interviewers, Government Programs",1.226286,"Eligibility Interviewers, Government Programs",1.0,43-4061,False,False,0.7,"Eligibility Interviewers, Government Programs",1.0,43-4061,False,False,True,True,True,3
43-4071,0.6764705882352942,0.7941176470588235,0.9117647058823528,0.1764705882352941,0.4705882352941176,0.7647058823529411,1.0,43-4071.00,File Clerks,0.2839743,File Clerks,1.0,43-4071,False,False,0.97,File Clerks,1.0,43-4071,False,False,True,True,True,3
43-4081,0.2051282051282051,0.5,0.7948717948717948,0.2051282051282051,0.3974358974358974,0.5897435897435898,1.0,43-4081.00,"Hotel, Motel, and Resort Desk Clerks",0.6063127,"Hotel, Motel, and Resort Desk Clerks",1.0,43-4081,False,False,0.94,"Hotel, Motel, and Resort Desk Clerks",1.0,43-4081,False,False,True,True,True,3
43-4111,0.5172413793103449,0.6724137931034483,0.8275862068965517,0.3103448275862069,0.4310344827586206,0.5517241379310345,1.0,43-4111.00,"Interviewers, Except Eligibility and Loan",1.297031,"Interviewers, Except Eligibility and Loan",1.0,43-4111,False,False,0.94,"Interviewers, Except Eligibility and Loan",1.0,43-4111,False,False,True,True,True,3
43-4121,0.3275862068965517,0.5344827586206896,0.7413793103448276,0.2413793103448275,0.4396551724137931,0.6379310344827586,1.0,43-4121.00,"Library Assistants, Clerical",0.2038919,"Library Assistants, Clerical",1.0,43-4121,False,False,0.95,"Library Assistants, Clerical",1.0,43-4121,False,False,True,True,True,3
43-4131,0.1875,0.59375,1.0,0.125,0.5,0.875,1.0,43-4131.00,Loan Interviewers and Clerks,1.364395,Loan Interviewers and Clerks,1.0,43-4131,False,False,0.92,Loan Interviewers and Clerks,1.0,43-4131,False,False,True,True,True,3
43-4141,0.28,0.56,0.8400000000000001,0.52,0.6,0.68,1.0,43-4141.00,New Accounts Clerks,1.174998,New Accounts Clerks,1.0,43-4141,False,False,0.99,New Accounts Clerks,1.0,43-4141,False,False,True,True,True,3
43-4151,0.4285714285714285,0.7142857142857143,1.0,0.4285714285714285,0.6,0.7714285714285714,1.0,43-4151.00,Order Clerks,0.8388861,Order Clerks,1.0,43-4151,False,False,0.98,Order Clerks,1.0,43-4151,False,False,True,True,True,3
43-4161,0.2758620689655172,0.6206896551724138,0.9655172413793104,0.1379310344827586,0.4655172413793103,0.7931034482758621,1.0,43-4161.00,"Human Resources Assistants, Except Payroll and Timekeeping",1.353098,"Human Resources Assistants, Except Payroll and Timekeeping",1.0,43-4161,False,False,0.9,"Human Resources Assistants, Except Payroll and Timekeeping",1.0,43-4161,False,False,True,True,True,3
43-4171,0.2,0.5333333333333333,0.8666666666666667,0.4333333333333333,0.5833333333333334,0.7333333333333333,1.0,43-4171.00,Receptionists and Information Clerks,1.013186,Receptionists and Information Clerks,1.0,43-4171,False,False,0.96,Receptionists and Information Clerks,1.0,43-4171,False,False,True,True,True,3
43-4181,0.1142857142857142,0.4571428571428571,0.7999999999999999,0.3714285714285714,0.5285714285714286,0.6857142857142857,1.0,43-4181.00,Reservation and Transportation Ticket Agents and Travel Clerks,0.227312,Reservation and Transportation Ticket Agents and Travel Clerks,1.0,43-4181,False,False,0.61,Reservation and Transportation Ticket Agents and Travel Clerks,1.0,43-4181,False,False,True,True,True,3
43-5011,0.2061177815894796,0.5273013150371642,0.8484848484848485,0.2152658662092623,0.4288164665523156,0.6423670668953687,2.0,43-5011.00;43-5011.01,Cargo and Freight Agents; Freight Forwarders,1.405415,Cargo and Freight Agents,1.0,43-5011,False,False,0.99,Cargo and Freight Agents,1.0,43-5011,False,False,True,True,True,3
43-5021,0.2413793103448275,0.3103448275862069,0.3793103448275862,0.0,0.1551724137931034,0.3103448275862069,1.0,43-5021.00,Couriers and Messengers,-0.9591126,Couriers and Messengers,1.0,43-5021,False,False,0.94,Couriers and Messengers,1.0,43-5021,False,False,True,True,True,3
43-5031,0.40625,0.65625,0.90625,0.4375,0.59375,0.75,1.0,43-5031.00,Public Safety Telecommunicators,0.9074452,Public Safety Telecommunicators,1.0,43-5031,False,False,0.49,Public Safety Telecommunicators,1.0,43-5031,False,False,True,True,True,3
43-5032,0.3478260869565217,0.6739130434782609,1.0,0.3478260869565217,0.6521739130434783,0.9565217391304348,1.0,43-5032.00,"Dispatchers, Except Police, Fire, and Ambulance",1.234523,"Dispatchers, Except Police, Fire, and Ambulance",1.0,43-5032,False,False,0.96,"Dispatchers, Except Police, Fire, and Ambulance",1.0,43-5032,False,False,True,True,True,3
43-5041,0.3333333333333333,0.4374999999999999,0.5416666666666666,0.0833333333333333,0.3541666666666666,0.625,1.0,43-5041.00,"Meter Readers, Utilities",-0.9723772,"Meter Readers, Utilities",1.0,43-5041,False,False,0.85,"Meter Readers, Utilities",1.0,43-5041,False,False,True,True,True,3
43-5051,0.1481481481481481,0.3148148148148147,0.4814814814814814,0.1481481481481481,0.2777777777777778,0.4074074074074074,1.0,43-5051.00,Postal Service Clerks,-0.5186997,Postal Service Clerks,1.0,43-5051,False,False,0.95,Postal Service Clerks,1.0,43-5051,False,False,True,True,True,3
43-5052,0.2051282051282051,0.2307692307692307,0.2564102564102564,0.1794871794871795,0.3461538461538461,0.5128205128205128,1.0,43-5052.00,Postal Service Mail Carriers,-1.064715,Postal Service Mail Carriers,1.0,43-5052,False,False,0.68,Postal Service Mail Carriers,1.0,43-5052,False,False,True,True,True,3
43-5053,0.1,0.1,0.1,0.05,0.125,0.2,1.0,43-5053.00,"Postal Service Mail Sorters, Processors, and Processing Machine Operators",-1.185001,"Postal Service Mail Sorters, Processors, and Processing Machine Operators",1.0,43-5053,False,False,0.79,"Postal Service Mail Sorters, Processors, and Processing Machine Operators",1.0,43-5053,False,False,True,True,True,3
43-5061,0.2692307692307693,0.5961538461538461,0.9230769230769232,0.1538461538461538,0.5192307692307693,0.8846153846153847,1.0,43-5061.00,"Production, Planning, and Expediting Clerks",0.6999103,"Production, Planning, and Expediting Clerks",1.0,43-5061,False,False,0.88,"Production, Planning, and Expediting Clerks",1.0,43-5061,False,False,True,True,True,3
43-5071,0.2857142857142857,0.5,0.7142857142857142,0.1904761904761904,0.3571428571428571,0.5238095238095237,1.0,43-5071.00,"Shipping, Receiving, and Inventory Clerks",-0.7463213,"Shipping, Receiving, and Inventory Clerks",1.0,43-5071,False,False,0.98,"Shipping, Receiving, and Inventory Clerks",1.0,43-5071,False,False,True,True,True,3
43-5111,0.2068965517241379,0.293103448275862,0.3793103448275862,0.1724137931034483,0.2758620689655172,0.3793103448275862,1.0,43-5111.00,"Weighers, Measurers, Checkers, and Samplers, Recordkeeping",-0.1860789,"Weighers, Measurers, Checkers, and Samplers, Recordkeeping",1.0,43-5111,False,False,0.95,"Weighers, Measurers, Checkers, and Samplers, Recordkeeping",1.0,43-5111,False,False,True,True,True,3
43-6011,0.3783783783783784,0.6486486486486487,0.918918918918919,0.6216216216216217,0.7432432432432433,0.8648648648648649,1.0,43-6011.00,Executive Secretaries and Executive Administrative Assistants,1.079643,Executive Secretaries and Executive Administrative Assistants,1.0,43-6011,False,False,0.86,Executive Secretaries and Executive Administrative Assistants,1.0,43-6011,False,False,True,True,True,3
43-6012,0.3913043478260869,0.6956521739130435,1.0,0.5217391304347826,0.7608695652173912,1.0,1.0,43-6012.00,Legal Secretaries and Administrative Assistants,1.014541,Legal Secretaries and Administrative Assistants,1.0,43-6012,False,False,0.98,Legal Secretaries and Administrative Assistants,1.0,43-6012,False,False,True,True,True,3
43-6013,0.3333333333333333,0.6666666666666666,1.0,0.3703703703703703,0.611111111111111,0.8518518518518519,1.0,43-6013.00,Medical Secretaries and Administrative Assistants,1.217982,Medical Secretaries and Administrative Assistants,1.0,43-6013,False,False,0.81,Medical Secretaries and Administrative Assistants,1.0,43-6013,False,False,True,True,True,3
43-6014,0.3846153846153846,0.6442307692307693,0.903846153846154,0.3653846153846154,0.5673076923076923,0.7692307692307693,1.0,43-6014.00,"Secretaries and Administrative Assistants, Except Legal, Medical, and Executive",1.099056,"Secretaries and Administrative Assistants, Except Legal, Medical, and Executive",1.0,43-6014,False,False,0.96,"Secretaries and Administrative Assistants, Except Legal, Medical, and Executive",1.0,43-6014,False,False,True,True,True,3
43-9021,0.8571428571428571,0.8928571428571428,0.9285714285714284,0.2142857142857142,0.4999999999999999,0.7857142857142857,1.0,43-9021.00,Data Entry Keyers,0.3108081,Data Entry Keyers,1.0,43-9021,False,False,0.99,Data Entry Keyers,1.0,43-9021,False,False,True,True,True,3
43-9022,0.7027027027027027,0.7432432432432433,0.7837837837837838,0.1891891891891892,0.4864864864864865,0.7837837837837838,1.0,43-9022.00,Word Processors and Typists,0.6219606,Word Processors and Typists,1.0,43-9022,False,False,0.81,Word Processors and Typists,1.0,43-9022,False,False,True,True,True,3
43-9031,0.3225806451612903,0.6451612903225806,0.967741935483871,0.032258064516129,0.4838709677419355,0.935483870967742,1.0,43-9031.00,Desktop Publishers,0.3437743,Desktop Publishers,1.0,43-9031,False,False,0.16,Desktop Publishers,1.0,43-9031,False,False,True,True,True,3
43-9041,0.6666666666666666,0.8333333333333333,1.0,0.2619047619047618,0.5119047619047619,0.7619047619047619,1.0,43-9041.00,Insurance Claims and Policy Processing Clerks,1.240201,Insurance Claims and Policy Processing Clerks,1.0,43-9041,False,False,0.98,Insurance Claims and Policy Processing Clerks,1.0,43-9041,False,False,True,True,True,3
43-9051,0.1081081081081081,0.2162162162162162,0.3243243243243243,0.054054054054054,0.1216216216216216,0.1891891891891892,1.0,43-9051.00,"Mail Clerks and Mail Machine Operators, Except Postal Service",-0.8184676,"Mail Clerks and Mail Machine Operators, Except Postal Service",1.0,43-9051,False,False,0.94,"Mail Clerks and Mail Machine Operators, Except Postal Service",1.0,43-9051,False,False,True,True,True,3
43-9061,0.3636363636363636,0.5757575757575758,0.7878787878787878,0.2121212121212121,0.5,0.7878787878787878,1.0,43-9061.00,"Office Clerks, General",0.9888986,"Office Clerks, General",1.0,43-9061,False,False,0.96,"Office Clerks, General",1.0,43-9061,False,False,True,True,True,3
43-9071,0.2941176470588235,0.3970588235294117,0.5,0.0,0.1764705882352941,0.3529411764705882,1.0,43-9071.00,"Office Machine Operators, Except Computer",-0.5171404,"Office Machine Operators, Except Computer",1.0,43-9071,False,False,0.92,"Office Machine Operators, Except Computer",1.0,43-9071,False,False,True,True,True,3
43-9081,0.95,0.975,1.0,0.2,0.6000000000000001,1.0,1.0,43-9081.00,Proofreaders and Copy Markers,1.288375,Proofreaders and Copy Markers,1.0,43-9081,False,False,0.84,Proofreaders and Copy Markers,1.0,43-9081,False,False,True,True,True,3
43-9111,0.8260869565217391,0.8913043478260869,0.9565217391304348,0.3478260869565217,0.6739130434782609,1.0,1.0,43-9111.00,Statistical Assistants,1.389965,Statistical Assistants,1.0,43-9111,False,False,0.66,Statistical Assistants,1.0,43-9111,False,False,True,True,True,3
45-1011,0.1403508771929824,0.2807017543859649,0.4210526315789473,0.0,0.1578947368421052,0.3157894736842105,1.0,45-1011.00,"First-Line Supervisors of Farming, Fishing, and Forestry Workers",-0.4791843,"First-Line Supervisors of Farming, Fishing, and Forestry Workers",1.0,45-1011,False,False,0.57,"First-Line Supervisors of Farming, Fishing, and Forestry Workers",1.0,45-1011,False,False,True,True,True,3
45-2011,0.0833333333333333,0.2916666666666666,0.5,0.125,0.2916666666666666,0.4583333333333333,1.0,45-2011.00,Agricultural Inspectors,0.1704867,Agricultural Inspectors,1.0,45-2011,False,False,0.94,Agricultural Inspectors,1.0,45-2011,False,False,True,True,True,3
45-2021,0.0909090909090909,0.1666666666666666,0.2424242424242424,0.0303030303030303,0.0757575757575757,0.1212121212121212,1.0,45-2021.00,Animal Breeders,-1.044292,Animal Breeders,1.0,45-2021,False,False,0.95,Animal Breeders,1.0,45-2021,False,False,True,True,True,3
45-2041,0.1,0.1,0.1,0.0,0.05,0.1,1.0,45-2041.00,"Graders and Sorters, Agricultural Products",-1.370968,"Graders and Sorters, Agricultural Products",1.0,45-2041,False,False,0.41,"Graders and Sorters, Agricultural Products",1.0,45-2041,False,False,True,True,True,3
45-3031,0.0,0.043859649122807,0.087719298245614,0.0,0.0087719298245614,0.0175438596491228,1.0,45-3031.00,Fishing and Hunting Workers,-1.409023,Fishing and Hunting Workers (##),2.0,45-3011;45-3021,False,True,0.8,Fishing and Hunting Workers (##),2.0,45-3011;45-3021,False,True,True,True,True,3
45-4011,0.0434782608695652,0.0434782608695652,0.0434782608695652,0.0,0.0652173913043478,0.1304347826086956,1.0,45-4011.00,Forest and Conservation Workers,-1.064205,Forest and Conservation Workers,1.0,45-4011,False,False,0.87,Forest and Conservation Workers,1.0,45-4011,False,False,True,True,True,3
45-4021,0.0,0.03125,0.0625,0.125,0.125,0.125,1.0,45-4021.00,Fallers,-1.795407,Fallers,1.0,45-4021,False,False,0.76,Fallers,1.0,45-4021,False,False,True,True,True,3
45-4022,0.1875,0.1875,0.1875,0.0,0.0625,0.125,1.0,45-4022.00,Logging Equipment Operators,-1.003702,Logging Equipment Operators,1.0,45-4022,False,False,0.79,Logging Equipment Operators,1.0,45-4022,False,False,True,True,True,3
45-4023,0.0,0.2105263157894736,0.4210526315789473,0.0,0.1578947368421052,0.3157894736842105,1.0,45-4023.00,Log Graders and Scalers,-0.4768305,Log Graders and Scalers,1.0,45-4023,False,False,0.97,Log Graders and Scalers,1.0,45-4023,False,False,True,True,True,3
47-1011,0.0333333333333333,0.4166666666666666,0.8,0.0333333333333333,0.2333333333333333,0.4333333333333333,2.0,47-1011.00;47-1011.03,First-Line Supervisors of Construction Trades and Extraction Workers; Solar Energy Installation Managers,-0.3054048,First-Line Supervisors of Construction Trades and Extraction Workers,1.0,47-1011,False,False,0.17,First-Line Supervisors of Construction Trades and Extraction Workers,1.0,47-1011,False,False,True,True,True,3
47-2011,0.0,0.0303030303030303,0.0606060606060606,0.0,0.0,0.0,1.0,47-2011.00,Boilermakers,-1.097532,Boilermakers,1.0,47-2011,False,False,0.68,Boilermakers,1.0,47-2011,False,False,True,True,True,3
47-2021,0.0,0.0384615384615384,0.0769230769230769,0.0,0.0,0.0,1.0,47-2021.00,Brickmasons and Blockmasons,-1.75434,Brickmasons and Blockmasons,1.0,47-2021,False,False,0.82,Brickmasons and Blockmasons,1.0,47-2021,False,False,True,True,True,3
47-2022,0.0,0.0,0.0,0.0,0.0,0.0,1.0,47-2022.00,Stonemasons,-1.714759,Stonemasons,1.0,47-2022,False,False,0.89,Stonemasons,1.0,47-2022,False,False,True,True,True,3
47-2031,0.0444444444444444,0.1444444444444444,0.2444444444444444,0.0444444444444444,0.0888888888888888,0.1333333333333333,1.0,47-2031.00,Carpenters,-1.323631,Carpenters,1.0,47-2031,False,False,0.72,Carpenters,1.0,47-2031,False,False,True,True,True,3
47-2041,0.0,0.0625,0.125,0.0,0.03125,0.0625,1.0,47-2041.00,Carpet Installers,-1.564577,Carpet Installers,1.0,47-2041,False,False,0.87,Carpet Installers,1.0,47-2041,False,False,True,True,True,3
47-2042,0.0,0.0,0.0,0.0,0.0,0.0,1.0,47-2042.00,"Floor Layers, Except Carpet, Wood, and Hard Tiles",-1.301024,"Floor Layers, Except Carpet, Wood, and Hard Tiles",1.0,47-2042,False,False,0.79,"Floor Layers, Except Carpet, Wood, and Hard Tiles",1.0,47-2042,False,False,True,True,True,3
47-2043,0.0,0.0714285714285714,0.1428571428571428,0.0,0.0,0.0,1.0,47-2043.00,Floor Sanders and Finishers,-1.748722,Floor Sanders and Finishers,1.0,47-2043,False,False,0.87,Floor Sanders and Finishers,1.0,47-2043,False,False,True,True,True,3
47-2044,0.025,0.0875,0.15,0.0,0.0375,0.075,1.0,47-2044.00,Tile and Stone Setters,-1.22543,Tile and Stone Setters,1.0,47-2044,False,False,0.75,Tile and Stone Setters,1.0,47-2044,False,False,True,True,True,3
47-2051,0.0,0.0,0.0,0.0,0.0,0.0,1.0,47-2051.00,Cement Masons and Concrete Finishers,-1.777407,Cement Masons and Concrete Finishers,1.0,47-2051,False,False,0.94,Cement Masons and Concrete Finishers,1.0,47-2051,False,False,True,True,True,3
47-2053,0.0,0.0,0.0,0.0,0.0227272727272727,0.0454545454545454,1.0,47-2053.00,Terrazzo Workers and Finishers,-1.776065,Terrazzo Workers and Finishers,1.0,47-2053,False,False,0.88,Terrazzo Workers and Finishers,1.0,47-2053,False,False,True,True,True,3
47-2061,0.0,0.05,0.1,0.0,0.025,0.05,1.0,47-2061.00,Construction Laborers,-1.622988,Construction Laborers,1.0,47-2061,False,False,0.88,Construction Laborers,1.0,47-2061,False,False,True,True,True,3
47-2071,0.0,0.0,0.0,0.0,0.0,0.0,1.0,47-2071.00,"Paving, Surfacing, and Tamping Equipment Operators",-1.184739,"Paving, Surfacing, and Tamping Equipment Operators",1.0,47-2071,False,False,0.83,"Paving, Surfacing, and Tamping Equipment Operators",1.0,47-2071,False,False,True,True,True,3
47-2072,0.0,0.0,0.0,0.0,0.0,0.0,1.0,47-2072.00,Pile Driver Operators,-1.220009,Pile Driver Operators,1.0,47-2072,False,False,0.82,Pile Driver Operators,1.0,47-2072,False,False,True,True,True,3
47-2073,0.0434782608695652,0.0543478260869565,0.0652173913043478,0.0,0.0869565217391304,0.1739130434782608,1.0,47-2073.00,Operating Engineers and Other Construction Equipment Operators,-0.8815078,Operating Engineers and Other Construction Equipment Operators,1.0,47-2073,False,False,0.95,Operating Engineers and Other Construction Equipment Operators,1.0,47-2073,False,False,True,True,True,3
47-2081,0.0,0.0416666666666666,0.0833333333333333,0.0,0.0208333333333333,0.0416666666666666,1.0,47-2081.00,Drywall and Ceiling Tile Installers,-1.647971,Drywall and Ceiling Tile Installers,1.0,47-2081,False,False,0.79,Drywall and Ceiling Tile Installers,1.0,47-2081,False,False,True,True,True,3
47-2082,0.0,0.0,0.0,0.0,0.0,0.0,1.0,47-2082.00,Tapers,-1.540774,Tapers,1.0,47-2082,False,False,0.62,Tapers,1.0,47-2082,False,False,True,True,True,3
47-2111,0.0975609756097561,0.1463414634146341,0.1951219512195122,0.048780487804878,0.1463414634146341,0.2439024390243902,1.0,47-2111.00,Electricians,-0.7796905,Electricians,1.0,47-2111,False,False,0.15,Electricians,1.0,47-2111,False,False,True,True,True,3
47-2121,0.0,0.0833333333333333,0.1666666666666666,0.0,0.03125,0.0625,1.0,47-2121.00,Glaziers,-1.388901,Glaziers,1.0,47-2121,False,False,0.73,Glaziers,1.0,47-2121,False,False,True,True,True,3
47-2131,0.0,0.05,0.1,0.1,0.1,0.1,1.0,47-2131.00,"Insulation Workers, Floor, Ceiling, and Wall",-1.618772,"Insulation Workers, Floor, Ceiling, and Wall",1.0,47-2131,False,False,0.83,"Insulation Workers, Floor, Ceiling, and Wall",1.0,47-2131,False,False,True,True,True,3
47-2132,0.0,0.0454545454545454,0.0909090909090909,0.0,0.0454545454545454,0.0909090909090909,1.0,47-2132.00,"Insulation Workers, Mechanical",-1.268615,"Insulation Workers, Mechanical",1.0,47-2132,False,False,0.64,"Insulation Workers, Mechanical",1.0,47-2132,False,False,True,True,True,3
47-2141,0.0571428571428571,0.0571428571428571,0.0571428571428571,0.0,0.0285714285714285,0.0571428571428571,1.0,47-2141.00,"Painters, Construction and Maintenance",-1.58799,"Painters, Construction and Maintenance",1.0,47-2141,False,False,0.75,"Painters, Construction and Maintenance",1.0,47-2141,False,False,True,True,True,3
47-2142,0.0,0.027027027027027,0.054054054054054,0.0,0.0,0.0,1.0,47-2142.00,Paperhangers,-1.72753,Paperhangers,1.0,47-2142,False,False,0.87,Paperhangers,1.0,47-2142,False,False,True,True,True,3
47-2151,0.0,0.0357142857142857,0.0714285714285714,0.0,0.0,0.0,1.0,47-2151.00,Pipelayers,-1.225611,Pipelayers,1.0,47-2151,False,False,0.62,Pipelayers,1.0,47-2151,False,False,True,True,True,3
47-2152,0.0185185185185185,0.0753161698283649,0.1321138211382113,0.024390243902439,0.0643631436314362,0.1043360433604336,2.0,47-2152.00;47-2152.04,"Plumbers, Pipefitters, and Steamfitters; Solar Thermal Installers and Technicians",-1.121219,"Plumbers, Pipefitters, and Steamfitters",1.0,47-2152,False,False,0.35,"Plumbers, Pipefitters, and Steamfitters",1.0,47-2152,False,False,True,True,True,3
47-2161,0.0769230769230769,0.0769230769230769,0.0769230769230769,0.0,0.0384615384615384,0.0769230769230769,1.0,47-2161.00,Plasterers and Stucco Masons,-1.755588,Plasterers and Stucco Masons,1.0,47-2161,False,False,0.84,Plasterers and Stucco Masons,1.0,47-2161,False,False,True,True,True,3
47-2171,0.0,0.0714285714285714,0.1428571428571428,0.0,0.0,0.0,1.0,47-2171.00,Reinforcing Iron and Rebar Workers,-1.970997,Reinforcing Iron and Rebar Workers,1.0,47-2171,False,False,0.9,Reinforcing Iron and Rebar Workers,1.0,47-2171,False,False,True,True,True,3
47-2181,0.0,0.04,0.08,0.0,0.0,0.0,1.0,47-2181.00,Roofers,-1.752941,Roofers,1.0,47-2181,False,False,0.9,Roofers,1.0,47-2181,False,False,True,True,True,3
47-2211,0.0,0.0657894736842105,0.131578947368421,0.0,0.0394736842105263,0.0789473684210526,1.0,47-2211.00,Sheet Metal Workers,-1.174972,Sheet Metal Workers,1.0,47-2211,False,False,0.82,Sheet Metal Workers,1.0,47-2211,False,False,True,True,True,3
47-2221,0.0,0.0285714285714285,0.0571428571428571,0.0,0.0,0.0,1.0,47-2221.00,Structural Iron and Steel Workers,-1.780065,Structural Iron and Steel Workers,1.0,47-2221,False,False,0.83,Structural Iron and Steel Workers,1.0,47-2221,False,False,True,True,True,3
47-3011,0.0,0.0,0.0,0.0,0.0,0.0,1.0,47-3011.00,"Helpers--Brickmasons, Blockmasons, Stonemasons, and Tile and Marble Setters",-1.94229,"Helpers--Brickmasons, Blockmasons, Stonemasons, and Tile and Marble Setters",1.0,47-3011,False,False,0.83,"Helpers--Brickmasons, Blockmasons, Stonemasons, and Tile and Marble Setters",1.0,47-3011,False,False,True,True,True,3
47-3012,0.0,0.0,0.0,0.0,0.0,0.0,1.0,47-3012.00,Helpers--Carpenters,-1.425282,Helpers--Carpenters,1.0,47-3012,False,False,0.92,Helpers--Carpenters,1.0,47-3012,False,False,True,True,True,3
47-3013,0.024390243902439,0.024390243902439,0.024390243902439,0.0,0.0,0.0,1.0,47-3013.00,Helpers--Electricians,-1.506896,Helpers--Electricians,1.0,47-3013,False,False,0.74,Helpers--Electricians,1.0,47-3013,False,False,True,True,True,3
47-3014,0.0,0.0,0.0,0.0,0.0,0.0,1.0,47-3014.00,"Helpers--Painters, Paperhangers, Plasterers, and Stucco Masons",-2.04484,"Helpers--Painters, Paperhangers, Plasterers, and Stucco Masons",1.0,47-3014,False,False,0.94,"Helpers--Painters, Paperhangers, Plasterers, and Stucco Masons",1.0,47-3014,False,False,True,True,True,3
47-3015,0.0,0.0,0.0,0.0,0.0,0.0,1.0,47-3015.00,"Helpers--Pipelayers, Plumbers, Pipefitters, and Steamfitters",-1.678876,"Helpers--Pipelayers, Plumbers, Pipefitters, and Steamfitters",1.0,47-3015,False,False,0.57,"Helpers--Pipelayers, Plumbers, Pipefitters, and Steamfitters",1.0,47-3015,False,False,True,True,True,3
47-3016,0.0,0.0,0.0,0.0,0.0,0.0,1.0,47-3016.00,Helpers--Roofers,-1.89822,Helpers--Roofers,1.0,47-3016,False,False,0.72,Helpers--Roofers,1.0,47-3016,False,False,True,True,True,3
47-4011,0.0,0.3341042893187552,0.6682085786375105,0.073170731707317,0.2823801513877207,0.4915895710681245,2.0,47-4011.00;47-4011.01,Construction and Building Inspectors; Energy Auditors,0.2860245,Construction and Building Inspectors,1.0,47-4011,False,False,0.63,Construction and Building Inspectors,1.0,47-4011,False,False,True,True,True,3
47-4021,0.1578947368421052,0.1842105263157894,0.2105263157894736,0.0,0.0789473684210526,0.1578947368421052,1.0,47-4021.00,Elevator and Escalator Installers and Repairers,-0.8604742,Elevator and Escalator Installers and Repairers,1.0,47-4021,False,False,0.39,Elevator and Escalator Installers and Repairers,1.0,47-4021,False,False,True,True,True,3
47-4031,0.0512820512820512,0.0512820512820512,0.0512820512820512,0.0,0.0256410256410256,0.0512820512820512,1.0,47-4031.00,Fence Erectors,-1.902113,Fence Erectors,1.0,47-4031,False,False,0.92,Fence Erectors,1.0,47-4031,False,False,True,True,True,3
47-4041,0.032258064516129,0.0806451612903225,0.1290322580645161,0.0,0.032258064516129,0.064516129032258,1.0,47-4041.00,Hazardous Materials Removal Workers,-0.6887439,Hazardous Materials Removal Workers,1.0,47-4041,False,False,0.53,Hazardous Materials Removal Workers,1.0,47-4041,False,False,True,True,True,3
47-4051,0.0,0.0161290322580645,0.032258064516129,0.0,0.0,0.0,1.0,47-4051.00,Highway Maintenance Workers,-1.27909,Highway Maintenance Workers,1.0,47-4051,False,False,0.87,Highway Maintenance Workers,1.0,47-4051,False,False,True,True,True,3
47-4061,0.0,0.0,0.0,0.0,0.0,0.0,1.0,47-4061.00,Rail-Track Laying and Maintenance Equipment Operators,-1.39906,Rail-Track Laying and Maintenance Equipment Operators,1.0,47-4061,False,False,0.89,Rail-Track Laying and Maintenance Equipment Operators,1.0,47-4061,False,False,True,True,True,3
47-4071,0.0625,0.078125,0.09375,0.03125,0.09375,0.15625,1.0,47-4071.00,Septic Tank Servicers and Sewer Pipe Cleaners,-1.210591,Septic Tank Servicers and Sewer Pipe Cleaners,1.0,47-4071,False,False,0.83,Septic Tank Servicers and Sewer Pipe Cleaners,1.0,47-4071,False,False,True,True,True,3
47-4091,0.0,0.0416666666666666,0.0833333333333333,0.0,0.0833333333333333,0.1666666666666666,1.0,47-4091.00,Segmental Pavers,-0.9827304,Segmental Pavers,1.0,47-4091,False,False,0.83,Segmental Pavers,1.0,47-4091,False,False,True,True,True,3
47-5011,0.0,0.0,0.0,0.0,0.0,0.0,1.0,47-5011.00,"Derrick Operators, Oil and Gas",-1.415002,"Derrick Operators, Oil and Gas",1.0,47-5011,False,False,0.8,"Derrick Operators, Oil and Gas",1.0,47-5011,False,False,True,True,True,3
47-5012,0.0526315789473684,0.0526315789473684,0.0526315789473684,0.0,0.0263157894736842,0.0526315789473684,1.0,47-5012.00,"Rotary Drill Operators, Oil and Gas",-0.7737326,"Rotary Drill Operators, Oil and Gas",1.0,47-5012,False,False,0.53,"Rotary Drill Operators, Oil and Gas",1.0,47-5012,False,False,True,True,True,3
47-5013,0.064516129032258,0.064516129032258,0.064516129032258,0.064516129032258,0.1451612903225806,0.2258064516129032,1.0,47-5013.00,"Service Unit Operators, Oil and Gas",-0.971916,"Service Unit Operators, Oil and Gas",1.0,47-5013,False,False,0.93,"Service Unit Operators, Oil and Gas",1.0,47-5013,False,False,True,True,True,3
47-5022,0.0,0.0,0.0,0.0,0.0,0.0,1.0,47-5022.00,"Excavating and Loading Machine and Dragline Operators, Surface Mining",-1.144356,"Excavating and Loading Machine and Dragline Operators, Surface Mining",1.0,53-7032,True,False,0.94,"Excavating and Loading Machine and Dragline Operators, Surface Mining",1.0,53-7032,True,False,True,True,True,3
47-5023,0.0909090909090909,0.1363636363636363,0.1818181818181818,0.0,0.1136363636363636,0.2272727272727273,1.0,47-5023.00,"Earth Drillers, Except Oil and Gas",-0.7018391,"Earth Drillers, Except Oil and Gas",1.0,47-5021,True,False,0.85,"Earth Drillers, Except Oil and Gas",1.0,47-5021,True,False,True,True,True,3
47-5032,0.125,0.1354166666666666,0.1458333333333333,0.0208333333333333,0.1145833333333333,0.2083333333333333,1.0,47-5032.00,"Explosives Workers, Ordnance Handling Experts, and Blasters",-0.73743305,"Explosives Workers, Ordnance Handling Experts, and Blasters (##)",2.0,47-5021;47-5031,True,True,0.665,"Explosives Workers, Ordnance Handling Experts, and Blasters (##)",2.0,47-5021;47-5031,True,True,True,True,True,3
47-5041,0.0,0.0,0.0,0.0,0.06,0.12,1.0,47-5041.00,Continuous Mining Machine Operators,-1.165492,Continuous Mining Machine Operators,1.0,47-5041,False,False,0.54,Continuous Mining Machine Operators,1.0,47-5041,False,False,True,True,True,3
47-5043,0.0,0.0,0.0,0.0,0.0,0.0,1.0,47-5043.00,"Roof Bolters, Mining",-1.618518,"Roof Bolters, Mining",1.0,47-5061,False,False,0.49,"Roof Bolters, Mining",1.0,47-5061,False,False,True,True,True,3
47-5044,0.0232558139534883,0.0232558139534883,0.0232558139534883,0.0232558139534883,0.0813953488372093,0.1395348837209302,1.0,47-5044.00,"Loading and Moving Machine Operators, Underground Mining",-1.307343,"Loading and Moving Machine Operators, Underground Mining (##)",2.0,53-7033;53-7111,False,True,0.435,"Loading and Moving Machine Operators, Underground Mining (##)",2.0,53-7033;53-7111,False,True,True,True,True,3
47-5051,0.0,0.0769230769230769,0.1538461538461538,0.0,0.0769230769230769,0.1538461538461538,1.0,47-5051.00,"Rock Splitters, Quarry",-1.763494,"Rock Splitters, Quarry",1.0,47-5051,False,False,0.96,"Rock Splitters, Quarry",1.0,47-5051,False,False,True,True,True,3
47-5071,0.0,0.0,0.0,0.0,0.0,0.0,1.0,47-5071.00,"Roustabouts, Oil and Gas",-1.518977,"Roustabouts, Oil and Gas",1.0,47-5071,False,False,0.68,"Roustabouts, Oil and Gas",1.0,47-5071,False,False,True,True,True,3
47-5081,0.0,0.0,0.0,0.0,0.0652173913043478,0.1304347826086956,1.0,47-5081.00,Helpers--Extraction Workers,-1.543154,Helpers--Extraction Workers,1.0,47-5081,False,False,0.37,Helpers--Extraction Workers,1.0,47-5081,False,False,True,True,True,3
49-1011,0.0256410256410256,0.4102564102564102,0.7948717948717948,0.0769230769230769,0.2692307692307692,0.4615384615384615,1.0,49-1011.00,"First-Line Supervisors of Mechanics, Installers, and Repairers",-0.0205169,"First-Line Supervisors of Mechanics, Installers, and Repairers",1.0,49-1011,False,False,0.003,"First-Line Supervisors of Mechanics, Installers, and Repairers",1.0,49-1011,False,False,True,True,True,3
49-2011,0.2857142857142857,0.3673469387755101,0.4489795918367346,0.0816326530612244,0.2040816326530612,0.3265306122448979,1.0,49-2011.00,"Computer, Automated Teller, and Office Machine Repairers",-0.3458247,"Computer, Automated Teller, and Office Machine Repairers",1.0,49-2011,False,False,0.74,"Computer, Automated Teller, and Office Machine Repairers",1.0,49-2011,False,False,True,True,True,3
49-2021,0.0476190476190476,0.1071428571428571,0.1666666666666666,0.0476190476190476,0.0833333333333333,0.119047619047619,1.0,49-2021.00,"Radio, Cellular, and Tower Equipment Installers and Repairers",-0.6335382,"Radio, Cellular, and Tower Equipment Installers and Repairers",1.0,49-2021,False,False,0.93,"Radio, Cellular, and Tower Equipment Installers and Repairers",1.0,49-2021,False,False,True,True,True,3
49-2022,0.234375,0.28125,0.328125,0.109375,0.203125,0.296875,1.0,49-2022.00,"Telecommunications Equipment Installers and Repairers, Except Line Installers",-0.853048,"Telecommunications Equipment Installers and Repairers, Except Line Installers",1.0,49-2022,False,False,0.36,"Telecommunications Equipment Installers and Repairers, Except Line Installers",1.0,49-2022,False,False,True,True,True,3
49-2091,0.12,0.24,0.36,0.08,0.14,0.2,1.0,49-2091.00,Avionics Technicians,-0.1728535,Avionics Technicians,1.0,49-2091,False,False,0.7,Avionics Technicians,1.0,49-2091,False,False,True,True,True,3
49-2092,0.0961538461538461,0.1057692307692307,0.1153846153846153,0.0,0.0192307692307692,0.0384615384615384,1.0,49-2092.00,"Electric Motor, Power Tool, and Related Repairers",-0.8106341,"Electric Motor, Power Tool, and Related Repairers",1.0,49-2092,False,False,0.76,"Electric Motor, Power Tool, and Related Repairers",1.0,49-2092,False,False,True,True,True,3
49-2093,0.16,0.24,0.32,0.08,0.16,0.24,1.0,49-2093.00,"Electrical and Electronics Installers and Repairers, Transportation Equipment",-0.8303875,"Electrical and Electronics Installers and Repairers, Transportation Equipment",1.0,49-2093,False,False,0.91,"Electrical and Electronics Installers and Repairers, Transportation Equipment",1.0,49-2093,False,False,True,True,True,3
49-2094,0.1794871794871795,0.3076923076923077,0.4358974358974359,0.1794871794871795,0.282051282051282,0.3846153846153846,1.0,49-2094.00,"Electrical and Electronics Repairers, Commercial and Industrial Equipment",-0.4632031,"Electrical and Electronics Repairers, Commercial and Industrial Equipment",1.0,49-2094,False,False,0.41,"Electrical and Electronics Repairers, Commercial and Industrial Equipment",1.0,49-2094,False,False,True,True,True,3
49-2095,0.24,0.34,0.44,0.0,0.16,0.32,1.0,49-2095.00,"Electrical and Electronics Repairers, Powerhouse, Substation, and Relay",-0.5522636,"Electrical and Electronics Repairers, Powerhouse, Substation, and Relay",1.0,49-2095,False,False,0.38,"Electrical and Electronics Repairers, Powerhouse, Substation, and Relay",1.0,49-2095,False,False,True,True,True,3
49-2096,0.1666666666666666,0.1666666666666666,0.1666666666666666,0.0,0.125,0.25,1.0,49-2096.00,"Electronic Equipment Installers and Repairers, Motor Vehicles",-0.7915968,"Electronic Equipment Installers and Repairers, Motor Vehicles",1.0,49-2096,False,False,0.61,"Electronic Equipment Installers and Repairers, Motor Vehicles",1.0,49-2096,False,False,True,True,True,3
49-2097,0.1904761904761904,0.238095238095238,0.2857142857142857,0.0,0.0952380952380952,0.1904761904761904,1.0,49-2097.00,Audiovisual Equipment Installers and Repairers,-0.571284,Audiovisual Equipment Installers and Repairers,1.0,49-2097,False,False,0.65,Audiovisual Equipment Installers and Repairers,1.0,49-2097,False,False,True,True,True,3
49-2098,0.0666666666666666,0.1666666666666666,0.2666666666666666,0.1,0.1833333333333333,0.2666666666666666,1.0,49-2098.00,Security and Fire Alarm Systems Installers,-0.6926484,Security and Fire Alarm Systems Installers,1.0,49-2098,False,False,0.82,Security and Fire Alarm Systems Installers,1.0,49-2098,False,False,True,True,True,3
49-3011,0.0895522388059701,0.1343283582089552,0.1791044776119403,0.0149253731343283,0.0597014925373134,0.1044776119402985,1.0,49-3011.00,Aircraft Mechanics and Service Technicians,-0.6551197,Aircraft Mechanics and Service Technicians,1.0,49-3011,False,False,0.71,Aircraft Mechanics and Service Technicians,1.0,49-3011,False,False,True,True,True,3
49-3021,0.0,0.0425531914893617,0.0851063829787234,0.0212765957446808,0.0425531914893617,0.0638297872340425,1.0,49-3021.00,Automotive Body and Related Repairers,-1.180589,Automotive Body and Related Repairers,1.0,49-3021,False,False,0.91,Automotive Body and Related Repairers,1.0,49-3021,False,False,True,True,True,3
49-3022,0.0,0.0,0.0,0.0,0.0,0.0,1.0,49-3022.00,Automotive Glass Installers and Repairers,-1.202285,Automotive Glass Installers and Repairers,1.0,49-3022,False,False,0.55,Automotive Glass Installers and Repairers,1.0,49-3022,False,False,True,True,True,3
49-3023,0.0363636363636363,0.0818181818181818,0.1272727272727272,0.0363636363636363,0.0727272727272727,0.109090909090909,1.0,49-3023.00,Automotive Service Technicians and Mechanics,-0.9547055,Automotive Service Technicians and Mechanics,1.0,49-3023,False,False,0.59,Automotive Service Technicians and Mechanics,1.0,49-3023,False,False,True,True,True,3
49-3031,0.0,0.0,0.0,0.0,0.0,0.0,1.0,49-3031.00,Bus and Truck Mechanics and Diesel Engine Specialists,-1.010472,Bus and Truck Mechanics and Diesel Engine Specialists,1.0,49-3031,False,False,0.73,Bus and Truck Mechanics and Diesel Engine Specialists,1.0,49-3031,False,False,True,True,True,3
49-3041,0.1153846153846153,0.1153846153846153,0.1153846153846153,0.1538461538461538,0.173076923076923,0.1923076923076923,1.0,49-3041.00,Farm Equipment Mechanics and Service Technicians,-1.20703,Farm Equipment Mechanics and Service Technicians,1.0,49-3041,False,False,0.75,Farm Equipment Mechanics and Service Technicians,1.0,49-3041,False,False,True,True,True,3
49-3042,0.05,0.1,0.15,0.05,0.125,0.2,1.0,49-3042.00,"Mobile Heavy Equipment Mechanics, Except Engines",-1.169815,"Mobile Heavy Equipment Mechanics, Except Engines",1.0,49-3042,False,False,0.4,"Mobile Heavy Equipment Mechanics, Except Engines",1.0,49-3042,False,False,True,True,True,3
49-3043,0.064516129032258,0.0967741935483871,0.1290322580645161,0.064516129032258,0.064516129032258,0.064516129032258,1.0,49-3043.00,Rail Car Repairers,-1.448102,Rail Car Repairers,1.0,49-3043,False,False,0.88,Rail Car Repairers,1.0,49-3043,False,False,True,True,True,3
49-3051,0.0769230769230769,0.0769230769230769,0.0769230769230769,0.0,0.0384615384615384,0.0769230769230769,1.0,49-3051.00,Motorboat Mechanics and Service Technicians,-0.8863602,Motorboat Mechanics and Service Technicians,1.0,49-3051,False,False,0.66,Motorboat Mechanics and Service Technicians,1.0,49-3051,False,False,True,True,True,3
49-3052,0.0,0.0,0.0,0.0,0.0,0.0,1.0,49-3052.00,Motorcycle Mechanics,-0.763721,Motorcycle Mechanics,1.0,49-3052,False,False,0.79,Motorcycle Mechanics,1.0,49-3052,False,False,True,True,True,3
49-3053,0.1428571428571428,0.1785714285714285,0.2142857142857142,0.0714285714285714,0.1071428571428571,0.1428571428571428,1.0,49-3053.00,Outdoor Power Equipment and Other Small Engine Mechanics,-0.8941408,Outdoor Power Equipment and Other Small Engine Mechanics,1.0,49-3053,False,False,0.93,Outdoor Power Equipment and Other Small Engine Mechanics,1.0,49-3053,False,False,True,True,True,3
49-3091,0.0,0.1034482758620689,0.2068965517241379,0.0689655172413793,0.0689655172413793,0.0689655172413793,1.0,49-3091.00,Bicycle Repairers,-0.9226068,Bicycle Repairers,1.0,49-3091,False,False,0.94,Bicycle Repairers,1.0,49-3091,False,False,True,True,True,3
49-3092,0.0606060606060606,0.0606060606060606,0.0606060606060606,0.0606060606060606,0.0909090909090909,0.1212121212121212,1.0,49-3092.00,Recreational Vehicle Service Technicians,-0.9244052,Recreational Vehicle Service Technicians,1.0,49-3092,False,False,0.59,Recreational Vehicle Service Technicians,1.0,49-3092,False,False,True,True,True,3
49-3093,0.0,0.0,0.0,0.0,0.0,0.0,1.0,49-3093.00,Tire Repairers and Changers,-1.550724,Tire Repairers and Changers,1.0,49-3093,False,False,0.7,Tire Repairers and Changers,1.0,49-3093,False,False,True,True,True,3
49-9011,0.0909090909090909,0.1363636363636363,0.1818181818181818,0.0454545454545454,0.0681818181818181,0.0909090909090909,1.0,49-9011.00,Mechanical Door Repairers,-1.383152,Mechanical Door Repairers,1.0,49-9011,False,False,0.91,Mechanical Door Repairers,1.0,49-9011,False,False,True,True,True,3
49-9012,0.0952380952380952,0.1309523809523809,0.1666666666666666,0.0476190476190476,0.0714285714285714,0.0952380952380952,1.0,49-9012.00,"Control and Valve Installers and Repairers, Except Mechanical Door",-0.7606913,"Control and Valve Installers and Repairers, Except Mechanical Door",1.0,49-9012,False,False,0.63,"Control and Valve Installers and Repairers, Except Mechanical Door",1.0,49-9012,False,False,True,True,True,3
49-9021,0.0701754385964912,0.1052631578947368,0.1403508771929824,0.0701754385964912,0.1403508771929824,0.2105263157894736,1.0,49-9021.00,"Heating, Air Conditioning, and Refrigeration Mechanics and Installers",-0.8491117,"Heating, Air Conditioning, and Refrigeration Mechanics and Installers",1.0,49-9021,False,False,0.65,"Heating, Air Conditioning, and Refrigeration Mechanics and Installers",1.0,49-9021,False,False,True,True,True,3
49-9031,0.0727272727272727,0.1454545454545454,0.2181818181818181,0.0727272727272727,0.109090909090909,0.1454545454545454,1.0,49-9031.00,Home Appliance Repairers,-0.9703799,Home Appliance Repairers,1.0,49-9031,False,False,0.72,Home Appliance Repairers,1.0,49-9031,False,False,True,True,True,3
49-9041,0.1935483870967742,0.2741935483870967,0.3548387096774194,0.064516129032258,0.1451612903225806,0.2258064516129032,1.0,49-9041.00,Industrial Machinery Mechanics,-1.133177,Industrial Machinery Mechanics,1.0,49-9041,False,False,0.67,Industrial Machinery Mechanics,1.0,49-9041,False,False,True,True,True,3
49-9043,0.1142857142857142,0.1428571428571428,0.1714285714285714,0.1142857142857142,0.1142857142857142,0.1142857142857142,1.0,49-9043.00,"Maintenance Workers, Machinery",-0.9735492,"Maintenance Workers, Machinery",1.0,49-9043,False,False,0.86,"Maintenance Workers, Machinery",1.0,49-9043,False,False,True,True,True,3
49-9044,0.0,0.0217391304347826,0.0434782608695652,0.0,0.0434782608695652,0.0869565217391304,1.0,49-9044.00,Millwrights,-1.266085,Millwrights,1.0,49-9044,False,False,0.59,Millwrights,1.0,49-9044,False,False,True,True,True,3
49-9045,0.0,0.0,0.0,0.0,0.0,0.0,1.0,49-9045.00,"Refractory Materials Repairers, Except Brickmasons",-1.237463,"Refractory Materials Repairers, Except Brickmasons",1.0,49-9045,False,False,0.82,"Refractory Materials Repairers, Except Brickmasons",1.0,49-9045,False,False,True,True,True,3
49-9051,0.0,0.0,0.0,0.0,0.0,0.0,1.0,49-9051.00,Electrical Power-Line Installers and Repairers,-1.081398,Electrical Power-Line Installers and Repairers,1.0,49-9051,False,False,0.097,Electrical Power-Line Installers and Repairers,1.0,49-9051,False,False,True,True,True,3
49-9052,0.03125,0.03125,0.03125,0.0,0.03125,0.0625,1.0,49-9052.00,Telecommunications Line Installers and Repairers,-1.083883,Telecommunications Line Installers and Repairers,1.0,49-9052,False,False,0.49,Telecommunications Line Installers and Repairers,1.0,49-9052,False,False,True,True,True,3
49-9061,0.04,0.24,0.44,0.0,0.04,0.08,1.0,49-9061.00,Camera and Photographic Equipment Repairers,0.0546422,Camera and Photographic Equipment Repairers,1.0,49-9061,False,False,0.97,Camera and Photographic Equipment Repairers,1.0,49-9061,False,False,True,True,True,3
49-9062,0.1515151515151515,0.303030303030303,0.4545454545454546,0.2121212121212121,0.2727272727272727,0.3333333333333333,1.0,49-9062.00,Medical Equipment Repairers,-0.2768838,Medical Equipment Repairers,1.0,49-9062,False,False,0.27,Medical Equipment Repairers,1.0,49-9062,False,False,True,True,True,3
49-9063,0.0,0.0196078431372549,0.0392156862745098,0.0,0.0,0.0,1.0,49-9063.00,Musical Instrument Repairers and Tuners,-0.5306271,Musical Instrument Repairers and Tuners,1.0,49-9063,False,False,0.91,Musical Instrument Repairers and Tuners,1.0,49-9063,False,False,True,True,True,3
49-9064,0.1333333333333333,0.1999999999999999,0.2666666666666666,0.0666666666666666,0.1666666666666666,0.2666666666666666,1.0,49-9064.00,Watch and Clock Repairers,-0.2123996,Watch and Clock Repairers,1.0,49-9064,False,False,0.99,Watch and Clock Repairers,1.0,49-9064,False,False,True,True,True,3
49-9071,0.0392156862745098,0.1372549019607843,0.2352941176470588,0.0,0.0784313725490196,0.1568627450980392,1.0,49-9071.00,"Maintenance and Repair Workers, General",-1.014408,"Maintenance and Repair Workers, General",1.0,49-9071,False,False,0.64,"Maintenance and Repair Workers, General",1.0,49-9071,False,False,True,True,True,3
49-9091,0.3214285714285714,0.3214285714285714,0.3214285714285714,0.1785714285714285,0.1964285714285714,0.2142857142857142,1.0,49-9091.00,"Coin, Vending, and Amusement Machine Servicers and Repairers",-0.7233995,"Coin, Vending, and Amusement Machine Servicers and Repairers",1.0,49-9091,False,False,0.94,"Coin, Vending, and Amusement Machine Servicers and Repairers",1.0,49-9091,False,False,True,True,True,3
49-9092,0.0,0.0666666666666666,0.1333333333333333,0.0,0.0888888888888888,0.1777777777777777,1.0,49-9092.00,Commercial Divers,-1.102728,Commercial Divers,1.0,49-9092,False,False,0.18,Commercial Divers,1.0,49-9092,False,False,True,True,True,3
49-9094,0.08,0.08,0.08,0.08,0.08,0.08,1.0,49-9094.00,Locksmiths and Safe Repairers,-0.8657498,Locksmiths and Safe Repairers,1.0,49-9094,False,False,0.77,Locksmiths and Safe Repairers,1.0,49-9094,False,False,True,True,True,3
49-9095,0.0769230769230769,0.0769230769230769,0.0769230769230769,0.0769230769230769,0.1153846153846153,0.1538461538461538,1.0,49-9095.00,Manufactured Building and Mobile Home Installers,-1.414062,Manufactured Building and Mobile Home Installers,1.0,49-9095,False,False,0.18,Manufactured Building and Mobile Home Installers,1.0,49-9095,False,False,True,True,True,3
49-9096,0.0,0.0,0.0,0.0,0.037037037037037,0.074074074074074,1.0,49-9096.00,Riggers,-1.221519,Riggers,1.0,49-9096,False,False,0.89,Riggers,1.0,49-9096,False,False,True,True,True,3
49-9097,0.0769230769230769,0.0769230769230769,0.0769230769230769,0.0,0.0384615384615384,0.0769230769230769,1.0,49-9097.00,Signal and Track Switch Repairers,-0.858221,Signal and Track Switch Repairers,1.0,49-9097,False,False,0.9,Signal and Track Switch Repairers,1.0,49-9097,False,False,True,True,True,3
49-9098,0.0,0.0333333333333333,0.0666666666666666,0.0,0.0,0.0,1.0,49-9098.00,"Helpers--Installation, Maintenance, and Repair Workers",-1.346555,"Helpers--Installation, Maintenance, and Repair Workers",1.0,49-9098,False,False,0.79,"Helpers--Installation, Maintenance, and Repair Workers",1.0,49-9098,False,False,True,True,True,3
49-9099,0.064516129032258,0.2096774193548387,0.3548387096774194,0.2903225806451612,0.3064516129032258,0.3225806451612903,1.0,49-9099.01,Geothermal Technicians,-0.98145905,"Installation, Maintenance, and Repair Workers, All Other (##)",2.0,49-9093;49-9099,False,True,0.96,"Installation, Maintenance, and Repair Workers, All Other (##)",1.0,49-9093,False,False,True,True,True,3
51-1011,0.15,0.4,0.65,0.0,0.225,0.45,1.0,51-1011.00,First-Line Supervisors of Production and Operating Workers,-0.0845282,First-Line Supervisors of Production and Operating Workers,1.0,51-1011,False,False,0.016,First-Line Supervisors of Production and Operating Workers,1.0,51-1011,False,False,True,True,True,3
51-2011,0.0,0.025,0.05,0.0,0.025,0.05,1.0,51-2011.00,"Aircraft Structure, Surfaces, Rigging, and Systems Assemblers",-0.8684706,"Aircraft Structure, Surfaces, Rigging, and Systems Assemblers",1.0,51-2011,False,False,0.79,"Aircraft Structure, Surfaces, Rigging, and Systems Assemblers",1.0,51-2011,False,False,True,True,True,3
51-2021,0.2222222222222222,0.2222222222222222,0.2222222222222222,0.0,0.1388888888888889,0.2777777777777778,1.0,51-2021.00,"Coil Winders, Tapers, and Finishers",-0.8289722,"Coil Winders, Tapers, and Finishers",1.0,51-2021,False,False,0.73,"Coil Winders, Tapers, and Finishers",1.0,51-2021,False,False,True,True,True,3
51-2022,0.0384615384615384,0.0961538461538461,0.1538461538461538,0.0,0.0576923076923076,0.1153846153846153,1.0,51-2022.00,Electrical and Electronic Equipment Assemblers,-0.6248807,Electrical and Electronic Equipment Assemblers,1.0,51-2022,False,False,0.95,Electrical and Electronic Equipment Assemblers,1.0,51-2022,False,False,True,True,True,3
51-2023,0.0,0.0454545454545454,0.0909090909090909,0.0,0.0,0.0,1.0,51-2023.00,Electromechanical Equipment Assemblers,-0.4977276,Electromechanical Equipment Assemblers,1.0,51-2023,False,False,0.97,Electromechanical Equipment Assemblers,1.0,51-2023,False,False,True,True,True,3
51-2031,0.0,0.0952380952380952,0.1904761904761904,0.0,0.0,0.0,1.0,51-2031.00,Engine and Other Machine Assemblers,-0.9561453,Engine and Other Machine Assemblers,1.0,51-2031,False,False,0.82,Engine and Other Machine Assemblers,1.0,51-2031,False,False,True,True,True,3
51-2041,0.0,0.0227272727272727,0.0454545454545454,0.0,0.0227272727272727,0.0454545454545454,1.0,51-2041.00,Structural Metal Fabricators and Fitters,-1.076307,Structural Metal Fabricators and Fitters,1.0,51-2041,False,False,0.41,Structural Metal Fabricators and Fitters,1.0,51-2041,False,False,True,True,True,3
51-2051,0.0,0.0208333333333333,0.0416666666666666,0.0833333333333333,0.0833333333333333,0.0833333333333333,1.0,51-2051.00,Fiberglass Laminators and Fabricators,-1.216496,Fiberglass Laminators and Fabricators,1.0,51-2091,False,False,0.93,Fiberglass Laminators and Fabricators,1.0,51-2091,False,False,True,True,True,3
51-2061,0.0,0.06,0.12,0.0,0.0,0.0,1.0,51-2061.00,Timing Device Assemblers and Adjusters,-0.2552991,Timing Device Assemblers and Adjusters,1.0,51-2093,False,False,0.98,Timing Device Assemblers and Adjusters,1.0,51-2093,False,False,True,True,True,3
51-2092,0.1764705882352941,0.2352941176470588,0.2941176470588235,0.0,0.088235294117647,0.1764705882352941,1.0,51-2092.00,Team Assemblers,-0.8305441,Team Assemblers,1.0,51-2092,False,False,0.97,Team Assemblers,1.0,51-2092,False,False,True,True,True,3
51-3011,0.1470588235294117,0.2647058823529412,0.3823529411764705,0.088235294117647,0.1176470588235294,0.1470588235294117,1.0,51-3011.00,Bakers,-0.3852989,Bakers,1.0,51-3011,False,False,0.89,Bakers,1.0,51-3011,False,False,True,True,True,3
51-3021,0.0526315789473684,0.131578947368421,0.2105263157894736,0.0,0.0263157894736842,0.0526315789473684,1.0,51-3021.00,Butchers and Meat Cutters,-0.9709924,Butchers and Meat Cutters,1.0,51-3021,False,False,0.93,Butchers and Meat Cutters,1.0,51-3021,False,False,True,True,True,3
51-3022,0.0,0.0,0.0,0.0,0.0,0.0,1.0,51-3022.00,"Meat, Poultry, and Fish Cutters and Trimmers",-1.10563,"Meat, Poultry, and Fish Cutters and Trimmers",1.0,51-3022,False,False,0.94,"Meat, Poultry, and Fish Cutters and Trimmers",1.0,51-3022,False,False,True,True,True,3
51-3023,0.0,0.0,0.0,0.0,0.0,0.0,1.0,51-3023.00,Slaughterers and Meat Packers,-1.834668,Slaughterers and Meat Packers,1.0,51-3023,False,False,0.6,Slaughterers and Meat Packers,1.0,51-3023,False,False,True,True,True,3
51-3091,0.0666666666666666,0.0666666666666666,0.0666666666666666,0.0,0.0666666666666666,0.1333333333333333,1.0,51-3091.00,"Food and Tobacco Roasting, Baking, and Drying Machine Operators and Tenders",-0.758859,"Food and Tobacco Roasting, Baking, and Drying Machine Operators and Tenders",1.0,51-3091,False,False,0.91,"Food and Tobacco Roasting, Baking, and Drying Machine Operators and Tenders",1.0,51-3091,False,False,True,True,True,3
51-3092,0.1025641025641025,0.1153846153846153,0.1282051282051282,0.1282051282051282,0.1538461538461538,0.1794871794871795,1.0,51-3092.00,Food Batchmakers,-0.3791114,Food Batchmakers,1.0,51-3092,False,False,0.7,Food Batchmakers,1.0,51-3092,False,False,True,True,True,3
51-3093,0.1290322580645161,0.1290322580645161,0.1290322580645161,0.0,0.032258064516129,0.064516129032258,1.0,51-3093.00,Food Cooking Machine Operators and Tenders,-0.5559894,Food Cooking Machine Operators and Tenders,1.0,51-3093,False,False,0.61,Food Cooking Machine Operators and Tenders,1.0,51-3093,False,False,True,True,True,3
51-4021,0.0,0.0208333333333333,0.0416666666666666,0.0416666666666666,0.0833333333333333,0.125,1.0,51-4021.00,"Extruding and Drawing Machine Setters, Operators, and Tenders, Metal and Plastic",-1.234352,"Extruding and Drawing Machine Setters, Operators, and Tenders, Metal and Plastic",1.0,51-4021,False,False,0.91,"Extruding and Drawing Machine Setters, Operators, and Tenders, Metal and Plastic",1.0,51-4021,False,False,True,True,True,3
51-4022,0.0,0.0416666666666666,0.0833333333333333,0.0,0.0416666666666666,0.0833333333333333,1.0,51-4022.00,"Forging Machine Setters, Operators, and Tenders, Metal and Plastic",-0.8046677,"Forging Machine Setters, Operators, and Tenders, Metal and Plastic",1.0,51-4022,False,False,0.93,"Forging Machine Setters, Operators, and Tenders, Metal and Plastic",1.0,51-4022,False,False,True,True,True,3
51-4023,0.1176470588235294,0.1764705882352941,0.2352941176470588,0.0,0.0735294117647058,0.1470588235294117,1.0,51-4023.00,"Rolling Machine Setters, Operators, and Tenders, Metal and Plastic",-1.08921,"Rolling Machine Setters, Operators, and Tenders, Metal and Plastic",1.0,51-4023,False,False,0.83,"Rolling Machine Setters, Operators, and Tenders, Metal and Plastic",1.0,51-4023,False,False,True,True,True,3
51-4031,0.0,0.01,0.02,0.0,0.02,0.04,1.0,51-4031.00,"Cutting, Punching, and Press Machine Setters, Operators, and Tenders, Metal and Plastic",-1.036569,"Cutting, Punching, and Press Machine Setters, Operators, and Tenders, Metal and Plastic",1.0,51-4031,False,False,0.78,"Cutting, Punching, and Press Machine Setters, Operators, and Tenders, Metal and Plastic",1.0,51-4031,False,False,True,True,True,3
51-4032,0.0,0.0303030303030303,0.0606060606060606,0.0,0.0,0.0,1.0,51-4032.00,"Drilling and Boring Machine Tool Setters, Operators, and Tenders, Metal and Plastic",-0.7598132,"Drilling and Boring Machine Tool Setters, Operators, and Tenders, Metal and Plastic",1.0,51-4032,False,False,0.94,"Drilling and Boring Machine Tool Setters, Operators, and Tenders, Metal and Plastic",1.0,51-4032,False,False,True,True,True,3
51-4033,0.032258064516129,0.064516129032258,0.0967741935483871,0.0,0.064516129032258,0.1290322580645161,1.0,51-4033.00,"Grinding, Lapping, Polishing, and Buffing Machine Tool Setters, Operators, and Tenders, Metal and Plastic",-0.9901662,"Grinding, Lapping, Polishing, and Buffing Machine Tool Setters, Operators, and Tenders, Metal and Plastic",1.0,51-4033,False,False,0.95,"Grinding, Lapping, Polishing, and Buffing Machine Tool Setters, Operators, and Tenders, Metal and Plastic",1.0,51-4033,False,False,True,True,True,3
51-4034,0.1290322580645161,0.1612903225806451,0.1935483870967742,0.0,0.032258064516129,0.064516129032258,1.0,51-4034.00,"Lathe and Turning Machine Tool Setters, Operators, and Tenders, Metal and Plastic",-1.06734,"Lathe and Turning Machine Tool Setters, Operators, and Tenders, Metal and Plastic",1.0,51-4034,False,False,0.84,"Lathe and Turning Machine Tool Setters, Operators, and Tenders, Metal and Plastic",1.0,51-4034,False,False,True,True,True,3
51-4035,0.2068965517241379,0.2413793103448275,0.2758620689655172,0.0,0.0689655172413793,0.1379310344827586,1.0,51-4035.00,"Milling and Planing Machine Setters, Operators, and Tenders, Metal and Plastic",-0.8703219,"Milling and Planing Machine Setters, Operators, and Tenders, Metal and Plastic",1.0,51-4035,False,False,0.98,"Milling and Planing Machine Setters, Operators, and Tenders, Metal and Plastic",1.0,51-4035,False,False,True,True,True,3
51-4041,0.1632653061224489,0.2346938775510204,0.3061224489795918,0.0,0.1326530612244897,0.2653061224489795,1.0,51-4041.00,Machinists,-0.8675535,Machinists,1.0,51-4041,False,False,0.65,Machinists,1.0,51-4041,False,False,True,True,True,3
51-4051,0.0833333333333333,0.1041666666666666,0.125,0.0,0.0416666666666666,0.0833333333333333,1.0,51-4051.00,Metal-Refining Furnace Operators and Tenders,-1.167465,Metal-Refining Furnace Operators and Tenders,1.0,51-4051,False,False,0.88,Metal-Refining Furnace Operators and Tenders,1.0,51-4051,False,False,True,True,True,3
51-4052,0.0,0.0,0.0,0.0,0.0,0.0,1.0,51-4052.00,"Pourers and Casters, Metal",-1.00914,"Pourers and Casters, Metal",1.0,51-4052,False,False,0.87,"Pourers and Casters, Metal",1.0,51-4052,False,False,True,True,True,3
51-4061,0.1290322580645161,0.1612903225806451,0.1935483870967742,0.0,0.0967741935483871,0.1935483870967742,1.0,51-4061.00,"Model Makers, Metal and Plastic",-0.7421977,"Model Makers, Metal and Plastic",1.0,51-4061,False,False,0.93,"Model Makers, Metal and Plastic",1.0,51-4061,False,False,True,True,True,3
51-4062,0.0869565217391304,0.1521739130434782,0.217391304347826,0.0,0.1304347826086956,0.2608695652173913,1.0,51-4062.00,"Patternmakers, Metal and Plastic",-0.6131331,"Patternmakers, Metal and Plastic",1.0,51-4062,False,False,0.9,"Patternmakers, Metal and Plastic",1.0,51-4062,False,False,True,True,True,3
51-4071,0.0,0.0,0.0,0.0,0.0,0.0,1.0,51-4071.00,Foundry Mold and Coremakers,-1.740349,Foundry Mold and Coremakers,1.0,51-4071,False,False,0.67,Foundry Mold and Coremakers,1.0,51-4071,False,False,True,True,True,3
51-4072,0.0232558139534883,0.0813953488372093,0.1395348837209302,0.0,0.0348837209302325,0.0697674418604651,1.0,51-4072.00,"Molding, Coremaking, and Casting Machine Setters, Operators, and Tenders, Metal and Plastic",-1.146139,"Molding, Coremaking, and Casting Machine Setters, Operators, and Tenders, Metal and Plastic",1.0,51-4072,False,False,0.95,"Molding, Coremaking, and Casting Machine Setters, Operators, and Tenders, Metal and Plastic",1.0,51-4072,False,False,True,True,True,3
51-4081,0.0769230769230769,0.1025641025641025,0.1282051282051282,0.1025641025641025,0.141025641025641,0.1794871794871795,1.0,51-4081.00,"Multiple Machine Tool Setters, Operators, and Tenders, Metal and Plastic",-0.74266,"Multiple Machine Tool Setters, Operators, and Tenders, Metal and Plastic",1.0,51-4081,False,False,0.91,"Multiple Machine Tool Setters, Operators, and Tenders, Metal and Plastic",1.0,51-4081,False,False,True,True,True,3
51-4111,0.09375,0.1875,0.28125,0.0,0.109375,0.21875,1.0,51-4111.00,Tool and Die Makers,-0.5317897,Tool and Die Makers,1.0,51-4111,False,False,0.84,Tool and Die Makers,1.0,51-4111,False,False,True,True,True,3
51-4121,0.0784313725490196,0.088235294117647,0.0980392156862745,0.0,0.0392156862745098,0.0784313725490196,1.0,51-4121.00,"Welders, Cutters, Solderers, and Brazers",-1.197596,"Welders, Cutters, Solderers, and Brazers",1.0,51-4121,False,False,0.94,"Welders, Cutters, Solderers, and Brazers",1.0,51-4121,False,False,True,True,True,3
51-4122,0.0454545454545454,0.0681818181818181,0.0909090909090909,0.0,0.0568181818181818,0.1136363636363636,1.0,51-4122.00,"Welding, Soldering, and Brazing Machine Setters, Operators, and Tenders",-1.002411,"Welding, Soldering, and Brazing Machine Setters, Operators, and Tenders",1.0,51-4122,False,False,0.61,"Welding, Soldering, and Brazing Machine Setters, Operators, and Tenders",1.0,51-4122,False,False,True,True,True,3
51-4191,0.1764705882352941,0.1764705882352941,0.1764705882352941,0.0,0.0588235294117647,0.1176470588235294,1.0,51-4191.00,"Heat Treating Equipment Setters, Operators, and Tenders, Metal and Plastic",-1.092486,"Heat Treating Equipment Setters, Operators, and Tenders, Metal and Plastic",1.0,51-4191,False,False,0.91,"Heat Treating Equipment Setters, Operators, and Tenders, Metal and Plastic",1.0,51-4191,False,False,True,True,True,3
51-4192,0.0,0.1304347826086956,0.2608695652173913,0.0,0.1521739130434782,0.3043478260869565,1.0,51-4192.00,"Layout Workers, Metal and Plastic",-0.7221353,"Layout Workers, Metal and Plastic",1.0,51-4192,False,False,0.84,"Layout Workers, Metal and Plastic",1.0,51-4192,False,False,True,True,True,3
51-4193,0.0625,0.1041666666666666,0.1458333333333333,0.0,0.0416666666666666,0.0833333333333333,1.0,51-4193.00,"Plating Machine Setters, Operators, and Tenders, Metal and Plastic",-0.8999876,"Plating Machine Setters, Operators, and Tenders, Metal and Plastic",1.0,51-4193,False,False,0.92,"Plating Machine Setters, Operators, and Tenders, Metal and Plastic",1.0,51-4193,False,False,True,True,True,3
51-4194,0.0,0.0333333333333333,0.0666666666666666,0.0,0.0,0.0,1.0,51-4194.00,"Tool Grinders, Filers, and Sharpeners",-0.8809238,"Tool Grinders, Filers, and Sharpeners",1.0,51-4194,False,False,0.88,"Tool Grinders, Filers, and Sharpeners",1.0,51-4194,False,False,True,True,True,3
51-5111,0.0625,0.4375,0.8125,0.03125,0.109375,0.1875,1.0,51-5111.00,Prepress Technicians and Workers,0.4107973,Prepress Technicians and Workers,1.0,51-5111,False,False,0.97,Prepress Technicians and Workers,1.0,51-5111,False,False,True,True,True,3
51-5112,0.175,0.2875,0.4,0.0,0.125,0.25,1.0,51-5112.00,Printing Press Operators,-0.7093881,Printing Press Operators,1.0,51-5112,False,False,0.83,Printing Press Operators,1.0,51-5112,False,False,True,True,True,3
51-5113,0.0512820512820512,0.0897435897435897,0.1282051282051282,0.0,0.0641025641025641,0.1282051282051282,1.0,51-5113.00,Print Binding and Finishing Workers,-0.9062089,Print Binding and Finishing Workers,1.0,51-5113,False,False,0.95,Print Binding and Finishing Workers,1.0,51-5113,False,False,True,True,True,3
51-6011,0.025,0.05,0.075,0.0,0.05,0.1,1.0,51-6011.00,Laundry and Dry-Cleaning Workers,-1.054399,Laundry and Dry-Cleaning Workers,1.0,51-6011,False,False,0.71,Laundry and Dry-Cleaning Workers,1.0,51-6011,False,False,True,True,True,3
51-6021,0.0,0.0104166666666666,0.0208333333333333,0.0,0.0208333333333333,0.0416666666666666,1.0,51-6021.00,"Pressers, Textile, Garment, and Related Materials",-1.950063,"Pressers, Textile, Garment, and Related Materials",1.0,51-6021,False,False,0.81,"Pressers, Textile, Garment, and Related Materials",1.0,51-6021,False,False,True,True,True,3
51-6031,0.0465116279069767,0.0813953488372093,0.1162790697674418,0.0,0.0232558139534883,0.0465116279069767,1.0,51-6031.00,Sewing Machine Operators,-0.9639661,Sewing Machine Operators,1.0,51-6031,False,False,0.89,Sewing Machine Operators,1.0,51-6031,False,False,True,True,True,3
51-6041,0.0,0.0588235294117647,0.1176470588235294,0.0,0.0588235294117647,0.1176470588235294,1.0,51-6041.00,Shoe and Leather Workers and Repairers,-0.990912,Shoe and Leather Workers and Repairers,1.0,51-6041,False,False,0.52,Shoe and Leather Workers and Repairers,1.0,51-6041,False,False,True,True,True,3
51-6042,0.0869565217391304,0.0869565217391304,0.0869565217391304,0.0,0.0217391304347826,0.0434782608695652,1.0,51-6042.00,Shoe Machine Operators and Tenders,-1.029855,Shoe Machine Operators and Tenders,1.0,51-6042,False,False,0.97,Shoe Machine Operators and Tenders,1.0,51-6042,False,False,True,True,True,3
51-6051,0.0,0.0416666666666666,0.0833333333333333,0.0,0.0416666666666666,0.0833333333333333,1.0,51-6051.00,"Sewers, Hand",-0.5987218,"Sewers, Hand",1.0,51-6051,False,False,0.99,"Sewers, Hand",1.0,51-6051,False,False,True,True,True,3
51-6052,0.0454545454545454,0.0909090909090909,0.1363636363636363,0.0,0.0681818181818181,0.1363636363636363,1.0,51-6052.00,"Tailors, Dressmakers, and Custom Sewers",-0.4305268,"Tailors, Dressmakers, and Custom Sewers",1.0,51-6052,False,False,0.84,"Tailors, Dressmakers, and Custom Sewers",1.0,51-6052,False,False,True,True,True,3
51-6061,0.131578947368421,0.1578947368421052,0.1842105263157894,0.0,0.1184210526315789,0.2368421052631578,1.0,51-6061.00,Textile Bleaching and Dyeing Machine Operators and Tenders,-0.8609312,Textile Bleaching and Dyeing Machine Operators and Tenders,1.0,51-6061,False,False,0.97,Textile Bleaching and Dyeing Machine Operators and Tenders,1.0,51-6061,False,False,True,True,True,3
51-6062,0.1071428571428571,0.1607142857142857,0.2142857142857142,0.0,0.1428571428571428,0.2857142857142857,1.0,51-6062.00,"Textile Cutting Machine Setters, Operators, and Tenders",-1.022949,"Textile Cutting Machine Setters, Operators, and Tenders",1.0,51-6062,False,False,0.95,"Textile Cutting Machine Setters, Operators, and Tenders",1.0,51-6062,False,False,True,True,True,3
51-6063,0.125,0.15625,0.1875,0.0,0.125,0.25,1.0,51-6063.00,"Textile Knitting and Weaving Machine Setters, Operators, and Tenders",-1.241662,"Textile Knitting and Weaving Machine Setters, Operators, and Tenders",1.0,51-6063,False,False,0.73,"Textile Knitting and Weaving Machine Setters, Operators, and Tenders",1.0,51-6063,False,False,True,True,True,3
51-6064,0.0857142857142857,0.0857142857142857,0.0857142857142857,0.0,0.0714285714285714,0.1428571428571428,1.0,51-6064.00,"Textile Winding, Twisting, and Drawing Out Machine Setters, Operators, and Tenders",-1.392929,"Textile Winding, Twisting, and Drawing Out Machine Setters, Operators, and Tenders",1.0,51-6064,False,False,0.96,"Textile Winding, Twisting, and Drawing Out Machine Setters, Operators, and Tenders",1.0,51-6064,False,False,True,True,True,3
51-6091,0.0689655172413793,0.0689655172413793,0.0689655172413793,0.0,0.0862068965517241,0.1724137931034483,1.0,51-6091.00,"Extruding and Forming Machine Setters, Operators, and Tenders, Synthetic and Glass Fibers",-0.8596925,"Extruding and Forming Machine Setters, Operators, and Tenders, Synthetic and Glass Fibers",1.0,51-6091,False,False,0.88,"Extruding and Forming Machine Setters, Operators, and Tenders, Synthetic and Glass Fibers",1.0,51-6091,False,False,True,True,True,3
51-6092,0.125,0.46875,0.8125,0.0,0.1875,0.375,1.0,51-6092.00,Fabric and Apparel Patternmakers,-0.0831096,Fabric and Apparel Patternmakers,1.0,51-6092,False,False,0.0049,Fabric and Apparel Patternmakers,1.0,51-6092,False,False,True,True,True,3
51-6093,0.1176470588235294,0.1911764705882352,0.2647058823529412,0.0294117647058823,0.088235294117647,0.1470588235294117,1.0,51-6093.00,Upholsterers,-1.313735,Upholsterers,1.0,51-6093,False,False,0.39,Upholsterers,1.0,51-6093,False,False,True,True,True,3
51-7011,0.0588235294117647,0.1176470588235294,0.1764705882352941,0.0,0.0441176470588235,0.088235294117647,1.0,51-7011.00,Cabinetmakers and Bench Carpenters,-1.327489,Cabinetmakers and Bench Carpenters,1.0,51-7011,False,False,0.92,Cabinetmakers and Bench Carpenters,1.0,51-7011,False,False,True,True,True,3
51-7021,0.0,0.0285714285714285,0.0571428571428571,0.0,0.0714285714285714,0.1428571428571428,1.0,51-7021.00,Furniture Finishers,-1.197727,Furniture Finishers,1.0,51-7021,False,False,0.87,Furniture Finishers,1.0,51-7021,False,False,True,True,True,3
51-7031,0.0769230769230769,0.1538461538461538,0.2307692307692307,0.0,0.1538461538461538,0.3076923076923077,1.0,51-7031.00,"Model Makers, Wood",-0.7278869,"Model Makers, Wood",1.0,51-7031,False,False,0.96,"Model Makers, Wood",1.0,51-7031,False,False,True,True,True,3
51-7032,0.2051282051282051,0.2564102564102564,0.3076923076923077,0.1538461538461538,0.282051282051282,0.4102564102564102,1.0,51-7032.00,"Patternmakers, Wood",-1.057897,"Patternmakers, Wood",1.0,51-7032,False,False,0.91,"Patternmakers, Wood",1.0,51-7032,False,False,True,True,True,3
51-7041,0.0,0.0588235294117647,0.1176470588235294,0.0,0.0147058823529411,0.0294117647058823,1.0,51-7041.00,"Sawing Machine Setters, Operators, and Tenders, Wood",-1.165031,"Sawing Machine Setters, Operators, and Tenders, Wood",1.0,51-7041,False,False,0.86,"Sawing Machine Setters, Operators, and Tenders, Wood",1.0,51-7041,False,False,True,True,True,3
51-7042,0.0217391304347826,0.0652173913043478,0.108695652173913,0.0,0.0326086956521739,0.0652173913043478,1.0,51-7042.00,"Woodworking Machine Setters, Operators, and Tenders, Except Sawing",-1.130357,"Woodworking Machine Setters, Operators, and Tenders, Except Sawing",1.0,51-7042,False,False,0.97,"Woodworking Machine Setters, Operators, and Tenders, Except Sawing",1.0,51-7042,False,False,True,True,True,3
51-8011,0.1818181818181818,0.3181818181818182,0.4545454545454546,0.0,0.1212121212121212,0.2424242424242424,1.0,51-8011.00,Nuclear Power Reactor Operators,0.7705302,Nuclear Power Reactor Operators,1.0,51-8011,False,False,0.95,Nuclear Power Reactor Operators,1.0,51-8011,False,False,True,True,True,3
51-8012,0.0833333333333333,0.375,0.6666666666666666,0.0833333333333333,0.2499999999999999,0.4166666666666666,1.0,51-8012.00,Power Distributors and Dispatchers,0.5012214,Power Distributors and Dispatchers,1.0,51-8012,False,False,0.64,Power Distributors and Dispatchers,1.0,51-8012,False,False,True,True,True,3
51-8013,0.0825708061002178,0.1552287581699346,0.2278867102396513,0.0,0.0914488017429193,0.1828976034858387,3.0,51-8013.00;51-8013.03;51-8013.04,Power Plant Operators; Biomass Plant Technicians; Hydroelectric Plant Technicians,-0.3482779,Power Plant Operators,1.0,51-8013,False,False,0.85,Power Plant Operators,1.0,51-8013,False,False,True,True,True,3
51-8021,0.1395348837209302,0.1627906976744186,0.1860465116279069,0.0,0.1046511627906976,0.2093023255813953,1.0,51-8021.00,Stationary Engineers and Boiler Operators,-0.5032496,Stationary Engineers and Boiler Operators,1.0,51-8021,False,False,0.89,Stationary Engineers and Boiler Operators,1.0,51-8021,False,False,True,True,True,3
51-8031,0.125,0.125,0.125,0.0,0.125,0.25,1.0,51-8031.00,Water and Wastewater Treatment Plant and System Operators,-0.44501,Water and Wastewater Treatment Plant and System Operators,1.0,51-8031,False,False,0.61,Water and Wastewater Treatment Plant and System Operators,1.0,51-8031,False,False,True,True,True,3
51-8091,0.0303030303030303,0.1515151515151515,0.2727272727272727,0.0909090909090909,0.1515151515151515,0.2121212121212121,1.0,51-8091.00,Chemical Plant and System Operators,-0.3831282,Chemical Plant and System Operators,1.0,51-8091,False,False,0.85,Chemical Plant and System Operators,1.0,51-8091,False,False,True,True,True,3
51-8092,0.0625,0.09375,0.125,0.0,0.078125,0.15625,1.0,51-8092.00,Gas Plant Operators,-0.2982082,Gas Plant Operators,1.0,51-8092,False,False,0.78,Gas Plant Operators,1.0,51-8092,False,False,True,True,True,3
51-8093,0.048780487804878,0.1951219512195122,0.3414634146341463,0.024390243902439,0.1707317073170731,0.3170731707317073,1.0,51-8093.00,"Petroleum Pump System Operators, Refinery Operators, and Gaugers",-0.370036,"Petroleum Pump System Operators, Refinery Operators, and Gaugers",1.0,51-8093,False,False,0.71,"Petroleum Pump System Operators, Refinery Operators, and Gaugers",1.0,51-8093,False,False,True,True,True,3
51-8099,0.0,0.0945945945945946,0.1891891891891892,0.0,0.081081081081081,0.1621621621621621,1.0,51-8099.01,Biofuels Processing Technicians,-0.6702387,"Plant and System Operators, All Other",1.0,51-8099,False,False,0.86,"Plant and System Operators, All Other",1.0,51-8099,False,False,True,True,True,3
51-9011,0.0869565217391304,0.1521739130434782,0.217391304347826,0.0434782608695652,0.0652173913043478,0.0869565217391304,1.0,51-9011.00,Chemical Equipment Operators and Tenders,-0.511521,Chemical Equipment Operators and Tenders,1.0,51-9011,False,False,0.76,Chemical Equipment Operators and Tenders,1.0,51-9011,False,False,True,True,True,3
51-9012,0.1142857142857142,0.1428571428571428,0.1714285714285714,0.0,0.0857142857142857,0.1714285714285714,1.0,51-9012.00,"Separating, Filtering, Clarifying, Precipitating, and Still Machine Setters, Operators, and Tenders",-0.9379141,"Separating, Filtering, Clarifying, Precipitating, and Still Machine Setters, Operators, and Tenders",1.0,51-9012,False,False,0.88,"Separating, Filtering, Clarifying, Precipitating, and Still Machine Setters, Operators, and Tenders",1.0,51-9012,False,False,True,True,True,3
51-9021,0.1081081081081081,0.1081081081081081,0.1081081081081081,0.0,0.081081081081081,0.1621621621621621,1.0,51-9021.00,"Crushing, Grinding, and Polishing Machine Setters, Operators, and Tenders",-1.043476,"Crushing, Grinding, and Polishing Machine Setters, Operators, and Tenders",1.0,51-9021,False,False,0.97,"Crushing, Grinding, and Polishing Machine Setters, Operators, and Tenders",1.0,51-9021,False,False,True,True,True,3
51-9022,0.0357142857142857,0.0357142857142857,0.0357142857142857,0.0,0.0357142857142857,0.0714285714285714,1.0,51-9022.00,"Grinding and Polishing Workers, Hand",-1.146524,"Grinding and Polishing Workers, Hand",1.0,51-9022,False,False,0.97,"Grinding and Polishing Workers, Hand",1.0,51-9022,False,False,True,True,True,3
51-9023,0.1111111111111111,0.1111111111111111,0.1111111111111111,0.0555555555555555,0.0833333333333333,0.1111111111111111,1.0,51-9023.00,"Mixing and Blending Machine Setters, Operators, and Tenders",-0.819664,"Mixing and Blending Machine Setters, Operators, and Tenders",1.0,51-9023,False,False,0.83,"Mixing and Blending Machine Setters, Operators, and Tenders",1.0,51-9023,False,False,True,True,True,3
51-9031,0.0,0.0,0.0,0.0,0.0,0.0,1.0,51-9031.00,"Cutters and Trimmers, Hand",-0.9479839,"Cutters and Trimmers, Hand",1.0,51-9031,False,False,0.64,"Cutters and Trimmers, Hand",1.0,51-9031,False,False,True,True,True,3
51-9032,0.0454545454545454,0.0681818181818181,0.0909090909090909,0.0,0.0568181818181818,0.1136363636363636,1.0,51-9032.00,"Cutting and Slicing Machine Setters, Operators, and Tenders",-1.079282,"Cutting and Slicing Machine Setters, Operators, and Tenders",1.0,51-9032,False,False,0.86,"Cutting and Slicing Machine Setters, Operators, and Tenders",1.0,51-9032,False,False,True,True,True,3
51-9041,0.075,0.075,0.075,0.025,0.075,0.125,1.0,51-9041.00,"Extruding, Forming, Pressing, and Compacting Machine Setters, Operators, and Tenders",-1.042151,"Extruding, Forming, Pressing, and Compacting Machine Setters, Operators, and Tenders",1.0,51-9041,False,False,0.93,"Extruding, Forming, Pressing, and Compacting Machine Setters, Operators, and Tenders",1.0,51-9041,False,False,True,True,True,3
51-9051,0.16,0.16,0.16,0.0,0.04,0.08,1.0,51-9051.00,"Furnace, Kiln, Oven, Drier, and Kettle Operators and Tenders",-0.9582346,"Furnace, Kiln, Oven, Drier, and Kettle Operators and Tenders",1.0,51-9051,False,False,0.37,"Furnace, Kiln, Oven, Drier, and Kettle Operators and Tenders",1.0,51-9051,False,False,True,True,True,3
51-9061,0.2708333333333333,0.4166666666666666,0.5625,0.0416666666666666,0.1770833333333333,0.3125,1.0,51-9061.00,"Inspectors, Testers, Sorters, Samplers, and Weighers",-0.0293395,"Inspectors, Testers, Sorters, Samplers, and Weighers",1.0,51-9061,False,False,0.98,"Inspectors, Testers, Sorters, Samplers, and Weighers",1.0,51-9061,False,False,True,True,True,3
51-9071,0.0357142857142857,0.2053571428571428,0.3749999999999999,0.0178571428571428,0.1339285714285714,0.2499999999999999,2.0,51-9071.00;51-9071.06,Jewelers and Precious Stone and Metal Workers; Gem and Diamond Workers,-0.1560197,Jewelers and Precious Stone and Metal Workers,1.0,51-9071,False,False,0.95,Jewelers and Precious Stone and Metal Workers,1.0,51-9071,False,False,True,True,True,3
51-9081,0.0,0.0416666666666666,0.0833333333333333,0.0,0.0416666666666666,0.0833333333333333,1.0,51-9081.00,Dental Laboratory Technicians,0.0013206,Dental Laboratory Technicians,1.0,51-9081,False,False,0.97,Dental Laboratory Technicians,1.0,51-9081,False,False,True,True,True,3
51-9082,0.0689655172413793,0.1379310344827586,0.2068965517241379,0.0689655172413793,0.1034482758620689,0.1379310344827586,1.0,51-9082.00,Medical Appliance Technicians,-0.4949538,Medical Appliance Technicians,1.0,51-9082,False,False,0.45,Medical Appliance Technicians,1.0,51-9082,False,False,True,True,True,3
51-9083,0.0,0.09375,0.1875,0.0,0.0625,0.125,1.0,51-9083.00,Ophthalmic Laboratory Technicians,-0.5966759,Ophthalmic Laboratory Technicians,1.0,51-9083,False,False,0.97,Ophthalmic Laboratory Technicians,1.0,51-9083,False,False,True,True,True,3
51-9111,0.0,0.0,0.0,0.0,0.075,0.15,1.0,51-9111.00,Packaging and Filling Machine Operators and Tenders,-0.978608,Packaging and Filling Machine Operators and Tenders,1.0,51-9111,False,False,0.98,Packaging and Filling Machine Operators and Tenders,1.0,51-9111,False,False,True,True,True,3
51-9123,0.0,0.0,0.0,0.0,0.0294117647058823,0.0588235294117647,1.0,51-9123.00,"Painting, Coating, and Decorating Workers",-0.9705587,"Painting, Coating, and Decorating Workers",1.0,51-9123,False,False,0.92,"Painting, Coating, and Decorating Workers",1.0,51-9123,False,False,True,True,True,3
51-9124,0.0217391304347826,0.0434782608695652,0.0652173913043478,0.0,0.0108695652173913,0.0217391304347826,1.0,51-9124.00,"Coating, Painting, and Spraying Machine Setters, Operators, and Tenders",-1.284442,"Coating, Painting, and Spraying Machine Setters, Operators, and Tenders (##)",2.0,51-9121;51-9122,False,True,0.8,"Coating, Painting, and Spraying Machine Setters, Operators, and Tenders (##)",2.0,51-9121;51-9122,False,True,True,True,True,3
51-9141,0.1875,0.234375,0.28125,0.03125,0.0625,0.09375,1.0,51-9141.00,Semiconductor Processing Technicians,-0.6372312,Semiconductor Processing Technicians,1.0,51-9141,False,False,0.88,Semiconductor Processing Technicians,1.0,51-9141,False,False,True,True,True,3
51-9151,0.08,0.38,0.68,0.0,0.17,0.34,1.0,51-9151.00,Photographic Process Workers and Processing Machine Operators,-0.3615806,Photographic Process Workers and Processing Machine Operators,1.0,51-9151,False,False,0.99,Photographic Process Workers and Processing Machine Operators,1.0,51-9151,False,False,True,True,True,3
51-9161,0.22,0.25,0.28,0.0,0.18,0.36,1.0,51-9161.00,Computer Numerically Controlled Tool Operators,-0.9823542,Computer Numerically Controlled Tool Operators (##),2.0,51-4011;51-9199,True,True,0.86,Computer Numerically Controlled Tool Operators (##),1.0,51-4011,False,False,True,True,True,3
51-9162,0.7142857142857142,0.8035714285714285,0.8928571428571428,0.0,0.3571428571428571,0.7142857142857142,1.0,51-9162.00,Computer Numerically Controlled Tool Programmers,-0.6575732,Computer Numerically Controlled Tool Programmers (##),2.0,51-4012;51-9199,True,True,0.36,Computer Numerically Controlled Tool Programmers (##),1.0,51-4012,False,False,True,True,True,3
51-9191,0.064516129032258,0.064516129032258,0.064516129032258,0.0,0.0,0.0,1.0,51-9191.00,Adhesive Bonding Machine Operators and Tenders,-1.311418,Adhesive Bonding Machine Operators and Tenders,1.0,51-9191,False,False,0.95,Adhesive Bonding Machine Operators and Tenders,1.0,51-9191,False,False,True,True,True,3
51-9192,0.1052631578947368,0.1052631578947368,0.1052631578947368,0.0,0.0526315789473684,0.1052631578947368,1.0,51-9192.00,"Cleaning, Washing, and Metal Pickling Equipment Operators and Tenders",-1.141885,"Cleaning, Washing, and Metal Pickling Equipment Operators and Tenders",1.0,51-9192,False,False,0.81,"Cleaning, Washing, and Metal Pickling Equipment Operators and Tenders",1.0,51-9192,False,False,True,True,True,3
51-9193,0.08,0.08,0.08,0.0,0.04,0.08,1.0,51-9193.00,Cooling and Freezing Equipment Operators and Tenders,-0.9604952,Cooling and Freezing Equipment Operators and Tenders,1.0,51-9193,False,False,0.93,Cooling and Freezing Equipment Operators and Tenders,1.0,51-9193,False,False,True,True,True,3
51-9194,0.0,0.1363636363636363,0.2727272727272727,0.0,0.0303030303030303,0.0606060606060606,1.0,51-9194.00,Etchers and Engravers,-0.6395226,Etchers and Engravers,1.0,51-9194,False,False,0.98,Etchers and Engravers,1.0,51-9194,False,False,True,True,True,3
51-9195,0.0227272727272727,0.0709815546772068,0.1192358366271409,0.0,0.0465651914302588,0.0931303828605177,4.0,51-9195.00;51-9195.03;51-9195.04;51-9195.05,"Molders, Shapers, and Casters, Except Metal and Plastic; Stone Cutters and Carvers, Manufacturing; Glass Blowers, Molders, Benders, and Finishers; Potters, Manufacturing",-1.183408,"Molders, Shapers, and Casters, Except Metal and Plastic",1.0,51-9195,False,False,0.9,"Molders, Shapers, and Casters, Except Metal and Plastic",1.0,51-9195,False,False,True,True,True,3
51-9196,0.0,0.0,0.0,0.0,0.0263157894736842,0.0526315789473684,1.0,51-9196.00,"Paper Goods Machine Setters, Operators, and Tenders",-0.8740445,"Paper Goods Machine Setters, Operators, and Tenders",1.0,51-9196,False,False,0.67,"Paper Goods Machine Setters, Operators, and Tenders",1.0,51-9196,False,False,True,True,True,3
51-9197,0.0,0.0192307692307692,0.0384615384615384,0.0,0.0,0.0,1.0,51-9197.00,Tire Builders,-1.610915,Tire Builders,1.0,51-9197,False,False,0.94,Tire Builders,1.0,51-9197,False,False,True,True,True,3
51-9198,0.0444444444444444,0.0888888888888888,0.1333333333333333,0.0,0.0555555555555555,0.1111111111111111,1.0,51-9198.00,Helpers--Production Workers,-1.411304,Helpers--Production Workers,1.0,51-9198,False,False,0.66,Helpers--Production Workers,1.0,51-9198,False,False,True,True,True,3
53-1041,0.1,0.3,0.5,0.0,0.0,0.0,1.0,53-1041.00,Aircraft Cargo Handling Supervisors,-0.7091902,Aircraft Cargo Handling Supervisors,1.0,53-1011,False,False,0.066,Aircraft Cargo Handling Supervisors,1.0,53-1011,False,False,True,True,True,3
53-1042,0.1022988505747126,0.3007662835249042,0.4992337164750957,0.2551724137931034,0.4105363984674329,0.5659003831417625,2.0,53-1042.00;53-1042.01,"First-Line Supervisors of Helpers, Laborers, and Material Movers, Hand; Recycling Coordinators",0.1160332,"First-Line Supervisors of Helpers, Laborers, and Material Movers, Hand",1.0,53-1021,False,False,0.42,"First-Line Supervisors of Helpers, Laborers, and Material Movers, Hand",1.0,53-1021,False,False,True,True,True,3
53-1043,0.1538461538461538,0.3717948717948718,0.5897435897435898,0.1538461538461538,0.3076923076923077,0.4615384615384615,1.0,53-1043.00,First-Line Supervisors of Material-Moving Machine and Vehicle Operators,0.1466245,First-Line Supervisors of Material-Moving Machine and Vehicle Operators,1.0,53-1031,True,False,0.029,First-Line Supervisors of Material-Moving Machine and Vehicle Operators,1.0,53-1031,True,False,True,True,True,3
53-1044,0.0526315789473684,0.2894736842105263,0.5263157894736842,0.2631578947368421,0.3157894736842105,0.3684210526315789,1.0,53-1044.00,First-Line Supervisors of Passenger Attendants,0.288466,First-line Supervisors of Passenger Attendants (##),2.0,39-1021;53-1031,True,True,0.0525,First-line Supervisors of Passenger Attendants (##),2.0,39-1021;53-1031,True,True,True,True,True,3
53-2011,0.0909090909090909,0.3522727272727273,0.6136363636363636,0.0,0.2272727272727273,0.4545454545454546,1.0,53-2011.00,"Airline Pilots, Copilots, and Flight Engineers",-0.2070626,"Airline Pilots, Copilots, and Flight Engineers",1.0,53-2011,False,False,0.18,"Airline Pilots, Copilots, and Flight Engineers",1.0,53-2011,False,False,True,True,True,3
53-2012,0.1136363636363636,0.2386363636363636,0.3636363636363636,0.0,0.2159090909090909,0.4318181818181818,1.0,53-2012.00,Commercial Pilots,-0.1817332,Commercial Pilots,1.0,53-2012,False,False,0.55,Commercial Pilots,1.0,53-2012,False,False,True,True,True,3
53-2021,0.0909090909090909,0.3409090909090909,0.5909090909090909,0.0,0.3068181818181818,0.6136363636363636,1.0,53-2021.00,Air Traffic Controllers,1.152798,Air Traffic Controllers,1.0,53-2021,False,False,0.11,Air Traffic Controllers,1.0,53-2021,False,False,True,True,True,3
53-2022,0.0975609756097561,0.3658536585365853,0.6341463414634146,0.0,0.3292682926829268,0.6585365853658537,1.0,53-2022.00,Airfield Operations Specialists,0.4845738,Airfield Operations Specialists,1.0,53-2022,False,False,0.71,Airfield Operations Specialists,1.0,53-2022,False,False,True,True,True,3
53-2031,0.1458333333333333,0.1666666666666666,0.1875,0.0416666666666666,0.1458333333333333,0.25,1.0,53-2031.00,Flight Attendants,-0.7621183,Flight Attendants,1.0,53-2031,False,False,0.35,Flight Attendants,1.0,53-2031,False,False,True,True,True,3
53-3011,0.0909090909090909,0.0909090909090909,0.0909090909090909,0.0,0.0454545454545454,0.0909090909090909,1.0,53-3011.00,"Ambulance Drivers and Attendants, Except Emergency Medical Technicians",-0.8298703,"Ambulance Drivers and Attendants, Except Emergency Medical Technicians",1.0,53-3011,False,False,0.25,"Ambulance Drivers and Attendants, Except Emergency Medical Technicians",1.0,53-3011,False,False,True,True,True,3
53-3031,0.1666666666666666,0.3333333333333333,0.5,0.0,0.1388888888888889,0.2777777777777778,1.0,53-3031.00,Driver/Sales Workers,-0.7293087,Driver/Sales Workers,1.0,53-3031,False,False,0.98,Driver/Sales Workers,1.0,53-3031,False,False,True,True,True,3
53-3032,0.1923076923076923,0.2788461538461538,0.3653846153846154,0.0384615384615384,0.173076923076923,0.3076923076923077,1.0,53-3032.00,Heavy and Tractor-Trailer Truck Drivers,-1.149057,Heavy and Tractor-Trailer Truck Drivers,1.0,53-3032,False,False,0.79,Heavy and Tractor-Trailer Truck Drivers,1.0,53-3032,False,False,True,True,True,3
53-3033,0.2307692307692307,0.3653846153846154,0.5,0.0,0.25,0.5,1.0,53-3033.00,Light Truck Drivers,-1.120501,Light Truck Drivers,1.0,53-3033,False,False,0.69,Light Truck Drivers,1.0,53-3033,False,False,True,True,True,3
53-3051,0.2941176470588235,0.3235294117647059,0.3529411764705882,0.0,0.1764705882352941,0.3529411764705882,1.0,53-3051.00,"Bus Drivers, School",-0.2977046,"Bus Drivers, School",1.0,53-3022,True,False,0.89,"Bus Drivers, School",1.0,53-3022,True,False,True,True,True,3
53-3052,0.2222222222222222,0.2407407407407407,0.2592592592592592,0.0,0.1666666666666666,0.3333333333333333,1.0,53-3052.00,"Bus Drivers, Transit and Intercity",-0.605453,"Bus Drivers, Transit and Intercity",1.0,53-3021,False,False,0.67,"Bus Drivers, Transit and Intercity",1.0,53-3021,False,False,True,True,True,3
53-3053,0.1923076923076923,0.25,0.3076923076923077,0.0384615384615384,0.173076923076923,0.3076923076923077,1.0,53-3053.00,Shuttle Drivers and Chauffeurs,-0.46498245,Shuttle Drivers and Chauffeurs (##),2.0,53-3022;53-3041,True,True,0.89,Shuttle Drivers and Chauffeurs (##),2.0,53-3022;53-3041,True,True,True,True,True,3
53-3054,0.25,0.28125,0.3125,0.125,0.25,0.375,1.0,53-3054.00,Taxi Drivers,-0.6322603,Taxi Drivers,1.0,53-3041,True,False,0.89,Taxi Drivers,1.0,53-3041,True,False,True,True,True,3
53-4011,0.2142857142857142,0.2857142857142857,0.3571428571428571,0.0714285714285714,0.2321428571428571,0.3928571428571428,1.0,53-4011.00,Locomotive Engineers,-0.4977403,Locomotive Engineers,1.0,53-4011,False,False,0.96,Locomotive Engineers,1.0,53-4011,False,False,True,True,True,3
53-4013,0.2045454545454545,0.2045454545454545,0.2045454545454545,0.0,0.0568181818181818,0.1136363636363636,1.0,53-4013.00,"Rail Yard Engineers, Dinkey Operators, and Hostlers",-0.8320907,"Rail Yard Engineers, Dinkey Operators, and Hostlers",1.0,53-4013,False,False,0.91,"Rail Yard Engineers, Dinkey Operators, and Hostlers",1.0,53-4013,False,False,True,True,True,3
53-4022,0.0833333333333333,0.1666666666666666,0.2499999999999999,0.0,0.0416666666666666,0.0833333333333333,1.0,53-4022.00,"Railroad Brake, Signal, and Switch Operators and Locomotive Firers",-0.994359,"Railroad Brake, Signal, and Switch Operators and Locomotive Firers (##)",2.0,53-4012;53-4021,False,True,0.88,"Railroad Brake, Signal, and Switch Operators and Locomotive Firers (##)",2.0,53-4012;53-4021,False,True,True,True,True,3
53-4031,0.0833333333333333,0.2777777777777778,0.4722222222222222,0.0,0.2083333333333333,0.4166666666666666,1.0,53-4031.00,Railroad Conductors and Yardmasters,-0.4662731,Railroad Conductors and Yardmasters,1.0,53-4031,False,False,0.83,Railroad Conductors and Yardmasters,1.0,53-4031,False,False,True,True,True,3
53-4041,0.4090909090909091,0.4090909090909091,0.4090909090909091,0.0,0.2045454545454545,0.4090909090909091,1.0,53-4041.00,Subway and Streetcar Operators,-0.6155429,Subway and Streetcar Operators,1.0,53-4041,False,False,0.86,Subway and Streetcar Operators,1.0,53-4041,False,False,True,True,True,3
53-5011,0.0212765957446808,0.0425531914893617,0.0638297872340425,0.0,0.0106382978723404,0.0212765957446808,1.0,53-5011.00,Sailors and Marine Oilers,-1.150001,Sailors and Marine Oilers,1.0,53-5011,False,False,0.83,Sailors and Marine Oilers,1.0,53-5011,False,False,True,True,True,3
53-5021,0.1999999999999999,0.2636363636363636,0.3272727272727272,0.0727272727272727,0.209090909090909,0.3454545454545454,1.0,53-5021.00,"Captains, Mates, and Pilots of Water Vessels",-0.4281868,"Captains, Mates, and Pilots of Water Vessels",1.0,53-5021,False,False,0.27,"Captains, Mates, and Pilots of Water Vessels",1.0,53-5021,False,False,True,True,True,3
53-5022,0.0,0.0,0.0,0.0,0.1290322580645161,0.2580645161290322,1.0,53-5022.00,Motorboat Operators,-0.8871186,Motorboat Operators,1.0,53-5022,False,False,0.62,Motorboat Operators,1.0,53-5022,False,False,True,True,True,3
53-5031,0.125,0.171875,0.21875,0.0,0.140625,0.28125,1.0,53-5031.00,Ship Engineers,-0.5264951,Ship Engineers,1.0,53-5031,False,False,0.041,Ship Engineers,1.0,53-5031,False,False,True,True,True,3
53-6011,0.2857142857142857,0.2857142857142857,0.2857142857142857,0.0,0.1607142857142857,0.3214285714285714,1.0,53-6011.00,Bridge and Lock Tenders,-0.6322159,Bridge and Lock Tenders,1.0,53-6011,False,False,0.97,Bridge and Lock Tenders,1.0,53-6011,False,False,True,True,True,3
53-6021,0.0357142857142857,0.1071428571428571,0.1785714285714285,0.0357142857142857,0.125,0.2142857142857142,1.0,53-6021.00,Parking Attendants,-0.8353891,Parking Attendants,1.0,53-6021,False,False,0.87,Parking Attendants,1.0,53-6021,False,False,True,True,True,3
53-6031,0.1304347826086956,0.1304347826086956,0.1304347826086956,0.0,0.0652173913043478,0.1304347826086956,1.0,53-6031.00,Automotive and Watercraft Service Attendants,-1.221489,Automotive and Watercraft Service Attendants,1.0,53-6031,False,False,0.83,Automotive and Watercraft Service Attendants,1.0,53-6031,False,False,True,True,True,3
53-6041,0.1111111111111111,0.4629629629629629,0.8148148148148148,0.037037037037037,0.3888888888888888,0.7407407407407407,1.0,53-6041.00,Traffic Technicians,0.3995872,Traffic Technicians,1.0,53-6041,False,False,0.9,Traffic Technicians,1.0,53-6041,False,False,True,True,True,3
53-6051,0.187020202020202,0.4125757575757576,0.6381313131313131,0.0602020202020202,0.2343939393939393,0.4085858585858586,3.0,53-6051.00;53-6051.01;53-6051.07,"Transportation Inspectors; Aviation Inspectors; Transportation Vehicle, Equipment and Systems Inspectors, Except Aviation",-0.18376,Transportation Inspectors,1.0,53-6051,False,False,0.9,Transportation Inspectors,1.0,53-6051,False,False,True,True,True,3
53-6061,0.1666666666666666,0.2222222222222222,0.2777777777777778,0.0,0.1388888888888889,0.2777777777777778,1.0,53-6061.00,Passenger Attendants,-0.3752249,Passenger Attendants,1.0,53-6061,False,False,0.75,Passenger Attendants,1.0,53-6061,False,False,True,True,True,3
53-7011,0.0689655172413793,0.1034482758620689,0.1379310344827586,0.0,0.1379310344827586,0.2758620689655172,1.0,53-7011.00,Conveyor Operators and Tenders,-0.7554432,Conveyor Operators and Tenders,1.0,53-7011,False,False,0.93,Conveyor Operators and Tenders,1.0,53-7011,False,False,True,True,True,3
53-7021,0.1052631578947368,0.1842105263157894,0.2631578947368421,0.0,0.0263157894736842,0.0526315789473684,1.0,53-7021.00,Crane and Tower Operators,-1.030619,Crane and Tower Operators,1.0,53-7021,False,False,0.9,Crane and Tower Operators,1.0,53-7021,False,False,True,True,True,3
53-7031,0.0,0.0,0.0,0.0,0.0,0.0,1.0,53-7031.00,Dredge Operators,-1.016648,Dredge Operators,1.0,53-7031,False,False,0.92,Dredge Operators,1.0,53-7031,False,False,True,True,True,3
53-7041,0.0,0.0,0.0,0.0,0.0952380952380952,0.1904761904761904,1.0,53-7041.00,Hoist and Winch Operators,-0.9781997,Hoist and Winch Operators,1.0,53-7041,False,False,0.65,Hoist and Winch Operators,1.0,53-7041,False,False,True,True,True,3
53-7051,0.0,0.03125,0.0625,0.0,0.03125,0.0625,1.0,53-7051.00,Industrial Truck and Tractor Operators,-1.39869,Industrial Truck and Tractor Operators,1.0,53-7051,False,False,0.93,Industrial Truck and Tractor Operators,1.0,53-7051,False,False,True,True,True,3
53-7061,0.0555555555555555,0.0833333333333333,0.1111111111111111,0.0,0.0,0.0,1.0,53-7061.00,Cleaners of Vehicles and Equipment,-1.629897,Cleaners of Vehicles and Equipment,1.0,53-7061,False,False,0.37,Cleaners of Vehicles and Equipment,1.0,53-7061,False,False,True,True,True,3
53-7062,0.0417391304347826,0.0417391304347826,0.0417391304347826,0.0,0.0408695652173912,0.0817391304347825,2.0,53-7062.00;53-7062.04,"Laborers and Freight, Stock, and Material Movers, Hand; Recycling and Reclamation Workers",-1.709183,"Laborers and Freight, Stock, and Material Movers, Hand",1.0,53-7062,False,False,0.85,"Laborers and Freight, Stock, and Material Movers, Hand",1.0,53-7062,False,False,True,True,True,3
53-7063,0.0909090909090909,0.0909090909090909,0.0909090909090909,0.0,0.0909090909090909,0.1818181818181818,1.0,53-7063.00,Machine Feeders and Offbearers,-1.037413,Machine Feeders and Offbearers,1.0,53-7063,False,False,0.93,Machine Feeders and Offbearers,1.0,53-7063,False,False,True,True,True,3
53-7064,0.1,0.1,0.1,0.0,0.1,0.2,1.0,53-7064.00,"Packers and Packagers, Hand",-1.51362,"Packers and Packagers, Hand",1.0,53-7064,False,False,0.38,"Packers and Packagers, Hand",1.0,53-7064,False,False,True,True,True,3
53-7065,0.109090909090909,0.1818181818181818,0.2545454545454545,0.109090909090909,0.1909090909090909,0.2727272727272727,1.0,53-7065.00,Stockers and Order Fillers,-0.7892948,Stockers and Order Fillers,1.0,43-5081,False,False,0.64,Stockers and Order Fillers,1.0,43-5081,False,False,True,True,True,3
53-7071,0.2307692307692307,0.2692307692307693,0.3076923076923077,0.0,0.0769230769230769,0.1538461538461538,1.0,53-7071.00,Gas Compressor and Gas Pumping Station Operators,-0.6909992,Gas Compressor and Gas Pumping Station Operators,1.0,53-7071,False,False,0.91,Gas Compressor and Gas Pumping Station Operators,1.0,53-7071,False,False,True,True,True,3
53-7072,0.1666666666666666,0.2499999999999999,0.3333333333333333,0.0,0.1666666666666666,0.3333333333333333,1.0,53-7072.00,"Pump Operators, Except Wellhead Pumpers",-0.8422927,"Pump Operators, Except Wellhead Pumpers",1.0,53-7072,False,False,0.9,"Pump Operators, Except Wellhead Pumpers",1.0,53-7072,False,False,True,True,True,3
53-7073,0.0,0.0,0.0,0.0,0.0,0.0,1.0,53-7073.00,Wellhead Pumpers,-1.091197,Wellhead Pumpers,1.0,53-7073,False,False,0.84,Wellhead Pumpers,1.0,53-7073,False,False,True,True,True,3
53-7081,0.1785714285714285,0.1964285714285714,0.2142857142857142,0.1071428571428571,0.2321428571428571,0.3571428571428571,1.0,53-7081.00,Refuse and Recyclable Material Collectors,-1.283373,Refuse and Recyclable Material Collectors,1.0,53-7081,False,False,0.93,Refuse and Recyclable Material Collectors,1.0,53-7081,False,False,True,True,True,3
53-7121,0.0714285714285714,0.0714285714285714,0.0714285714285714,0.0,0.125,0.25,1.0,53-7121.00,"Tank Car, Truck, and Ship Loaders",-1.38776,"Tank Car, Truck, and Ship Loaders",1.0,53-7121,False,False,0.72,"Tank Car, Truck, and Ship Loaders",1.0,53-7121,False,False,True,True,True,3
