soc6,dv_rating_alpha,dv_rating_beta,dv_rating_gamma,human_rating_alpha,human_rating_beta,human_rating_gamma,n_children,child_codes,child_titles
11-1011,0.1333333333333333,0.5077777777777778,0.8822222222222222,0.11777777777777775,0.36944444444444435,0.6211111111111112,2,11-1011.00;11-1011.03,Chief Executives; Chief Sustainability Officers
11-1021,0.0,0.4807692307692308,0.9615384615384616,0.1153846153846153,0.3846153846153846,0.6538461538461539,1,11-1021.00,General and Operations Managers
11-1031,0.0333333333333333,0.4,0.7666666666666666,0.2666666666666666,0.5166666666666666,0.7666666666666666,1,11-1031.00,Legislators
11-2011,0.0,0.4767441860465116,0.9534883720930232,0.2558139534883721,0.5465116279069767,0.8372093023255813,1,11-2011.00,Advertising and Promotions Managers
11-2021,0.0625,0.5,0.9375,0.21875,0.578125,0.9375,1,11-2021.00,Marketing Managers
11-2022,0.0,0.45,0.9,0.1,0.4833333333333333,0.8666666666666667,1,11-2022.00,Sales Managers
11-2032,0.15,0.55,0.95,0.25,0.5750000000000001,0.9,1,11-2032.00,Public Relations Managers
11-2033,0.125,0.5625,1.0,0.25,0.5,0.75,1,11-2033.00,Fundraising Managers
11-3012,0.0869565217391304,0.3913043478260869,0.6956521739130435,0.2608695652173913,0.5,0.7391304347826086,1,11-3012.00,Administrative Services Managers
11-3013,0.0357142857142857,0.40016233766233766,0.7646103896103895,0.17045454545454544,0.4042207792207792,0.637987012987013,2,11-3013.00;11-3013.01,Facilities Managers; Security Managers
11-3021,0.1212121212121212,0.5303030303030303,0.9393939393939394,0.303030303030303,0.5606060606060607,0.8181818181818182,1,11-3021.00,Computer and Information Systems Managers
11-3031,0.0,0.4850552306692657,0.9701104613385315,0.1221201151025712,0.4541306971131532,0.7861412791237351,3,11-3031.00;11-3031.01;11-3031.03,Financial Managers; Treasurers and Controllers; Investment Fund Managers
11-3051,0.07074510264368754,0.40571870150289957,0.7406923003621116,0.13070700264096488,0.3296039063138119,0.5285008099866589,6,11-3051.00;11-3051.01;11-3051.02;11-3051.03;11-3051.04;11-3051.06,Industrial Production Managers; Quality Control Systems Managers; Geothermal Production Managers; Biofuels Production Managers; Biomass Power Plant Managers; Hydroelectric Production Managers
11-3061,0.2285714285714285,0.5857142857142857,0.9428571428571428,0.1142857142857142,0.4714285714285714,0.8285714285714285,1,11-3061.00,Purchasing Managers
11-3071,0.01785714285714285,0.486525974025974,0.9551948051948052,0.16201298701298694,0.47297077922077924,0.7839285714285713,2,11-3071.00;11-3071.04,"Transportation, Storage, and Distribution Managers; Supply Chain Managers"
11-3111,0.131578947368421,0.513157894736842,0.894736842105263,0.1842105263157894,0.4605263157894737,0.7368421052631579,1,11-3111.00,Compensation and Benefits Managers
11-3121,0.04,0.48,0.92,0.14,0.45,0.76,1,11-3121.00,Human Resources Managers
11-3131,0.0909090909090909,0.5,0.9090909090909092,0.0454545454545454,0.4772727272727273,0.9090909090909092,1,11-3131.00,Training and Development Managers
11-9013,0.0408163265306122,0.3673469387755101,0.6938775510204082,0.1020408163265306,0.2448979591836734,0.3877551020408163,1,11-9013.00,"Farmers, Ranchers, and Other Agricultural Managers"
11-9021,0.0444444444444444,0.4444444444444445,0.8444444444444444,0.2,0.4,0.6,1,11-9021.00,Construction Managers
11-9031,0.0625,0.46875,0.875,0.28125,0.515625,0.75,1,11-9031.00,"Education and Childcare Administrators, Preschool and Daycare"
11-9032,0.0181818181818181,0.4181818181818181,0.8181818181818181,0.2727272727272727,0.4545454545454545,0.6363636363636364,1,11-9032.00,"Education Administrators, Kindergarten through Secondary"
11-9033,0.024390243902439,0.4390243902439024,0.8536585365853658,0.3414634146341463,0.475609756097561,0.6097560975609756,1,11-9033.00,"Education Administrators, Postsecondary"
11-9041,0.05172413793103445,0.4426108374384236,0.8334975369458129,0.0571428571428571,0.3307881773399014,0.6044334975369459,2,11-9041.00;11-9041.01,Architectural and Engineering Managers; Biofuels/Biodiesel Technology and Product Development Managers
11-9051,0.0625,0.4166666666666666,0.7708333333333333,0.1875,0.3958333333333333,0.6041666666666666,1,11-9051.00,Food Service Managers
11-9071,0.3235294117647059,0.5735294117647058,0.8235294117647058,0.2647058823529412,0.4852941176470588,0.7058823529411764,1,11-9071.00,Gambling Managers
11-9072,0.1764705882352941,0.3529411764705882,0.5294117647058824,0.2352941176470588,0.3823529411764705,0.5294117647058824,1,11-9072.00,"Entertainment and Recreation Managers, Except Gambling"
11-9081,0.0434782608695652,0.4565217391304347,0.8695652173913043,0.2608695652173913,0.3804347826086956,0.5,1,11-9081.00,Lodging Managers
11-9111,0.0,0.4285714285714285,0.8571428571428571,0.1142857142857142,0.3714285714285714,0.6285714285714286,1,11-9111.00,Medical and Health Services Managers
11-9121,0.11155206467318907,0.5306967984934087,0.9498415323136283,0.24444903771071602,0.4865325432915346,0.7286160488723531,3,11-9121.00;11-9121.01;11-9121.02,Natural Sciences Managers; Clinical Research Coordinators; Water Resource Specialists
11-9131,0.1428571428571428,0.5238095238095237,0.9047619047619048,0.238095238095238,0.4523809523809523,0.6666666666666666,1,11-9131.00,Postmasters and Mail Superintendents
11-9141,0.0,0.4431818181818182,0.8863636363636364,0.2045454545454545,0.4318181818181818,0.6590909090909091,1,11-9141.00,"Property, Real Estate, and Community Association Managers"
11-9151,0.0714285714285714,0.3928571428571428,0.7142857142857142,0.25,0.4464285714285714,0.6428571428571428,1,11-9151.00,Social and Community Service Managers
11-9161,0.0,0.4222222222222222,0.8444444444444444,0.4,0.6,0.8,1,11-9161.00,Emergency Management Directors
11-9171,0.1428571428571428,0.4285714285714285,0.7142857142857142,0.2857142857142857,0.5357142857142857,0.7857142857142857,1,11-9171.00,Funeral Home Managers
11-9179,0.1625258799171842,0.45212215320910965,0.7417184265010353,0.1149068322981366,0.32531055900621114,0.5357142857142857,2,11-9179.01;11-9179.02,Fitness and Wellness Coordinators; Spa Managers
11-9199,0.07127778059052736,0.4912673640410586,0.9112569474915899,0.2181640386209276,0.46549102404713416,0.7128180094733407,6,11-9199.01;11-9199.02;11-9199.08;11-9199.09;11-9199.10;11-9199.11,Regulatory Affairs Managers; Compliance Managers; Loss Prevention Managers; Wind Energy Operations Managers; Wind Energy Development Managers; Brownfield Redevelopment Specialists and Site Managers
13-1011,0.1739130434782608,0.5434782608695652,0.9130434782608696,0.3043478260869565,0.3695652173913043,0.4347826086956521,1,13-1011.00,"Agents and Business Managers of Artists, Performers, and Athletes"
13-1021,0.0555555555555555,0.5277777777777778,1.0,0.0555555555555555,0.25,0.4444444444444444,1,13-1021.00,"Buyers and Purchasing Agents, Farm Products"
13-1022,0.0333333333333333,0.4666666666666667,0.9,0.1,0.4,0.7,1,13-1022.00,"Wholesale and Retail Buyers, Except Farm Products"
13-1023,0.0526315789473684,0.4736842105263157,0.894736842105263,0.1578947368421052,0.3684210526315789,0.5789473684210527,1,13-1023.00,"Purchasing Agents, Except Wholesale, Retail, and Farm Products"
13-1031,0.08,0.52,0.96,0.18,0.49,0.8,1,13-1031.00,"Claims Adjusters, Examiners, and Investigators"
13-1032,0.0,0.5,1.0,0.1428571428571428,0.5,0.8571428571428571,1,13-1032.00,"Insurance Appraisers, Auto Damage"
13-1041,0.2342960489763113,0.5263042749310427,0.8183125008857741,0.3373490296220364,0.5265367802901109,0.7157245309581854,7,13-1041.00;13-1041.01;13-1041.03;13-1041.04;13-1041.06;13-1041.07;13-1041.08,Compliance Officers; Environmental Compliance Inspectors; Equal Opportunity Representatives and Officers; Government Property Inspectors and Investigators; Coroners; Regulatory Affairs Specialists; Customs Brokers
13-1051,0.0,0.5,1.0,0.1538461538461538,0.4807692307692308,0.8076923076923077,1,13-1051.00,Cost Estimators
13-1071,0.3333333333333333,0.6444444444444445,0.9555555555555556,0.3777777777777777,0.5888888888888889,0.8,1,13-1071.00,Human Resources Specialists
13-1074,0.0,0.1428571428571428,0.2857142857142857,0.0,0.0,0.0,1,13-1074.00,Farm Labor Contractors
13-1075,0.1698113207547169,0.5471698113207547,0.9245283018867924,0.1132075471698113,0.4433962264150943,0.7735849056603773,1,13-1075.00,Labor Relations Specialists
13-1081,0.08602409396848325,0.5278605318327264,0.9696969696969697,0.35057626914627904,0.5965664590292197,0.8425566489121602,3,13-1081.00;13-1081.01;13-1081.02,Logisticians; Logistics Engineers; Logistics Analysts
13-1082,0.1,0.55,1.0,0.05,0.4,0.75,1,13-1082.00,Project Management Specialists
13-1111,0.0952380952380952,0.4047619047619047,0.7142857142857142,0.1904761904761904,0.5,0.8095238095238095,1,13-1111.00,Management Analysts
13-1121,0.1081081081081081,0.4864864864864865,0.8648648648648649,0.081081081081081,0.3648648648648649,0.6486486486486487,1,13-1121.00,"Meeting, Convention, and Event Planners"
13-1131,0.1538461538461538,0.5192307692307693,0.8846153846153847,0.25,0.4903846153846154,0.7307692307692308,1,13-1131.00,Fundraisers
13-1141,0.0789473684210526,0.4736842105263157,0.8684210526315789,0.3157894736842105,0.4736842105263157,0.631578947368421,1,13-1141.00,"Compensation, Benefits, and Job Analysis Specialists"
13-1151,0.1052631578947368,0.5526315789473684,1.0,0.4210526315789473,0.5921052631578947,0.763157894736842,1,13-1151.00,Training and Development Specialists
13-1161,0.04918032786885245,0.5245901639344263,1.0,0.12358133669609075,0.5425598991172762,0.9615384615384617,2,13-1161.00;13-1161.01,Market Research Analysts and Marketing Specialists; Search Marketing Strategists
13-1199,0.22415229667396264,0.5828407660281357,0.9415292353823088,0.2661182474964608,0.5379899336046262,0.8098616197127917,4,13-1199.04;13-1199.05;13-1199.06;13-1199.07,Business Continuity Planners; Sustainability Specialists; Online Merchants; Security Management Specialists
13-2011,0.12,0.56,1.0,0.2,0.52,0.84,1,13-2011.00,Accountants and Auditors
13-2022,0.1428571428571428,0.5714285714285714,1.0,0.3571428571428571,0.5714285714285714,0.7857142857142857,1,13-2022.00,Appraisers of Personal and Business Property
13-2023,0.0178571428571428,0.4910714285714285,0.9642857142857142,0.1964285714285714,0.4642857142857142,0.7321428571428571,1,13-2023.00,Appraisers and Assessors of Real Estate
13-2031,0.08,0.52,0.96,0.32,0.64,0.96,1,13-2031.00,Budget Analysts
13-2041,0.1111111111111111,0.5555555555555556,1.0,0.2222222222222222,0.5555555555555556,0.8888888888888888,1,13-2041.00,Credit Analysts
13-2051,0.0,0.4615384615384615,0.9230769230769232,0.1538461538461538,0.5,0.8461538461538463,1,13-2051.00,Financial and Investment Analysts
13-2052,0.0526315789473684,0.5,0.9473684210526316,0.3947368421052631,0.6710526315789473,0.9473684210526316,1,13-2052.00,Personal Financial Advisors
13-2053,0.1428571428571428,0.5714285714285714,1.0,0.1428571428571428,0.5,0.8571428571428571,1,13-2053.00,Insurance Underwriters
13-2054,0.0666666666666666,0.5333333333333333,1.0,0.2333333333333333,0.5833333333333334,0.9333333333333332,1,13-2054.00,Financial Risk Specialists
13-2061,0.0606060606060606,0.5,0.9393939393939394,0.303030303030303,0.5757575757575758,0.8484848484848485,1,13-2061.00,Financial Examiners
13-2071,0.2727272727272727,0.625,0.9772727272727272,0.4545454545454546,0.6931818181818182,0.931818181818182,1,13-2071.00,Credit Counselors
13-2072,0.2045454545454545,0.5909090909090909,0.9772727272727272,0.3409090909090909,0.6477272727272727,0.9545454545454546,1,13-2072.00,Loan Officers
13-2081,0.1935483870967742,0.5806451612903225,0.967741935483871,0.4516129032258064,0.6774193548387096,0.9032258064516128,1,13-2081.00,"Tax Examiners and Collectors, and Revenue Agents"
13-2082,0.25,0.625,1.0,0.25,0.625,1.0,1,13-2082.00,Tax Preparers
13-2099,0.23464373464373464,0.5832309582309583,0.9318181818181819,0.25307125307125306,0.5924447174447174,0.9318181818181819,2,13-2099.01;13-2099.04,"Financial Quantitative Analysts; Fraud Examiners, Investigators and Analysts"
15-1211,0.29411764705882354,0.6174242424242424,0.9407308377896613,0.2406417112299465,0.553475935828877,0.8663101604278075,2,15-1211.00;15-1211.01,Computer Systems Analysts; Health Informatics Specialists
15-1212,0.3478260869565217,0.6521739130434783,0.9565217391304348,0.0869565217391304,0.5434782608695652,1.0,1,15-1212.00,Information Security Analysts
15-1221,0.3846153846153846,0.6346153846153847,0.8846153846153847,0.2307692307692307,0.5,0.7692307692307693,1,15-1221.00,Computer and Information Research Scientists
15-1231,0.4615384615384615,0.6346153846153847,0.8076923076923077,0.2307692307692307,0.5384615384615385,0.8461538461538463,1,15-1231.00,Computer Network Support Specialists
15-1232,0.4444444444444444,0.611111111111111,0.7777777777777777,0.4814814814814814,0.6666666666666666,0.8518518518518519,1,15-1232.00,Computer User Support Specialists
15-1241,0.3548869680851064,0.6352227393617021,0.9155585106382979,0.2292220744680851,0.5433011968085106,0.8573803191489362,2,15-1241.00;15-1241.01,Computer Network Architects; Telecommunications Engineering Specialists
15-1242,0.8709677419354839,0.935483870967742,1.0,0.2903225806451612,0.5967741935483871,0.9032258064516128,1,15-1242.00,Database Administrators
15-1243,0.8224932249322493,0.9112466124661247,1.0,0.3163956639566395,0.6460027100271002,0.975609756097561,2,15-1243.00;15-1243.01,Database Architects; Data Warehousing Specialists
15-1244,0.5405405405405406,0.7297297297297298,0.918918918918919,0.1621621621621621,0.5135135135135136,0.8648648648648649,1,15-1244.00,Network and Computer Systems Administrators
15-1251,0.9,0.95,1.0,0.4333333333333333,0.6833333333333333,0.9333333333333332,1,15-1251.00,Computer Programmers
15-1252,0.7894736842105263,0.8684210526315789,0.9473684210526316,0.0526315789473684,0.4473684210526315,0.8421052631578947,1,15-1252.00,Software Developers
15-1253,0.8070175438596491,0.8771929824561403,0.9473684210526316,0.3157894736842105,0.6140350877192982,0.912280701754386,1,15-1253.00,Software Quality Assurance Analysts and Testers
15-1254,0.8653846153846154,0.9326923076923076,1.0,0.3076923076923077,0.6346153846153847,0.9615384615384616,1,15-1254.00,Web Developers
15-1255,0.5,0.75,1.0,0.2666666666666666,0.6333333333333333,1.0,2,15-1255.00;15-1255.01,Web and Digital Interface Designers; Video Game Designers
15-1299,0.4766228777169385,0.7357861863332168,0.994949494949495,0.277384400302843,0.5969636725035986,0.9165429447043542,9,15-1299.01;15-1299.02;15-1299.03;15-1299.04;15-1299.05;15-1299.06;15-1299.07;15-1299.08;15-1299.09,Web Administrators; Geographic Information Systems Technologists and Technicians; Document Management Specialists; Penetration Testers; Information Security Engineers; Digital Forensics Analysts; Blockchain Engineers; Computer Systems Engineers/Architects; Information Technology Project Managers
15-2011,0.0,0.5,1.0,0.2222222222222222,0.537037037037037,0.8518518518518519,1,15-2011.00,Actuaries
15-2021,1.0,1.0,1.0,0.3809523809523809,0.6904761904761905,1.0,1,15-2021.00,Mathematicians
15-2031,0.2580645161290322,0.6290322580645161,1.0,0.2580645161290322,0.6290322580645161,1.0,1,15-2031.00,Operations Research Analysts
15-2041,0.44947368421052636,0.7247368421052631,1.0,0.5368421052631578,0.7252631578947368,0.9136842105263159,2,15-2041.00;15-2041.01,Statisticians; Biostatisticians
15-2051,0.38964646464646463,0.6948232323232323,1.0,0.28737373737373734,0.5815025252525253,0.8756313131313131,3,15-2051.00;15-2051.01;15-2051.02,Data Scientists; Business Intelligence Analysts; Clinical Data Managers
15-2099,0.7666666666666666,0.8666666666666667,0.9666666666666668,0.3333333333333333,0.65,0.9666666666666668,1,15-2099.01,Bioinformatics Technicians
17-1011,0.0697674418604651,0.4883720930232558,0.9069767441860463,0.1627906976744186,0.4302325581395348,0.6976744186046512,1,17-1011.00,"Architects, Except Landscape and Naval"
17-1012,0.0,0.4210526315789473,0.8421052631578947,0.0526315789473684,0.3684210526315789,0.6842105263157894,1,17-1012.00,Landscape Architects
17-1021,0.04,0.52,1.0,0.08,0.46,0.84,1,17-1021.00,Cartographers and Photogrammetrists
17-1022,0.14930555555555555,0.5100694444444445,0.8708333333333333,0.16041666666666665,0.4197916666666667,0.6791666666666667,2,17-1022.00;17-1022.01,Surveyors; Geodetic Surveyors
17-2011,0.2142857142857142,0.5714285714285714,0.9285714285714284,0.1428571428571428,0.5178571428571428,0.8928571428571428,1,17-2011.00,Aerospace Engineers
17-2021,0.074074074074074,0.4259259259259259,0.7777777777777777,0.0,0.3333333333333333,0.6666666666666666,1,17-2021.00,Agricultural Engineers
17-2031,0.2307692307692307,0.5897435897435898,0.9487179487179488,0.2564102564102564,0.5384615384615384,0.8205128205128205,1,17-2031.00,Bioengineers and Biomedical Engineers
17-2041,0.0769230769230769,0.4615384615384615,0.8461538461538463,0.0769230769230769,0.3461538461538461,0.6153846153846154,1,17-2041.00,Chemical Engineers
17-2051,0.0556277056277056,0.48214285714285715,0.9086580086580086,0.17186147186147183,0.45454545454545453,0.7372294372294372,3,17-2051.00;17-2051.01;17-2051.02,Civil Engineers; Transportation Engineers; Water/Wastewater Engineers
17-2061,0.5454545454545454,0.7272727272727273,0.9090909090909092,0.1818181818181818,0.3181818181818182,0.4545454545454546,1,17-2061.00,Computer Hardware Engineers
17-2071,0.28125,0.5625,0.84375,0.15625,0.40625,0.65625,1,17-2071.00,Electrical Engineers
17-2072,0.361344537815126,0.6200980392156863,0.8788515406162465,0.22408963585434172,0.447829131652661,0.6715686274509804,2,17-2072.00;17-2072.01,"Electronics Engineers, Except Computer; Radio Frequency Identification Device Specialists"
17-2081,0.1296296296296296,0.5555555555555556,0.9814814814814814,0.2407407407407407,0.5,0.7592592592592592,1,17-2081.00,Environmental Engineers
17-2111,0.09846153846153845,0.5042307692307693,0.91,0.4692307692307693,0.5676923076923077,0.6661538461538461,2,17-2111.00;17-2111.02,"Health and Safety Engineers, Except Mining Safety Engineers and Inspectors; Fire-Prevention and Protection Engineers"
17-2112,0.1837961926091825,0.554355036527489,0.9249138804457954,0.2942057270836666,0.520044259585133,0.7458827920865995,4,17-2112.00;17-2112.01;17-2112.02;17-2112.03,Industrial Engineers; Human Factors Engineers and Ergonomists; Validation Engineers; Manufacturing Engineers
17-2121,0.1052631578947368,0.4210526315789473,0.7368421052631579,0.2631578947368421,0.4035087719298245,0.5438596491228069,1,17-2121.00,Marine Engineers and Naval Architects
17-2131,0.1463414634146341,0.4878048780487805,0.8292682926829269,0.1463414634146341,0.3170731707317073,0.4878048780487805,1,17-2131.00,Materials Engineers
17-2141,0.20618331053351568,0.5312935096519228,0.8564037087703298,0.30672138622891015,0.5007630338957288,0.6948046815625476,3,17-2141.00;17-2141.01;17-2141.02,Mechanical Engineers; Fuel Cell Engineers; Automotive Engineers
17-2151,0.1111111111111111,0.4814814814814814,0.8518518518518519,0.4074074074074074,0.5,0.5925925925925926,1,17-2151.00,"Mining and Geological Engineers, Including Mining Safety Engineers"
17-2161,0.25,0.55,0.8500000000000001,0.25,0.475,0.7000000000000001,1,17-2161.00,Nuclear Engineers
17-2171,0.1666666666666666,0.5277777777777778,0.8888888888888888,0.0833333333333333,0.4305555555555555,0.7777777777777777,1,17-2171.00,Petroleum Engineers
17-2199,0.19745275905096185,0.5226496200276688,0.8478464810043758,0.20622605785314385,0.4461732967325073,0.6861205356118707,8,17-2199.03;17-2199.05;17-2199.06;17-2199.07;17-2199.08;17-2199.09;17-2199.10;17-2199.11,"Energy Engineers, Except Wind and Solar; Mechatronics Engineers; Microsystems Engineers; Photonics Engineers; Robotics Engineers; Nanosystems Engineers; Wind Energy Engineers; Solar Energy Systems Engineers"
17-3011,0.12,0.54,0.96,0.18,0.52,0.86,1,17-3011.00,Architectural and Civil Drafters
17-3012,0.1914893617021276,0.5744680851063829,0.9574468085106382,0.2553191489361702,0.4893617021276595,0.7234042553191489,1,17-3012.00,Electrical and Electronics Drafters
17-3013,0.0689655172413793,0.5,0.9310344827586208,0.0689655172413793,0.4655172413793103,0.8620689655172413,1,17-3013.00,Mechanical Drafters
17-3021,0.1,0.325,0.55,0.0,0.225,0.45,1,17-3021.00,Aerospace Engineering and Operations Technologists and Technicians
17-3022,0.1818181818181818,0.5909090909090909,1.0,0.2727272727272727,0.4772727272727273,0.6818181818181819,1,17-3022.00,Civil Engineering Technologists and Technicians
17-3023,0.1886792452830188,0.4056603773584905,0.6226415094339622,0.0943396226415094,0.330188679245283,0.5660377358490566,1,17-3023.00,Electrical and Electronic Engineering Technologists and Technicians
17-3024,0.2564184852374839,0.3873555840821566,0.5182926829268293,0.04878048780487805,0.22111681643132214,0.3934531450577663,2,17-3024.00;17-3024.01,Electro-Mechanical and Mechatronics Technologists and Technicians; Robotics Technicians
17-3025,0.1052631578947368,0.4078947368421052,0.7105263157894737,0.2368421052631578,0.4342105263157894,0.631578947368421,1,17-3025.00,Environmental Engineering Technologists and Technicians
17-3026,0.1725768321513002,0.41903073286052006,0.66548463356974,0.1684397163120567,0.3683510638297872,0.5682624113475176,2,17-3026.00;17-3026.01,Industrial Engineering Technologists and Technicians; Nanotechnology Engineering Technologists and Technicians
17-3027,0.1094104308390022,0.37868480725623577,0.6479591836734693,0.1678004535147392,0.3151927437641723,0.4625850340136054,2,17-3027.00;17-3027.01,Mechanical Engineering Technologists and Technicians; Automotive Engineering Technicians
17-3028,0.2,0.4,0.6,0.0666666666666666,0.2666666666666666,0.4666666666666667,1,17-3028.00,Calibration Technologists and Technicians
17-3029,0.05555555555555555,0.26877394636015317,0.4819923371647509,0.0444444444444444,0.2601532567049808,0.47586206896551725,2,17-3029.01;17-3029.08,Non-Destructive Testing Specialists; Photonics Technicians
17-3031,0.0851063829787234,0.5,0.9148936170212766,0.1063829787234042,0.5106382978723404,0.9148936170212766,1,17-3031.00,Surveying and Mapping Technicians
19-1011,0.125,0.53125,0.9375,0.75,0.84375,0.9375,1,19-1011.00,Animal Scientists
19-1012,0.0,0.3461538461538461,0.6923076923076923,0.2307692307692307,0.5,0.7692307692307693,1,19-1012.00,Food Scientists and Technologists
19-1013,0.0,0.4891304347826087,0.9782608695652174,0.4347826086956521,0.6304347826086957,0.8260869565217391,1,19-1013.00,Soil and Plant Scientists
19-1021,0.1363636363636363,0.4545454545454546,0.7727272727272727,0.2045454545454545,0.4431818181818182,0.6818181818181819,1,19-1021.00,Biochemists and Biophysicists
19-1022,0.0833333333333333,0.3958333333333333,0.7083333333333333,0.0833333333333333,0.3125,0.5416666666666666,1,19-1022.00,Microbiologists
19-1023,0.0952380952380952,0.4523809523809523,0.8095238095238095,0.2857142857142857,0.5238095238095237,0.7619047619047619,1,19-1023.00,Zoologists and Wildlife Biologists
19-1029,0.2525397025205173,0.5492120286984489,0.8458843548763805,0.2140532565318191,0.4608940157303575,0.7077347749288959,4,19-1029.01;19-1029.02;19-1029.03;19-1029.04,Bioinformatics Scientists; Molecular and Cellular Biologists; Geneticists; Biologists
19-1031,0.0606060606060606,0.43944088230583583,0.818275704005611,0.20606833783433018,0.4796405829757388,0.7532128281171474,3,19-1031.00;19-1031.02;19-1031.03,Conservation Scientists; Range Managers; Park Naturalists
19-1032,0.0,0.3676470588235294,0.7352941176470588,0.1764705882352941,0.3676470588235294,0.5588235294117647,1,19-1032.00,Foresters
19-1041,0.0,0.4423076923076923,0.8846153846153847,0.3461538461538461,0.5576923076923077,0.7692307692307693,1,19-1041.00,Epidemiologists
19-1042,0.1818181818181818,0.5227272727272727,0.8636363636363636,0.3636363636363636,0.5681818181818182,0.7727272727272727,1,19-1042.00,"Medical Scientists, Except Epidemiologists"
19-2011,0.0625,0.4375,0.8125,0.25,0.421875,0.59375,1,19-2011.00,Astronomers
19-2012,0.5454545454545454,0.75,0.9545454545454546,0.5,0.6363636363636364,0.7727272727272727,1,19-2012.00,Physicists
19-2021,0.1739130434782608,0.5652173913043478,0.9565217391304348,0.3478260869565217,0.6086956521739131,0.8695652173913043,1,19-2021.00,Atmospheric and Space Scientists
19-2031,0.08,0.38,0.68,0.28,0.4,0.52,1,19-2031.00,Chemists
19-2032,0.1379310344827586,0.4827586206896551,0.8275862068965517,0.4482758620689655,0.5172413793103449,0.5862068965517241,1,19-2032.00,Materials Scientists
19-2041,0.062366671773898874,0.5217162952137376,0.9810659186535764,0.46475199476705126,0.7103039146935072,0.9558558346199629,4,19-2041.00;19-2041.01;19-2041.02;19-2041.03,"Environmental Scientists and Specialists, Including Health; Climate Change Policy Analysts; Environmental Restoration Planners; Industrial Ecologists"
19-2042,0.1111111111111111,0.4666666666666667,0.8222222222222223,0.2888888888888889,0.4777777777777778,0.6666666666666667,1,19-2042.00,"Geoscientists, Except Hydrologists and Geographers"
19-2043,0.125,0.5,0.875,0.2916666666666666,0.53125,0.7708333333333333,1,19-2043.00,Hydrologists
19-2099,0.0,0.4565217391304347,0.9130434782608696,0.1521739130434782,0.4456521739130434,0.7391304347826086,1,19-2099.01,Remote Sensing Scientists and Technologists
19-3011,0.1052631578947368,0.5526315789473684,1.0,0.4429824561403508,0.6173245614035088,0.7916666666666666,2,19-3011.00;19-3011.01,Economists; Environmental Economists
19-3022,0.25,0.625,1.0,0.75,0.84375,0.9375,1,19-3022.00,Survey Researchers
19-3032,0.0888888888888888,0.4888888888888889,0.888888888888889,0.3555555555555555,0.5888888888888889,0.8222222222222223,1,19-3032.00,Industrial-Organizational Psychologists
19-3033,0.0925925925925925,0.3703703703703703,0.6481481481481481,0.3333333333333333,0.5092592592592592,0.6851851851851851,1,19-3033.00,Clinical and Counseling Psychologists
19-3034,0.0,0.3918918918918919,0.7837837837837838,0.3243243243243243,0.5810810810810811,0.8378378378378379,1,19-3034.00,School Psychologists
19-3039,0.06349206349206345,0.4543650793650793,0.8452380952380951,0.2182539682539682,0.28174603174603174,0.34523809523809523,2,19-3039.02;19-3039.03,Neuropsychologists; Clinical Neuropsychologists
19-3041,0.1538461538461538,0.5384615384615385,0.9230769230769232,0.3846153846153846,0.6153846153846154,0.8461538461538463,1,19-3041.00,Sociologists
19-3051,0.0,0.4772727272727273,0.9545454545454546,0.2727272727272727,0.5795454545454546,0.8863636363636364,1,19-3051.00,Urban and Regional Planners
19-3091,0.0517241379310344,0.4396551724137931,0.8275862068965517,0.293103448275862,0.5172413793103449,0.7413793103448276,1,19-3091.00,Anthropologists and Archeologists
19-3092,0.1666666666666666,0.4999999999999999,0.8333333333333333,0.0833333333333333,0.375,0.6666666666666666,1,19-3092.00,Geographers
19-3093,0.1052631578947368,0.4736842105263157,0.8421052631578947,0.3157894736842105,0.5,0.6842105263157894,1,19-3093.00,Historians
19-3094,0.0416666666666666,0.4791666666666666,0.9166666666666666,0.25,0.5416666666666666,0.8333333333333333,1,19-3094.00,Political Scientists
19-3099,0.0930232558139534,0.5232558139534884,0.9534883720930232,0.3720930232558139,0.6627906976744186,0.9534883720930232,1,19-3099.01,Transportation Planners
19-4012,0.14267676767676765,0.4097222222222222,0.6767676767676768,0.1691919191919192,0.3333333333333333,0.49747474747474746,2,19-4012.00;19-4012.01,Agricultural Technicians; Precision Agriculture Technicians
19-4013,0.2857142857142857,0.3571428571428571,0.4285714285714285,0.1071428571428571,0.2857142857142857,0.4642857142857142,1,19-4013.00,Food Science Technicians
19-4021,0.2,0.4166666666666666,0.6333333333333333,0.0666666666666666,0.2666666666666666,0.4666666666666667,1,19-4021.00,Biological Technicians
19-4031,0.1428571428571428,0.3928571428571428,0.6428571428571428,0.2857142857142857,0.3928571428571428,0.5,1,19-4031.00,Chemical Technicians
19-4042,0.2444444444444444,0.4555555555555556,0.6666666666666667,0.2444444444444444,0.4222222222222222,0.6,1,19-4042.00,"Environmental Science and Protection Technicians, Including Health"
19-4043,0.048780487804878,0.3902439024390244,0.7317073170731707,0.073170731707317,0.3048780487804878,0.5365853658536586,1,19-4043.00,"Geological Technicians, Except Hydrologic Technicians"
19-4044,0.1875,0.5,0.8125,0.25,0.53125,0.8125,1,19-4044.00,Hydrologic Technicians
19-4051,0.11147186147186144,0.18506493506493504,0.2586580086580086,0.11147186147186144,0.28409090909090906,0.4567099567099566,2,19-4051.00;19-4051.02,Nuclear Technicians; Nuclear Monitoring Technicians
19-4061,0.4242424242424242,0.6666666666666667,0.9090909090909092,0.3939393939393939,0.6212121212121212,0.8484848484848485,1,19-4061.00,Social Science Research Assistants
19-4071,0.0769230769230769,0.3269230769230769,0.576923076923077,0.1153846153846153,0.3269230769230769,0.5384615384615385,1,19-4071.00,Forest and Conservation Technicians
19-4092,0.064516129032258,0.3870967741935484,0.7096774193548387,0.064516129032258,0.1935483870967742,0.3225806451612903,1,19-4092.00,Forensic Science Technicians
19-4099,0.1547700754975978,0.5348318462594372,0.9148936170212766,0.19217570350034313,0.473232669869595,0.7542896362388469,2,19-4099.01;19-4099.03,Quality Control Analysts; Remote Sensing Technicians
19-5011,0.0476190476190476,0.3333333333333333,0.6190476190476191,0.2857142857142857,0.3571428571428571,0.4285714285714285,1,19-5011.00,Occupational Health and Safety Specialists
19-5012,0.125,0.3958333333333333,0.6666666666666666,0.25,0.4166666666666666,0.5833333333333333,1,19-5012.00,Occupational Health and Safety Technicians
21-1011,0.0888888888888888,0.2,0.3111111111111111,0.1777777777777777,0.2888888888888889,0.4,1,21-1011.00,Substance Abuse and Behavioral Disorder Counselors
21-1012,0.0526315789473684,0.2894736842105263,0.5263157894736842,0.2456140350877192,0.3245614035087719,0.4035087719298245,1,21-1012.00,"Educational, Guidance, and Career Counselors and Advisors"
21-1013,0.074074074074074,0.1111111111111111,0.1481481481481481,0.1851851851851851,0.2777777777777778,0.3703703703703703,1,21-1013.00,Marriage and Family Therapists
21-1014,0.0784313725490196,0.2549019607843137,0.4313725490196078,0.1176470588235294,0.2647058823529412,0.4117647058823529,1,21-1014.00,Mental Health Counselors
21-1015,0.064516129032258,0.3548387096774194,0.6451612903225806,0.2580645161290322,0.4677419354838709,0.6774193548387096,1,21-1015.00,Rehabilitation Counselors
21-1021,0.0571428571428571,0.2428571428571428,0.4285714285714285,0.1714285714285714,0.3,0.4285714285714285,1,21-1021.00,"Child, Family, and School Social Workers"
21-1022,0.03125,0.34375,0.65625,0.1875,0.421875,0.65625,1,21-1022.00,Healthcare Social Workers
21-1023,0.0,0.2708333333333333,0.5416666666666666,0.1666666666666666,0.3541666666666666,0.5416666666666666,1,21-1023.00,Mental Health and Substance Abuse Social Workers
21-1091,0.2580645161290322,0.532258064516129,0.8064516129032258,0.2580645161290322,0.5,0.7419354838709677,1,21-1091.00,Health Education Specialists
21-1092,0.1578947368421052,0.3947368421052631,0.631578947368421,0.2894736842105263,0.4473684210526315,0.6052631578947368,1,21-1092.00,Probation Officers and Correctional Treatment Specialists
21-1093,0.2142857142857142,0.3928571428571428,0.5714285714285714,0.2857142857142857,0.375,0.4642857142857142,1,21-1093.00,Social and Human Service Assistants
21-1094,0.0833333333333333,0.3194444444444444,0.5555555555555556,0.2777777777777778,0.3472222222222222,0.4166666666666666,1,21-1094.00,Community Health Workers
21-2011,0.1904761904761904,0.3333333333333333,0.4761904761904761,0.1904761904761904,0.238095238095238,0.2857142857142857,1,21-2011.00,Clergy
21-2021,0.1515151515151515,0.4393939393939394,0.7272727272727273,0.303030303030303,0.4545454545454546,0.6060606060606061,1,21-2021.00,"Directors, Religious Activities and Education"
23-1011,0.0,0.425,0.8500000000000001,0.15,0.475,0.8,1,23-1011.00,Lawyers
23-1012,0.1379310344827586,0.5172413793103449,0.896551724137931,0.0,0.4482758620689655,0.896551724137931,1,23-1012.00,Judicial Law Clerks
23-1021,0.1538461538461538,0.5,0.8461538461538463,0.0769230769230769,0.3461538461538461,0.6153846153846154,1,23-1021.00,"Administrative Law Judges, Adjudicators, and Hearing Officers"
23-1022,0.0967741935483871,0.5,0.9032258064516128,0.0967741935483871,0.3709677419354839,0.6451612903225806,1,23-1022.00,"Arbitrators, Mediators, and Conciliators"
23-1023,0.0,0.4166666666666666,0.8333333333333333,0.0555555555555555,0.25,0.4444444444444444,1,23-1023.00,"Judges, Magistrate Judges, and Magistrates"
23-2011,0.2,0.525,0.8500000000000001,0.05,0.45,0.8500000000000001,1,23-2011.00,Paralegals and Legal Assistants
23-2093,0.2142857142857142,0.5714285714285714,0.9285714285714284,0.25,0.5535714285714285,0.8571428571428571,1,23-2093.00,"Title Examiners, Abstractors, and Searchers"
25-1011,0.1818181818181818,0.4886363636363636,0.7954545454545455,0.1818181818181818,0.4204545454545454,0.6590909090909091,1,25-1011.00,"Business Teachers, Postsecondary"
25-1021,0.1666666666666666,0.5119047619047619,0.8571428571428571,0.1428571428571428,0.369047619047619,0.5952380952380952,1,25-1021.00,"Computer Science Teachers, Postsecondary"
25-1022,0.2972972972972973,0.5405405405405406,0.7837837837837838,0.1891891891891892,0.4324324324324324,0.6756756756756757,1,25-1022.00,"Mathematical Science Teachers, Postsecondary"
25-1031,0.1951219512195122,0.4878048780487805,0.7804878048780488,0.2195121951219512,0.426829268292683,0.6341463414634146,1,25-1031.00,"Architecture Teachers, Postsecondary"
25-1032,0.1428571428571428,0.5,0.8571428571428571,0.2142857142857142,0.4166666666666666,0.6190476190476191,1,25-1032.00,"Engineering Teachers, Postsecondary"
25-1041,0.2222222222222222,0.5,0.7777777777777778,0.4444444444444445,0.5888888888888889,0.7333333333333334,1,25-1041.00,"Agricultural Sciences Teachers, Postsecondary"
25-1042,0.1428571428571428,0.4693877551020408,0.7959183673469387,0.2040816326530612,0.3979591836734693,0.5918367346938775,1,25-1042.00,"Biological Science Teachers, Postsecondary"
25-1043,0.1956521739130434,0.4782608695652174,0.7608695652173912,0.217391304347826,0.4239130434782608,0.6304347826086957,1,25-1043.00,"Forestry and Conservation Science Teachers, Postsecondary"
25-1051,0.175,0.475,0.775,0.15,0.4,0.65,1,25-1051.00,"Atmospheric, Earth, Marine, and Space Sciences Teachers, Postsecondary"
25-1052,0.1764705882352941,0.4313725490196078,0.6862745098039216,0.2352941176470588,0.4019607843137255,0.5686274509803921,1,25-1052.00,"Chemistry Teachers, Postsecondary"
25-1053,0.2608695652173913,0.5217391304347826,0.7826086956521738,0.1956521739130434,0.4239130434782608,0.6521739130434783,1,25-1053.00,"Environmental Science Teachers, Postsecondary"
25-1054,0.1162790697674418,0.4186046511627906,0.7209302325581395,0.1627906976744186,0.3720930232558139,0.5813953488372093,1,25-1054.00,"Physics Teachers, Postsecondary"
25-1061,0.2857142857142857,0.520408163265306,0.7551020408163265,0.183673469387755,0.4081632653061224,0.6326530612244897,1,25-1061.00,"Anthropology and Archeology Teachers, Postsecondary"
25-1062,0.2222222222222222,0.5,0.7777777777777778,0.2444444444444444,0.4444444444444445,0.6444444444444445,1,25-1062.00,"Area, Ethnic, and Cultural Studies Teachers, Postsecondary"
25-1063,0.1463414634146341,0.475609756097561,0.8048780487804879,0.2195121951219512,0.4390243902439024,0.6585365853658537,1,25-1063.00,"Economics Teachers, Postsecondary"
25-1064,0.1818181818181818,0.4772727272727273,0.7727272727272727,0.25,0.4659090909090909,0.6818181818181819,1,25-1064.00,"Geography Teachers, Postsecondary"
25-1065,0.1707317073170731,0.475609756097561,0.7804878048780488,0.1951219512195122,0.4146341463414634,0.6341463414634146,1,25-1065.00,"Political Science Teachers, Postsecondary"
25-1066,0.16,0.48,0.8,0.16,0.39,0.62,1,25-1066.00,"Psychology Teachers, Postsecondary"
25-1067,0.1363636363636363,0.4318181818181818,0.7272727272727273,0.2045454545454545,0.3977272727272727,0.5909090909090909,1,25-1067.00,"Sociology Teachers, Postsecondary"
25-1071,0.125,0.475,0.8250000000000001,0.175,0.3875,0.6000000000000001,1,25-1071.00,"Health Specialties Teachers, Postsecondary"
25-1072,0.1568627450980392,0.4019607843137255,0.6470588235294118,0.1372549019607843,0.3725490196078431,0.6078431372549019,1,25-1072.00,"Nursing Instructors and Teachers, Postsecondary"
25-1081,0.1666666666666666,0.4880952380952381,0.8095238095238095,0.1904761904761904,0.4404761904761904,0.6904761904761905,1,25-1081.00,"Education Teachers, Postsecondary"
25-1082,0.2127659574468085,0.5106382978723404,0.8085106382978723,0.2340425531914893,0.425531914893617,0.6170212765957447,1,25-1082.00,"Library Science Teachers, Postsecondary"
25-1111,0.225,0.5,0.775,0.2,0.4375,0.675,1,25-1111.00,"Criminal Justice and Law Enforcement Teachers, Postsecondary"
25-1112,0.125,0.45,0.775,0.425,0.5875,0.75,1,25-1112.00,"Law Teachers, Postsecondary"
25-1113,0.1590909090909091,0.4204545454545454,0.6818181818181819,0.2954545454545454,0.5113636363636364,0.7272727272727273,1,25-1113.00,"Social Work Teachers, Postsecondary"
25-1121,0.125,0.4375,0.75,0.375,0.59375,0.8125,1,25-1121.00,"Art, Drama, and Music Teachers, Postsecondary"
25-1122,0.125,0.425,0.7250000000000001,0.325,0.5750000000000001,0.8250000000000001,1,25-1122.00,"Communications Teachers, Postsecondary"
25-1123,0.25,0.5267857142857143,0.8035714285714285,0.3571428571428571,0.5714285714285714,0.7857142857142857,1,25-1123.00,"English Language and Literature Teachers, Postsecondary"
25-1124,0.2666666666666666,0.5333333333333333,0.8,0.2888888888888889,0.5666666666666667,0.8444444444444444,1,25-1124.00,"Foreign Language and Literature Teachers, Postsecondary"
25-1125,0.2222222222222222,0.5111111111111112,0.8,0.3555555555555555,0.5888888888888889,0.8222222222222223,1,25-1125.00,"History Teachers, Postsecondary"
25-1126,0.25,0.5113636363636364,0.7727272727272727,0.3636363636363636,0.5909090909090909,0.8181818181818182,1,25-1126.00,"Philosophy and Religion Teachers, Postsecondary"
25-1192,0.2,0.5375,0.875,0.4,0.65,0.9,1,25-1192.00,"Family and Consumer Sciences Teachers, Postsecondary"
25-1193,0.2790697674418604,0.5581395348837209,0.8372093023255813,0.3720930232558139,0.6162790697674418,0.8604651162790697,1,25-1193.00,"Recreation and Fitness Studies Teachers, Postsecondary"
25-1194,0.1282051282051282,0.4871794871794871,0.8461538461538461,0.2051282051282051,0.4487179487179487,0.6923076923076923,1,25-1194.00,"Career/Technical Education Teachers, Postsecondary"
25-2011,0.0606060606060606,0.2272727272727273,0.3939393939393939,0.1515151515151515,0.3106060606060606,0.4696969696969697,1,25-2011.00,"Preschool Teachers, Except Special Education"
25-2012,0.0547945205479452,0.2328767123287671,0.410958904109589,0.136986301369863,0.2945205479452054,0.4520547945205479,1,25-2012.00,"Kindergarten Teachers, Except Special Education"
25-2021,0.054054054054054,0.3108108108108108,0.5675675675675675,0.1351351351351351,0.3108108108108108,0.4864864864864865,1,25-2021.00,"Elementary School Teachers, Except Special Education"
25-2022,0.072463768115942,0.3478260869565217,0.6231884057971014,0.2028985507246377,0.3405797101449275,0.4782608695652174,1,25-2022.00,"Middle School Teachers, Except Special and Career/Technical Education"
25-2023,0.1935483870967742,0.3225806451612903,0.4516129032258064,0.1612903225806451,0.3387096774193548,0.5161290322580645,1,25-2023.00,"Career/Technical Education Teachers, Middle School"
25-2031,0.0317460317460317,0.3333333333333333,0.6349206349206349,0.1587301587301587,0.3412698412698413,0.5238095238095237,1,25-2031.00,"Secondary School Teachers, Except Special and Career/Technical Education"
25-2032,0.1515151515151515,0.3333333333333333,0.5151515151515151,0.1212121212121212,0.3333333333333333,0.5454545454545454,1,25-2032.00,"Career/Technical Education Teachers, Secondary School"
25-2051,0.1142857142857142,0.1999999999999999,0.2857142857142857,0.1714285714285714,0.3071428571428571,0.4428571428571428,1,25-2051.00,"Special Education Teachers, Preschool"
25-2055,0.1,0.25,0.4,0.1666666666666666,0.35,0.5333333333333333,1,25-2055.00,"Special Education Teachers, Kindergarten"
25-2056,0.1,0.3166666666666666,0.5333333333333333,0.1666666666666666,0.35,0.5333333333333333,1,25-2056.00,"Special Education Teachers, Elementary School"
25-2057,0.0779220779220779,0.3051948051948052,0.5324675324675325,0.1298701298701298,0.3051948051948052,0.4805194805194805,1,25-2057.00,"Special Education Teachers, Middle School"
25-2058,0.1025641025641025,0.3012820512820512,0.5,0.1538461538461538,0.2948717948717949,0.4358974358974359,1,25-2058.00,"Special Education Teachers, Secondary School"
25-2059,0.3,0.475,0.65,0.2,0.25,0.3,1,25-2059.01,Adapted Physical Education Specialists
25-3011,0.1764705882352941,0.4044117647058823,0.6323529411764706,0.2205882352941176,0.4264705882352941,0.6323529411764706,1,25-3011.00,"Adult Basic Education, Adult Secondary Education, and English as a Second Language Instructors"
25-3021,0.16,0.36,0.56,0.2,0.38,0.56,1,25-3021.00,Self-Enrichment Teachers
25-3031,0.2777777777777778,0.3611111111111111,0.4444444444444444,0.0,0.0833333333333333,0.1666666666666666,1,25-3031.00,"Substitute Teachers, Short-Term"
25-3041,0.1714285714285714,0.5428571428571428,0.9142857142857144,0.1714285714285714,0.3714285714285714,0.5714285714285714,1,25-3041.00,Tutors
25-4011,0.0769230769230769,0.5,0.9230769230769232,0.2307692307692307,0.5,0.7692307692307693,1,25-4011.00,Archivists
25-4012,0.1481481481481481,0.5,0.8518518518518519,0.2592592592592592,0.5185185185185185,0.7777777777777777,1,25-4012.00,Curators
25-4013,0.0526315789473684,0.2368421052631578,0.4210526315789473,0.1052631578947368,0.2368421052631578,0.3684210526315789,1,25-4013.00,Museum Technicians and Conservators
25-4022,0.1578947368421052,0.5350877192982456,0.912280701754386,0.2631578947368421,0.5,0.7368421052631579,1,25-4022.00,Librarians and Media Collections Specialists
25-4031,0.3846153846153846,0.5673076923076923,0.75,0.2692307692307693,0.5288461538461539,0.7884615384615385,1,25-4031.00,Library Technicians
25-9021,0.074074074074074,0.3703703703703703,0.6666666666666666,0.3703703703703703,0.537037037037037,0.7037037037037037,1,25-9021.00,Farm and Home Management Educators
25-9031,0.175,0.4875,0.8,0.275,0.525,0.775,1,25-9031.00,Instructional Coordinators
25-9042,0.2666666666666666,0.3666666666666666,0.4666666666666667,0.1666666666666666,0.2833333333333333,0.4,1,25-9042.00,"Teaching Assistants, Preschool, Elementary, Middle, and Secondary School, Except Special Education"
25-9043,0.1666666666666666,0.2666666666666666,0.3666666666666666,0.1333333333333333,0.25,0.3666666666666666,1,25-9043.00,"Teaching Assistants, Special Education"
25-9044,0.3333333333333333,0.5303030303030303,0.7272727272727273,0.1818181818181818,0.3636363636363636,0.5454545454545454,1,25-9044.00,"Teaching Assistants, Postsecondary"
27-1011,0.0689655172413793,0.5,0.9310344827586208,0.0689655172413793,0.4310344827586206,0.7931034482758621,1,27-1011.00,Art Directors
27-1012,0.0,0.2586206896551724,0.5172413793103449,0.0689655172413793,0.2241379310344827,0.3793103448275862,1,27-1012.00,Craft Artists
27-1013,0.0,0.425,0.8500000000000001,0.05,0.3125,0.5750000000000001,1,27-1013.00,"Fine Artists, Including Painters, Sculptors, and Illustrators"
27-1014,0.05,0.525,1.0,0.05,0.475,0.9,1,27-1014.00,Special Effects Artists and Animators
27-1021,0.0,0.4655172413793103,0.9310344827586208,0.0689655172413793,0.4137931034482758,0.7586206896551724,1,27-1021.00,Commercial and Industrial Designers
27-1022,0.0,0.390625,0.78125,0.125,0.375,0.625,1,27-1022.00,Fashion Designers
27-1023,0.0666666666666666,0.1999999999999999,0.3333333333333333,0.1,0.2666666666666666,0.4333333333333333,1,27-1023.00,Floral Designers
27-1024,0.0,0.5,1.0,0.0,0.4107142857142857,0.8214285714285714,1,27-1024.00,Graphic Designers
27-1025,0.0,0.5,1.0,0.1379310344827586,0.3620689655172414,0.5862068965517241,1,27-1025.00,Interior Designers
27-1026,0.0,0.3048780487804878,0.6097560975609756,0.0975609756097561,0.2682926829268293,0.4390243902439024,1,27-1026.00,Merchandise Displayers and Window Trimmers
27-1027,0.0,0.3913043478260869,0.7826086956521738,0.1521739130434782,0.358695652173913,0.5652173913043478,1,27-1027.00,Set and Exhibit Designers
27-2011,0.15625,0.1875,0.21875,0.125,0.15625,0.1875,1,27-2011.00,Actors
27-2012,0.09383524277141297,0.4695853791598472,0.8453355155482816,0.2176759410801964,0.4369885433715221,0.6563011456628478,4,27-2012.00;27-2012.03;27-2012.04;27-2012.05,Producers and Directors; Media Programming Directors; Talent Directors; Media Technical Directors/Managers
27-2021,0.0,0.0,0.0,0.0,0.0,0.0,1,27-2021.00,Athletes and Sports Competitors
27-2022,0.0666666666666666,0.3,0.5333333333333333,0.0444444444444444,0.1444444444444444,0.2444444444444444,1,27-2022.00,Coaches and Scouts
27-2023,0.2499999999999999,0.3125,0.375,0.125,0.1666666666666666,0.2083333333333333,1,27-2023.00,"Umpires, Referees, and Other Sports Officials"
27-2031,0.0,0.0208333333333333,0.0416666666666666,0.0,0.0416666666666666,0.0833333333333333,1,27-2031.00,Dancers
27-2032,0.0571428571428571,0.2714285714285714,0.4857142857142857,0.1428571428571428,0.1714285714285714,0.2,1,27-2032.00,Choreographers
27-2041,0.5263157894736842,0.7105263157894737,0.894736842105263,0.175438596491228,0.2807017543859649,0.3859649122807017,1,27-2041.00,Music Directors and Composers
27-2042,0.2448979591836734,0.4081632653061224,0.5714285714285714,0.1020408163265306,0.1326530612244897,0.1632653061224489,1,27-2042.00,Musicians and Singers
27-2091,0.4210526315789473,0.5263157894736842,0.631578947368421,0.1578947368421052,0.3684210526315789,0.5789473684210527,1,27-2091.00,"Disc Jockeys, Except Radio"
27-3011,0.4,0.65,0.9,0.475,0.5375,0.6000000000000001,1,27-3011.00,Broadcast Announcers and Radio Disc Jockeys
27-3023,0.3,0.65,1.0,0.4333333333333333,0.6333333333333333,0.8333333333333334,1,27-3023.00,"News Analysts, Reporters, and Journalists"
27-3031,0.2424242424242424,0.5909090909090909,0.9393939393939394,0.6363636363636364,0.7878787878787878,0.9393939393939394,1,27-3031.00,Public Relations Specialists
27-3041,0.3529411764705882,0.6470588235294118,0.9411764705882352,0.5294117647058824,0.6470588235294118,0.7647058823529411,1,27-3041.00,Editors
27-3042,0.4666666666666667,0.7,0.9333333333333332,0.3333333333333333,0.6333333333333333,0.9333333333333332,1,27-3042.00,Technical Writers
27-3043,0.8098290598290598,0.8771367521367521,0.9444444444444444,0.641025641025641,0.7742165242165242,0.9074074074074074,2,27-3043.00;27-3043.05,"Writers and Authors; Poets, Lyricists and Creative Writers"
27-3091,0.88,0.88,0.88,0.8,0.84,0.88,1,27-3091.00,Interpreters and Translators
27-3092,0.9166666666666666,0.9583333333333331,1.0,0.125,0.5208333333333333,0.9166666666666666,1,27-3092.00,Court Reporters and Simultaneous Captioners
27-4011,0.125,0.4375,0.75,0.125,0.3,0.475,1,27-4011.00,Audio and Video Technicians
27-4012,0.2857142857142857,0.5238095238095237,0.7619047619047619,0.0952380952380952,0.2142857142857142,0.3333333333333333,1,27-4012.00,Broadcast Technicians
27-4014,0.074074074074074,0.4259259259259259,0.7777777777777777,0.0,0.2777777777777778,0.5555555555555556,1,27-4014.00,Sound Engineering Technicians
27-4015,0.0625,0.15625,0.25,0.0,0.09375,0.1875,1,27-4015.00,Lighting Technicians
27-4021,0.0416666666666666,0.3854166666666666,0.7291666666666666,0.0208333333333333,0.21875,0.4166666666666666,1,27-4021.00,Photographers
27-4031,0.0606060606060606,0.4242424242424242,0.7878787878787878,0.0303030303030303,0.1818181818181818,0.3333333333333333,1,27-4031.00,"Camera Operators, Television, Video, and Film"
27-4032,0.1111111111111111,0.5277777777777778,0.9444444444444444,0.1388888888888889,0.4722222222222222,0.8055555555555555,1,27-4032.00,Film and Video Editors
29-1011,0.1818181818181818,0.4545454545454546,0.7272727272727273,0.0909090909090909,0.3181818181818182,0.5454545454545454,1,29-1011.00,Chiropractors
29-1021,0.05,0.25,0.45,0.15,0.225,0.3,1,29-1021.00,"Dentists, General"
29-1022,0.0,0.04,0.08,0.0,0.08,0.16,1,29-1022.00,Oral and Maxillofacial Surgeons
29-1023,0.0,0.3,0.6000000000000001,0.0,0.2,0.4,1,29-1023.00,Orthodontists
29-1024,0.0,0.0454545454545454,0.0909090909090909,0.0,0.0909090909090909,0.1818181818181818,1,29-1024.00,Prosthodontists
29-1031,0.1463414634146341,0.5487804878048781,0.951219512195122,0.2682926829268293,0.4634146341463415,0.6585365853658537,1,29-1031.00,Dietitians and Nutritionists
29-1041,0.0,0.3,0.6000000000000001,0.0,0.05,0.1,1,29-1041.00,Optometrists
29-1051,0.1142857142857142,0.4285714285714285,0.7428571428571429,0.2857142857142857,0.3999999999999999,0.5142857142857142,1,29-1051.00,Pharmacists
29-1071,0.0,0.2708333333333333,0.5416666666666666,0.0,0.1101190476190476,0.2202380952380952,2,29-1071.00;29-1071.01,Physician Assistants; Anesthesiologist Assistants
29-1081,0.0,0.2857142857142857,0.5714285714285714,0.1904761904761904,0.2857142857142857,0.3809523809523809,1,29-1081.00,Podiatrists
29-1122,0.1106060606060606,0.2890151515151515,0.4674242424242424,0.1606060606060606,0.34071969696969695,0.5208333333333334,2,29-1122.00;29-1122.01,"Occupational Therapists; Low Vision Therapists, Orientation and Mobility Specialists, and Vision Rehabilitation Therapists"
29-1123,0.0851063829787234,0.1914893617021276,0.2978723404255319,0.1276595744680851,0.3404255319148936,0.5531914893617021,1,29-1123.00,Physical Therapists
29-1124,0.048780487804878,0.2804878048780488,0.5121951219512195,0.024390243902439,0.1707317073170731,0.3170731707317073,1,29-1124.00,Radiation Therapists
29-1125,0.0909090909090909,0.3181818181818182,0.5454545454545454,0.0909090909090909,0.3636363636363636,0.6363636363636364,1,29-1125.00,Recreational Therapists
29-1126,0.0952380952380952,0.2023809523809523,0.3095238095238095,0.0952380952380952,0.1904761904761904,0.2857142857142857,1,29-1126.00,Respiratory Therapists
29-1127,0.1707317073170731,0.4512195121951219,0.7317073170731707,0.0975609756097561,0.3902439024390244,0.6829268292682927,1,29-1127.00,Speech-Language Pathologists
29-1128,0.04,0.26,0.48,0.28,0.34,0.4,1,29-1128.00,Exercise Physiologists
29-1129,0.0879432624113475,0.3656028368794326,0.6432624113475177,0.125886524822695,0.4095744680851064,0.6932624113475178,2,29-1129.01;29-1129.02,Art Therapists; Music Therapists
29-1131,0.081081081081081,0.2702702702702703,0.4594594594594595,0.027027027027027,0.2297297297297297,0.4324324324324324,1,29-1131.00,Veterinarians
29-1141,0.06948784111345682,0.38019000703729766,0.6908921729611385,0.15837047462663223,0.33498318867776994,0.5115959027289076,5,29-1141.00;29-1141.01;29-1141.02;29-1141.03;29-1141.04,Registered Nurses; Acute Care Nurses; Advanced Practice Psychiatric Nurses; Critical Care Nurses; Clinical Nurse Specialists
29-1151,0.0,0.1666666666666666,0.3333333333333333,0.0,0.125,0.25,1,29-1151.00,Nurse Anesthetists
29-1161,0.1951219512195122,0.3902439024390244,0.5853658536585367,0.0975609756097561,0.2926829268292683,0.4878048780487805,1,29-1161.00,Nurse Midwives
29-1171,0.037037037037037,0.4814814814814814,0.9259259259259258,0.074074074074074,0.3148148148148147,0.5555555555555556,1,29-1171.00,Nurse Practitioners
29-1181,0.1363636363636363,0.4545454545454546,0.7727272727272727,0.2272727272727273,0.4545454545454546,0.6818181818181819,1,29-1181.00,Audiologists
29-1211,0.0,0.25,0.5,0.0588235294117647,0.2941176470588235,0.5294117647058824,1,29-1211.00,Anesthesiologists
29-1212,0.0,0.3461538461538461,0.6923076923076923,0.0769230769230769,0.2307692307692307,0.3846153846153846,1,29-1212.00,Cardiologists
29-1213,0.0,0.3823529411764705,0.7647058823529411,0.1764705882352941,0.3235294117647059,0.4705882352941176,1,29-1213.00,Dermatologists
29-1214,0.0588235294117647,0.4411764705882353,0.8235294117647058,0.1764705882352941,0.3529411764705882,0.5294117647058824,1,29-1214.00,Emergency Medicine Physicians
29-1215,0.0,0.4375,0.875,0.2083333333333333,0.375,0.5416666666666666,1,29-1215.00,Family Medicine Physicians
29-1216,0.0,0.4571428571428571,0.9142857142857144,0.2857142857142857,0.3714285714285714,0.4571428571428571,1,29-1216.00,General Internal Medicine Physicians
29-1217,0.0434782608695652,0.4565217391304347,0.8695652173913043,0.1304347826086956,0.3695652173913043,0.6086956521739131,1,29-1217.00,Neurologists
29-1218,0.0,0.3928571428571428,0.7857142857142857,0.1785714285714285,0.3035714285714285,0.4285714285714285,1,29-1218.00,Obstetricians and Gynecologists
29-1221,0.0,0.4833333333333333,0.9666666666666668,0.2333333333333333,0.3666666666666667,0.5,1,29-1221.00,"Pediatricians, General"
29-1222,0.0606060606060606,0.4696969696969697,0.8787878787878788,0.0606060606060606,0.3181818181818182,0.5757575757575758,1,29-1222.00,"Physicians, Pathologists"
29-1223,0.0869565217391304,0.4782608695652174,0.8695652173913043,0.2608695652173913,0.5217391304347826,0.7826086956521738,1,29-1223.00,Psychiatrists
29-1224,0.0,0.4888888888888889,0.977777777777778,0.3111111111111111,0.5111111111111112,0.7111111111111111,1,29-1224.00,Radiologists
29-1229,0.09908655286013772,0.4164495357891584,0.733812518718179,0.11621743036837373,0.3179619646600778,0.5197064989517819,6,29-1229.01;29-1229.02;29-1229.03;29-1229.04;29-1229.05;29-1229.06,Allergists and Immunologists; Hospitalists; Urologists; Physical Medicine and Rehabilitation Physicians; Preventive Medicine Physicians; Sports Medicine Physicians
29-1241,0.0588235294117647,0.4264705882352941,0.7941176470588235,0.1176470588235294,0.3382352941176471,0.5588235294117647,1,29-1241.00,"Ophthalmologists, Except Pediatric"
29-1242,0.0666666666666666,0.3333333333333333,0.6,0.0666666666666666,0.2333333333333333,0.4,1,29-1242.00,"Orthopedic Surgeons, Except Pediatric"
29-1243,0.1111111111111111,0.3611111111111111,0.611111111111111,0.0555555555555555,0.2222222222222222,0.3888888888888888,1,29-1243.00,Pediatric Surgeons
29-1291,0.1666666666666666,0.1666666666666666,0.1666666666666666,0.1666666666666666,0.3055555555555555,0.4444444444444444,1,29-1291.00,Acupuncturists
29-1292,0.0625,0.1875,0.3125,0.0,0.09375,0.1875,1,29-1292.00,Dental Hygienists
29-1299,0.19631410256410253,0.4963942307692307,0.796474358974359,0.14503205128205127,0.3157051282051282,0.48637820512820507,2,29-1299.01;29-1299.02,Naturopathic Physicians; Orthoptists
29-2011,0.14083128078817733,0.33895166256157633,0.5370720443349754,0.11168411330049258,0.1977124384236453,0.283740763546798,4,29-2011.00;29-2011.01;29-2011.02;29-2011.04,Medical and Clinical Laboratory Technologists; Cytogenetic Technologists; Cytotechnologists; Histotechnologists
29-2012,0.0,0.1696428571428571,0.33928571428571425,0.0,0.0476190476190476,0.0952380952380952,2,29-2012.00;29-2012.01,Medical and Clinical Laboratory Technicians; Histology Technicians
29-2031,0.0857142857142857,0.3571428571428571,0.6285714285714286,0.1142857142857142,0.1714285714285714,0.2285714285714285,1,29-2031.00,Cardiovascular Technologists and Technicians
29-2032,0.1052631578947368,0.3026315789473684,0.5,0.131578947368421,0.2894736842105263,0.4473684210526315,1,29-2032.00,Diagnostic Medical Sonographers
29-2033,0.064516129032258,0.2903225806451612,0.5161290322580645,0.1612903225806451,0.2580645161290322,0.3548387096774194,1,29-2033.00,Nuclear Medicine Technologists
29-2034,0.0,0.3771929824561403,0.7543859649122806,0.1052631578947368,0.2807017543859649,0.4561403508771929,1,29-2034.00,Radiologic Technologists and Technicians
29-2035,0.0444444444444444,0.3222222222222222,0.6,0.1333333333333333,0.2222222222222222,0.3111111111111111,1,29-2035.00,Magnetic Resonance Imaging Technologists
29-2036,0.15,0.45,0.75,0.1,0.3,0.5,1,29-2036.00,Medical Dosimetrists
29-2042,0.1666666666666666,0.2083333333333333,0.25,0.0,0.2083333333333333,0.4166666666666666,1,29-2042.00,Emergency Medical Technicians
29-2043,0.0769230769230769,0.1538461538461538,0.2307692307692307,0.0,0.1923076923076923,0.3846153846153846,1,29-2043.00,Paramedics
29-2051,0.1739130434782608,0.5434782608695652,0.9130434782608696,0.0434782608695652,0.4130434782608695,0.7826086956521738,1,29-2051.00,Dietetic Technicians
29-2052,0.2941176470588235,0.4264705882352941,0.5588235294117647,0.2352941176470588,0.4264705882352941,0.6176470588235294,1,29-2052.00,Pharmacy Technicians
29-2053,0.0,0.12,0.24,0.16,0.34,0.52,1,29-2053.00,Psychiatric Technicians
29-2055,0.0333333333333333,0.0666666666666666,0.1,0.0,0.0166666666666666,0.0333333333333333,1,29-2055.00,Surgical Technologists
29-2056,0.0655737704918032,0.1639344262295082,0.2622950819672131,0.0655737704918032,0.1475409836065573,0.2295081967213114,1,29-2056.00,Veterinary Technologists and Technicians
29-2057,0.0526315789473684,0.3289473684210526,0.6052631578947368,0.0263157894736842,0.1052631578947368,0.1842105263157894,1,29-2057.00,Ophthalmic Medical Technicians
29-2061,0.0789473684210526,0.25,0.4210526315789473,0.0526315789473684,0.25,0.4473684210526315,1,29-2061.00,Licensed Practical and Licensed Vocational Nurses
29-2072,0.2352941176470588,0.6176470588235294,1.0,0.2352941176470588,0.5588235294117647,0.8823529411764706,1,29-2072.00,Medical Records Specialists
29-2081,0.0952380952380952,0.2857142857142857,0.4761904761904761,0.1428571428571428,0.238095238095238,0.3333333333333333,1,29-2081.00,"Opticians, Dispensing"
29-2091,0.1724137931034483,0.2758620689655172,0.3793103448275862,0.0,0.1896551724137931,0.3793103448275862,1,29-2091.00,Orthotists and Prosthetists
29-2092,0.0,0.2,0.4,0.0,0.05,0.1,1,29-2092.00,Hearing Aid Specialists
29-2099,0.06369047619047617,0.41140873015873014,0.7591269841269841,0.15277777777777776,0.27519841269841266,0.3976190476190476,3,29-2099.01;29-2099.05;29-2099.08,Neurodiagnostic Technologists; Ophthalmic Medical Technologists; Patient Representatives
29-9021,0.3125,0.65625,1.0,0.3125,0.53125,0.75,1,29-9021.00,Health Information Technologists and Medical Registrars
29-9091,0.0930232558139534,0.2790697674418604,0.4651162790697674,0.3255813953488372,0.4069767441860465,0.4883720930232558,1,29-9091.00,Athletic Trainers
29-9092,0.1052631578947368,0.5,0.894736842105263,0.3684210526315789,0.631578947368421,0.894736842105263,1,29-9092.00,Genetic Counselors
29-9093,0.0,0.0392156862745098,0.0784313725490196,0.0,0.0392156862745098,0.0784313725490196,1,29-9093.00,Surgical Assistants
29-9099,0.1571428571428571,0.3785714285714285,0.6,0.1,0.25,0.3999999999999999,1,29-9099.01,Midwives
31-1121,0.0769230769230769,0.0769230769230769,0.0769230769230769,0.0,0.0384615384615384,0.0769230769230769,1,31-1121.00,Home Health Aides
31-1122,0.1666666666666666,0.2222222222222222,0.2777777777777778,0.2222222222222222,0.3333333333333333,0.4444444444444444,1,31-1122.00,Personal Care Aides
31-1131,0.0508474576271186,0.1016949152542373,0.1525423728813559,0.0338983050847457,0.135593220338983,0.2372881355932203,1,31-1131.00,Nursing Assistants
31-1132,0.0,0.0,0.0,0.0,0.046875,0.09375,1,31-1132.00,Orderlies
31-1133,0.125,0.125,0.125,0.0,0.125,0.25,1,31-1133.00,Psychiatric Aides
31-2011,0.1860465116279069,0.2674418604651162,0.3488372093023256,0.1395348837209302,0.2325581395348837,0.3255813953488372,1,31-2011.00,Occupational Therapy Assistants
31-2012,0.2222222222222222,0.2407407407407407,0.2592592592592592,0.0,0.074074074074074,0.1481481481481481,1,31-2012.00,Occupational Therapy Aides
31-2021,0.1025641025641025,0.1538461538461538,0.2051282051282051,0.0,0.1025641025641025,0.2051282051282051,1,31-2021.00,Physical Therapist Assistants
31-2022,0.1212121212121212,0.1818181818181818,0.2424242424242424,0.0606060606060606,0.1515151515151515,0.2424242424242424,1,31-2022.00,Physical Therapist Aides
31-9011,0.074074074074074,0.074074074074074,0.074074074074074,0.074074074074074,0.1851851851851851,0.2962962962962963,1,31-9011.00,Massage Therapists
31-9091,0.1333333333333333,0.2666666666666666,0.4,0.0,0.1,0.2,1,31-9091.00,Dental Assistants
31-9092,0.1794871794871795,0.358974358974359,0.5384615384615384,0.0512820512820512,0.141025641025641,0.2307692307692307,1,31-9092.00,Medical Assistants
31-9093,0.074074074074074,0.1111111111111111,0.1481481481481481,0.0,0.037037037037037,0.074074074074074,1,31-9093.00,Medical Equipment Preparers
31-9094,0.8214285714285714,0.875,0.9285714285714284,0.1428571428571428,0.2321428571428571,0.3214285714285714,1,31-9094.00,Medical Transcriptionists
31-9095,0.24,0.38,0.52,0.08,0.14,0.2,1,31-9095.00,Pharmacy Aides
31-9096,0.1111111111111111,0.2222222222222222,0.3333333333333333,0.1481481481481481,0.1481481481481481,0.1481481481481481,1,31-9096.00,Veterinary Assistants and Laboratory Animal Caretakers
31-9097,0.1463414634146341,0.1829268292682926,0.2195121951219512,0.048780487804878,0.1097560975609756,0.1707317073170731,1,31-9097.00,Phlebotomists
31-9099,0.1995614035087719,0.3651315789473684,0.5307017543859648,0.0526315789473684,0.1052631578947368,0.15789473684210525,2,31-9099.01;31-9099.02,Speech-Language Pathology Assistants; Endoscopy Technicians
33-1011,0.217391304347826,0.2826086956521739,0.3478260869565217,0.217391304347826,0.2826086956521739,0.3478260869565217,1,33-1011.00,First-Line Supervisors of Correctional Officers
33-1012,0.1052631578947368,0.3289473684210526,0.5526315789473684,0.1578947368421052,0.3552631578947368,0.5526315789473684,1,33-1012.00,First-Line Supervisors of Police and Detectives
33-1021,0.2264150943396226,0.4150943396226415,0.6037735849056604,0.320754716981132,0.4056603773584905,0.490566037735849,1,33-1021.00,First-Line Supervisors of Firefighting and Prevention Workers
33-1091,0.238095238095238,0.4047619047619047,0.5714285714285714,0.1428571428571428,0.2619047619047618,0.3809523809523809,1,33-1091.00,First-Line Supervisors of Security Workers
33-2011,0.1052631578947368,0.1403508771929824,0.175438596491228,0.0701754385964912,0.087719298245614,0.1052631578947368,1,33-2011.00,Firefighters
33-2021,0.1346153846153846,0.2884615384615385,0.4423076923076923,0.25,0.3846153846153846,0.5192307692307693,1,33-2021.00,Fire Inspectors and Investigators
33-2022,0.125,0.21875,0.3125,0.25,0.375,0.5,1,33-2022.00,Forest Fire Inspectors and Prevention Specialists
33-3011,0.0357142857142857,0.0357142857142857,0.0357142857142857,0.0714285714285714,0.1607142857142857,0.25,1,33-3011.00,Bailiffs
33-3012,0.2272727272727273,0.2613636363636363,0.2954545454545454,0.1136363636363636,0.2386363636363636,0.3636363636363636,1,33-3012.00,Correctional Officers and Jailers
33-3021,0.0883861236802413,0.397410759175465,0.7064353946706888,0.07727501256913016,0.3477375565610859,0.6182001005530418,3,33-3021.00;33-3021.02;33-3021.06,Detectives and Criminal Investigators; Police Identification and Records Officers; Intelligence Analysts
33-3031,0.0909090909090909,0.2840909090909091,0.4772727272727273,0.0454545454545454,0.1590909090909091,0.2727272727272727,1,33-3031.00,Fish and Game Wardens
33-3041,0.1794871794871795,0.3205128205128205,0.4615384615384615,0.1025641025641025,0.3205128205128205,0.5384615384615384,1,33-3041.00,Parking Enforcement Workers
33-3051,0.1773399014778325,0.35119047619047616,0.5250410509031198,0.1165845648604269,0.24733169129720844,0.3780788177339901,2,33-3051.00;33-3051.04,Police and Sheriff's Patrol Officers; Customs and Border Protection Officers
33-3052,0.0833333333333333,0.2499999999999999,0.4166666666666666,0.25,0.4375,0.625,1,33-3052.00,Transit and Railroad Police
33-9011,0.2666666666666666,0.35,0.4333333333333333,0.0,0.1333333333333333,0.2666666666666666,1,33-9011.00,Animal Control Workers
33-9021,0.074074074074074,0.3888888888888888,0.7037037037037037,0.2222222222222222,0.3888888888888888,0.5555555555555556,1,33-9021.00,Private Detectives and Investigators
33-9031,0.25,0.4375,0.625,0.0,0.3125,0.625,1,33-9031.00,Gambling Surveillance Officers and Gambling Investigators
33-9032,0.1666666666666666,0.1666666666666666,0.1666666666666666,0.1666666666666666,0.2499999999999999,0.3333333333333333,1,33-9032.00,Security Guards
33-9091,0.0526315789473684,0.1052631578947368,0.1578947368421052,0.0,0.2631578947368421,0.5263157894736842,1,33-9091.00,Crossing Guards and Flaggers
33-9092,0.08,0.08,0.08,0.08,0.16,0.24,1,33-9092.00,"Lifeguards, Ski Patrol, and Other Recreational Protective Service Workers"
33-9093,0.0,0.26,0.52,0.04,0.23,0.42,1,33-9093.00,Transportation Security Screeners
33-9094,0.1666666666666666,0.1666666666666666,0.1666666666666666,0.0,0.1944444444444444,0.3888888888888888,1,33-9094.00,School Bus Monitors
33-9099,0.0975609756097561,0.3780487804878049,0.6585365853658537,0.1463414634146341,0.3414634146341463,0.5365853658536586,1,33-9099.02,Retail Loss Prevention Specialists
35-1011,0.0952380952380952,0.2619047619047618,0.4285714285714285,0.1428571428571428,0.2619047619047618,0.3809523809523809,1,35-1011.00,Chefs and Head Cooks
35-1012,0.2222222222222222,0.5111111111111112,0.8,0.0444444444444444,0.2555555555555555,0.4666666666666667,1,35-1012.00,First-Line Supervisors of Food Preparation and Serving Workers
35-2011,0.0,0.0,0.0,0.0,0.0263157894736842,0.0526315789473684,1,35-2011.00,"Cooks, Fast Food"
35-2012,0.0344827586206896,0.1206896551724137,0.2068965517241379,0.0344827586206896,0.0862068965517241,0.1379310344827586,1,35-2012.00,"Cooks, Institution and Cafeteria"
35-2013,0.16,0.24,0.32,0.16,0.28,0.4,1,35-2013.00,"Cooks, Private Household"
35-2014,0.027027027027027,0.0945945945945946,0.1621621621621621,0.081081081081081,0.1216216216216216,0.1621621621621621,1,35-2014.00,"Cooks, Restaurant"
35-2015,0.0,0.0,0.0,0.0,0.0,0.0,1,35-2015.00,"Cooks, Short Order"
35-2021,0.0185185185185185,0.037037037037037,0.0555555555555555,0.0,0.0462962962962962,0.0925925925925925,1,35-2021.00,Food Preparation Workers
35-3011,0.1111111111111111,0.1944444444444444,0.2777777777777778,0.0833333333333333,0.1388888888888889,0.1944444444444444,1,35-3011.00,Bartenders
35-3023,0.06304824561403505,0.0970394736842105,0.13103070175438591,0.08936403508771926,0.1154057017543859,0.1414473684210526,2,35-3023.00;35-3023.01,Fast Food and Counter Workers; Baristas
35-3031,0.0816326530612244,0.183673469387755,0.2857142857142857,0.2040816326530612,0.2244897959183673,0.2448979591836734,1,35-3031.00,Waiters and Waitresses
35-3041,0.074074074074074,0.1296296296296296,0.1851851851851851,0.0,0.1111111111111111,0.2222222222222222,1,35-3041.00,"Food Servers, Nonrestaurant"
35-9011,0.0,0.0,0.0,0.0,0.0,0.0,1,35-9011.00,Dining Room and Cafeteria Attendants and Bartender Helpers
35-9021,0.0,0.0,0.0,0.0,0.0,0.0,1,35-9021.00,Dishwashers
35-9031,0.0571428571428571,0.2285714285714285,0.3999999999999999,0.1999999999999999,0.3285714285714285,0.4571428571428571,1,35-9031.00,"Hosts and Hostesses, Restaurant, Lounge, and Coffee Shop"
37-1011,0.1632653061224489,0.2653061224489795,0.3673469387755101,0.0816326530612244,0.2551020408163265,0.4285714285714285,1,37-1011.00,First-Line Supervisors of Housekeeping and Janitorial Workers
37-1012,0.1454545454545454,0.3545454545454545,0.5636363636363636,0.0727272727272727,0.2454545454545454,0.4181818181818181,1,37-1012.00,"First-Line Supervisors of Landscaping, Lawn Service, and Groundskeeping Workers"
37-2011,0.0,0.0,0.0,0.0,0.0277777777777777,0.0555555555555555,1,37-2011.00,"Janitors and Cleaners, Except Maids and Housekeeping Cleaners"
37-2012,0.0,0.0,0.0,0.0588235294117647,0.0588235294117647,0.0588235294117647,1,37-2012.00,Maids and Housekeeping Cleaners
37-2021,0.1666666666666666,0.25,0.3333333333333333,0.0833333333333333,0.2291666666666666,0.375,1,37-2021.00,Pest Control Workers
37-3011,0.0,0.024390243902439,0.048780487804878,0.0,0.024390243902439,0.048780487804878,1,37-3011.00,Landscaping and Groundskeeping Workers
37-3012,0.0,0.0555555555555555,0.1111111111111111,0.0555555555555555,0.0555555555555555,0.0555555555555555,1,37-3012.00,"Pesticide Handlers, Sprayers, and Applicators, Vegetation"
37-3013,0.048780487804878,0.0609756097560975,0.073170731707317,0.0,0.0609756097560975,0.1219512195121951,1,37-3013.00,Tree Trimmers and Pruners
39-1013,0.3076923076923077,0.4326923076923077,0.5576923076923077,0.173076923076923,0.3365384615384615,0.5,1,39-1013.00,First-Line Supervisors of Gambling Services Workers
39-1014,0.1578947368421052,0.3684210526315789,0.5789473684210527,0.2631578947368421,0.3421052631578947,0.4210526315789473,1,39-1014.00,"First-Line Supervisors of Entertainment and Recreation Workers, Except Gambling Services"
39-1022,0.1034482758620689,0.4137931034482758,0.7241379310344828,0.2413793103448275,0.3620689655172414,0.4827586206896551,1,39-1022.00,First-Line Supervisors of Personal Service Workers
39-2011,0.0689655172413793,0.1034482758620689,0.1379310344827586,0.1379310344827586,0.1379310344827586,0.1379310344827586,1,39-2011.00,Animal Trainers
39-2021,0.1818181818181818,0.2727272727272727,0.3636363636363636,0.1515151515151515,0.1818181818181818,0.2121212121212121,1,39-2021.00,Animal Caretakers
39-3011,0.1351351351351351,0.1351351351351351,0.1351351351351351,0.1081081081081081,0.1486486486486486,0.1891891891891892,1,39-3011.00,Gambling Dealers
39-3012,0.2307692307692307,0.2692307692307693,0.3076923076923077,0.0769230769230769,0.2307692307692307,0.3846153846153846,1,39-3012.00,Gambling and Sports Book Writers and Runners
39-3021,0.0909090909090909,0.1818181818181818,0.2727272727272727,0.0,0.0757575757575757,0.1515151515151515,1,39-3021.00,Motion Picture Projectionists
39-3031,0.1142857142857142,0.1428571428571428,0.1714285714285714,0.1428571428571428,0.1999999999999999,0.2571428571428571,1,39-3031.00,"Ushers, Lobby Attendants, and Ticket Takers"
39-3091,0.1923076923076923,0.2115384615384615,0.2307692307692307,0.3076923076923077,0.3653846153846154,0.4230769230769231,1,39-3091.00,Amusement and Recreation Attendants
39-3092,0.1111111111111111,0.2638888888888889,0.4166666666666666,0.0,0.2361111111111111,0.4722222222222222,1,39-3092.00,Costume Attendants
39-3093,0.064516129032258,0.064516129032258,0.064516129032258,0.064516129032258,0.1451612903225806,0.2258064516129032,1,39-3093.00,"Locker Room, Coatroom, and Dressing Room Attendants"
39-4011,0.04,0.04,0.04,0.0,0.04,0.08,1,39-4011.00,Embalmers
39-4012,0.0,0.0416666666666666,0.0833333333333333,0.0,0.125,0.25,1,39-4012.00,Crematory Operators
39-4021,0.1777777777777777,0.1777777777777777,0.1777777777777777,0.1555555555555555,0.2333333333333333,0.3111111111111111,1,39-4021.00,Funeral Attendants
39-4031,0.0930232558139534,0.1627906976744186,0.2325581395348837,0.0,0.0930232558139534,0.1860465116279069,1,39-4031.00,"Morticians, Undertakers, and Funeral Arrangers"
39-5011,0.088235294117647,0.1617647058823529,0.2352941176470588,0.0,0.0735294117647058,0.1470588235294117,1,39-5011.00,Barbers
39-5012,0.0526315789473684,0.0789473684210526,0.1052631578947368,0.0,0.0526315789473684,0.1052631578947368,1,39-5012.00,"Hairdressers, Hairstylists, and Cosmetologists"
39-5091,0.048780487804878,0.3414634146341463,0.6341463414634146,0.048780487804878,0.2439024390243902,0.4390243902439024,1,39-5091.00,"Makeup Artists, Theatrical and Performance"
39-5092,0.0555555555555555,0.0833333333333333,0.1111111111111111,0.0,0.0555555555555555,0.1111111111111111,1,39-5092.00,Manicurists and Pedicurists
39-5093,0.1428571428571428,0.1428571428571428,0.1428571428571428,0.0,0.0714285714285714,0.1428571428571428,1,39-5093.00,Shampooers
39-5094,0.0606060606060606,0.1969696969696969,0.3333333333333333,0.0606060606060606,0.106060606060606,0.1515151515151515,1,39-5094.00,Skincare Specialists
39-6011,0.074074074074074,0.1481481481481481,0.2222222222222222,0.2592592592592592,0.2777777777777778,0.2962962962962963,1,39-6011.00,Baggage Porters and Bellhops
39-6012,0.1333333333333333,0.4666666666666667,0.8,0.6666666666666666,0.7,0.7333333333333333,1,39-6012.00,Concierges
39-7011,0.1538461538461538,0.2692307692307693,0.3846153846153846,0.3076923076923077,0.3461538461538461,0.3846153846153846,1,39-7011.00,Tour Guides and Escorts
39-7012,0.16,0.38,0.6,0.32,0.4,0.48,1,39-7012.00,Travel Guides
39-9011,0.11087223587223585,0.1414312039312039,0.17199017199017194,0.23740786240786238,0.3404484029484029,0.4434889434889435,2,39-9011.00;39-9011.01,Childcare Workers; Nannies
39-9031,0.0,0.0147058823529411,0.0294117647058823,0.1470588235294117,0.2352941176470588,0.3235294117647059,1,39-9031.00,Exercise Trainers and Group Fitness Instructors
39-9032,0.119047619047619,0.238095238095238,0.3571428571428571,0.0952380952380952,0.25,0.4047619047619047,1,39-9032.00,Recreation Workers
39-9041,0.1,0.24,0.38,0.18,0.28,0.38,1,39-9041.00,Residential Advisors
41-1011,0.081081081081081,0.4864864864864865,0.8918918918918919,0.1621621621621621,0.4054054054054054,0.6486486486486487,1,41-1011.00,First-Line Supervisors of Retail Sales Workers
41-1012,0.1111111111111111,0.537037037037037,0.9629629629629628,0.1851851851851851,0.4444444444444444,0.7037037037037037,1,41-1012.00,First-Line Supervisors of Non-Retail Sales Workers
41-2011,0.1395348837209302,0.2093023255813953,0.2790697674418604,0.2325581395348837,0.3604651162790697,0.4883720930232558,1,41-2011.00,Cashiers
41-2012,0.238095238095238,0.2619047619047618,0.2857142857142857,0.0,0.3095238095238095,0.6190476190476191,1,41-2012.00,Gambling Change Persons and Booth Cashiers
41-2021,0.2580645161290322,0.532258064516129,0.8064516129032258,0.5483870967741935,0.6774193548387096,0.8064516129032258,1,41-2021.00,Counter and Rental Clerks
41-2022,0.1714285714285714,0.3428571428571428,0.5142857142857142,0.2857142857142857,0.3428571428571428,0.3999999999999999,1,41-2022.00,Parts Salespersons
41-2031,0.0789473684210526,0.3421052631578947,0.6052631578947368,0.2631578947368421,0.3552631578947368,0.4473684210526315,1,41-2031.00,Retail Salespersons
41-3011,0.1794871794871795,0.5384615384615384,0.8974358974358974,0.4358974358974359,0.6923076923076923,0.9487179487179488,1,41-3011.00,Advertising Sales Agents
41-3021,0.1515151515151515,0.5757575757575758,1.0,0.3333333333333333,0.5303030303030303,0.7272727272727273,1,41-3021.00,Insurance Sales Agents
41-3031,0.2115384615384615,0.6057692307692308,1.0,0.2692307692307693,0.5192307692307693,0.7692307692307693,1,41-3031.00,"Securities, Commodities, and Financial Services Sales Agents"
41-3041,0.125,0.5625,1.0,0.25,0.5625,0.875,1,41-3041.00,Travel Agents
41-3091,0.3333333333333333,0.6333333333333333,0.9333333333333332,0.3333333333333333,0.5666666666666667,0.8,1,41-3091.00,"Sales Representatives of Services, Except Advertising, Insurance, Financial Services, and Travel"
41-4011,0.0789473684210526,0.4983130904183536,0.9176788124156546,0.3852901484480431,0.573549257759784,0.761808367071525,2,41-4011.00;41-4011.07,"Sales Representatives, Wholesale and Manufacturing, Technical and Scientific Products; Solar Sales Representatives and Assessors"
41-4012,0.2413793103448275,0.6206896551724138,1.0,0.4827586206896551,0.7068965517241379,0.9310344827586208,1,41-4012.00,"Sales Representatives, Wholesale and Manufacturing, Except Technical and Scientific Products"
41-9011,0.0512820512820512,0.1282051282051282,0.2051282051282051,0.2051282051282051,0.3974358974358974,0.5897435897435898,1,41-9011.00,Demonstrators and Product Promoters
41-9012,0.1333333333333333,0.2333333333333333,0.3333333333333333,0.0666666666666666,0.4,0.7333333333333334,1,41-9012.00,Models
41-9021,0.0,0.5,1.0,0.125,0.421875,0.71875,1,41-9021.00,Real Estate Brokers
41-9022,0.0,0.4375,0.875,0.2857142857142857,0.4107142857142857,0.5357142857142857,1,41-9022.00,Real Estate Sales Agents
41-9031,0.1590909090909091,0.5113636363636364,0.8636363636363636,0.3181818181818182,0.5340909090909091,0.75,1,41-9031.00,Sales Engineers
41-9041,0.611111111111111,0.8055555555555555,1.0,0.2222222222222222,0.5277777777777778,0.8333333333333333,1,41-9041.00,Telemarketers
41-9091,0.1739130434782608,0.2608695652173913,0.3478260869565217,0.5217391304347826,0.5217391304347826,0.5217391304347826,1,41-9091.00,"Door-to-Door Sales Workers, News and Street Vendors, and Related Workers"
43-1011,0.0833333333333333,0.4895833333333333,0.8958333333333333,0.2291666666666666,0.53125,0.8333333333333333,1,43-1011.00,First-Line Supervisors of Office and Administrative Support Workers
43-2011,0.5161290322580645,0.6290322580645161,0.7419354838709677,0.3870967741935484,0.4838709677419355,0.5806451612903225,1,43-2011.00,"Switchboard Operators, Including Answering Service"
43-2021,0.8421052631578947,0.894736842105263,0.9473684210526316,0.3684210526315789,0.5526315789473684,0.7368421052631579,1,43-2021.00,Telephone Operators
43-3011,0.3928571428571428,0.6964285714285714,1.0,0.1071428571428571,0.4285714285714285,0.75,1,43-3011.00,Bill and Account Collectors
43-3021,0.6904761904761905,0.7738095238095237,0.8571428571428571,0.1904761904761904,0.4166666666666666,0.6428571428571428,1,43-3021.00,Billing and Posting Clerks
43-3031,0.6046511627906976,0.8023255813953488,1.0,0.1395348837209302,0.313953488372093,0.4883720930232558,1,43-3031.00,"Bookkeeping, Accounting, and Auditing Clerks"
43-3041,0.3870967741935484,0.4193548387096774,0.4516129032258064,0.3225806451612903,0.4193548387096774,0.5161290322580645,1,43-3041.00,Gambling Cage Workers
43-3051,0.6756756756756757,0.8378378378378379,1.0,0.1621621621621621,0.4864864864864865,0.8108108108108109,1,43-3051.00,Payroll and Timekeeping Clerks
43-3061,0.2571428571428571,0.6142857142857142,0.9714285714285714,0.2571428571428571,0.4571428571428571,0.6571428571428571,1,43-3061.00,Procurement Clerks
43-3071,0.3125,0.5416666666666666,0.7708333333333333,0.2291666666666666,0.3333333333333333,0.4375,1,43-3071.00,Tellers
43-4011,0.5333333333333333,0.7666666666666666,1.0,0.7333333333333333,0.8,0.8666666666666667,1,43-4011.00,Brokerage Clerks
43-4021,0.9642857142857142,0.9642857142857142,0.9642857142857142,0.5714285714285714,0.7321428571428571,0.8928571428571428,1,43-4021.00,Correspondence Clerks
43-4031,0.4363636363636363,0.7,0.9636363636363636,0.3090909090909091,0.5909090909090908,0.8727272727272727,1,43-4031.00,"Court, Municipal, and License Clerks"
43-4041,0.35,0.65,0.95,0.25,0.5750000000000001,0.9,1,43-4041.00,"Credit Authorizers, Checkers, and Clerks"
43-4051,0.1363636363636363,0.5681818181818182,1.0,0.5454545454545454,0.7045454545454546,0.8636363636363636,1,43-4051.00,Customer Service Representatives
43-4061,0.4,0.68,0.96,0.28,0.62,0.96,1,43-4061.00,"Eligibility Interviewers, Government Programs"
43-4071,0.6764705882352942,0.7941176470588235,0.9117647058823528,0.1764705882352941,0.4705882352941176,0.7647058823529411,1,43-4071.00,File Clerks
43-4081,0.2051282051282051,0.5,0.7948717948717948,0.2051282051282051,0.3974358974358974,0.5897435897435898,1,43-4081.00,"Hotel, Motel, and Resort Desk Clerks"
43-4111,0.5172413793103449,0.6724137931034483,0.8275862068965517,0.3103448275862069,0.4310344827586206,0.5517241379310345,1,43-4111.00,"Interviewers, Except Eligibility and Loan"
43-4121,0.3275862068965517,0.5344827586206896,0.7413793103448276,0.2413793103448275,0.4396551724137931,0.6379310344827586,1,43-4121.00,"Library Assistants, Clerical"
43-4131,0.1875,0.59375,1.0,0.125,0.5,0.875,1,43-4131.00,Loan Interviewers and Clerks
43-4141,0.28,0.56,0.8400000000000001,0.52,0.6,0.68,1,43-4141.00,New Accounts Clerks
43-4151,0.4285714285714285,0.7142857142857143,1.0,0.4285714285714285,0.6,0.7714285714285714,1,43-4151.00,Order Clerks
43-4161,0.2758620689655172,0.6206896551724138,0.9655172413793104,0.1379310344827586,0.4655172413793103,0.7931034482758621,1,43-4161.00,"Human Resources Assistants, Except Payroll and Timekeeping"
43-4171,0.2,0.5333333333333333,0.8666666666666667,0.4333333333333333,0.5833333333333334,0.7333333333333333,1,43-4171.00,Receptionists and Information Clerks
43-4181,0.1142857142857142,0.4571428571428571,0.7999999999999999,0.3714285714285714,0.5285714285714286,0.6857142857142857,1,43-4181.00,Reservation and Transportation Ticket Agents and Travel Clerks
43-5011,0.20611778158947963,0.5273013150371642,0.8484848484848485,0.21526586620926239,0.4288164665523156,0.6423670668953687,2,43-5011.00;43-5011.01,Cargo and Freight Agents; Freight Forwarders
43-5021,0.2413793103448275,0.3103448275862069,0.3793103448275862,0.0,0.1551724137931034,0.3103448275862069,1,43-5021.00,Couriers and Messengers
43-5031,0.40625,0.65625,0.90625,0.4375,0.59375,0.75,1,43-5031.00,Public Safety Telecommunicators
43-5032,0.3478260869565217,0.6739130434782609,1.0,0.3478260869565217,0.6521739130434783,0.9565217391304348,1,43-5032.00,"Dispatchers, Except Police, Fire, and Ambulance"
43-5041,0.3333333333333333,0.4374999999999999,0.5416666666666666,0.0833333333333333,0.3541666666666666,0.625,1,43-5041.00,"Meter Readers, Utilities"
43-5051,0.1481481481481481,0.3148148148148147,0.4814814814814814,0.1481481481481481,0.2777777777777778,0.4074074074074074,1,43-5051.00,Postal Service Clerks
43-5052,0.2051282051282051,0.2307692307692307,0.2564102564102564,0.1794871794871795,0.3461538461538461,0.5128205128205128,1,43-5052.00,Postal Service Mail Carriers
43-5053,0.1,0.1,0.1,0.05,0.125,0.2,1,43-5053.00,"Postal Service Mail Sorters, Processors, and Processing Machine Operators"
43-5061,0.2692307692307693,0.5961538461538461,0.9230769230769232,0.1538461538461538,0.5192307692307693,0.8846153846153847,1,43-5061.00,"Production, Planning, and Expediting Clerks"
43-5071,0.2857142857142857,0.5,0.7142857142857142,0.1904761904761904,0.3571428571428571,0.5238095238095237,1,43-5071.00,"Shipping, Receiving, and Inventory Clerks"
43-5111,0.2068965517241379,0.293103448275862,0.3793103448275862,0.1724137931034483,0.2758620689655172,0.3793103448275862,1,43-5111.00,"Weighers, Measurers, Checkers, and Samplers, Recordkeeping"
43-6011,0.3783783783783784,0.6486486486486487,0.918918918918919,0.6216216216216217,0.7432432432432433,0.8648648648648649,1,43-6011.00,Executive Secretaries and Executive Administrative Assistants
43-6012,0.3913043478260869,0.6956521739130435,1.0,0.5217391304347826,0.7608695652173912,1.0,1,43-6012.00,Legal Secretaries and Administrative Assistants
43-6013,0.3333333333333333,0.6666666666666666,1.0,0.3703703703703703,0.611111111111111,0.8518518518518519,1,43-6013.00,Medical Secretaries and Administrative Assistants
43-6014,0.3846153846153846,0.6442307692307693,0.903846153846154,0.3653846153846154,0.5673076923076923,0.7692307692307693,1,43-6014.00,"Secretaries and Administrative Assistants, Except Legal, Medical, and Executive"
43-9021,0.8571428571428571,0.8928571428571428,0.9285714285714284,0.2142857142857142,0.4999999999999999,0.7857142857142857,1,43-9021.00,Data Entry Keyers
43-9022,0.7027027027027027,0.7432432432432433,0.7837837837837838,0.1891891891891892,0.4864864864864865,0.7837837837837838,1,43-9022.00,Word Processors and Typists
43-9031,0.3225806451612903,0.6451612903225806,0.967741935483871,0.032258064516129,0.4838709677419355,0.935483870967742,1,43-9031.00,Desktop Publishers
43-9041,0.6666666666666666,0.8333333333333333,1.0,0.2619047619047618,0.5119047619047619,0.7619047619047619,1,43-9041.00,Insurance Claims and Policy Processing Clerks
43-9051,0.1081081081081081,0.2162162162162162,0.3243243243243243,0.054054054054054,0.1216216216216216,0.1891891891891892,1,43-9051.00,"Mail Clerks and Mail Machine Operators, Except Postal Service"
43-9061,0.3636363636363636,0.5757575757575758,0.7878787878787878,0.2121212121212121,0.5,0.7878787878787878,1,43-9061.00,"Office Clerks, General"
43-9071,0.2941176470588235,0.3970588235294117,0.5,0.0,0.1764705882352941,0.3529411764705882,1,43-9071.00,"Office Machine Operators, Except Computer"
43-9081,0.95,0.975,1.0,0.2,0.6000000000000001,1.0,1,43-9081.00,Proofreaders and Copy Markers
43-9111,0.8260869565217391,0.8913043478260869,0.9565217391304348,0.3478260869565217,0.6739130434782609,1.0,1,43-9111.00,Statistical Assistants
45-1011,0.1403508771929824,0.2807017543859649,0.4210526315789473,0.0,0.1578947368421052,0.3157894736842105,1,45-1011.00,"First-Line Supervisors of Farming, Fishing, and Forestry Workers"
45-2011,0.0833333333333333,0.2916666666666666,0.5,0.125,0.2916666666666666,0.4583333333333333,1,45-2011.00,Agricultural Inspectors
45-2021,0.0909090909090909,0.1666666666666666,0.2424242424242424,0.0303030303030303,0.0757575757575757,0.1212121212121212,1,45-2021.00,Animal Breeders
45-2041,0.1,0.1,0.1,0.0,0.05,0.1,1,45-2041.00,"Graders and Sorters, Agricultural Products"
45-2091,0.0,0.0,0.0,0.0,0.0,0.0,1,45-2091.00,Agricultural Equipment Operators
45-2092,0.0714285714285714,0.1428571428571428,0.2142857142857142,0.0,0.0714285714285714,0.1428571428571428,1,45-2092.00,"Farmworkers and Laborers, Crop, Nursery, and Greenhouse"
45-2093,0.0,0.0625,0.125,0.0,0.078125,0.15625,1,45-2093.00,"Farmworkers, Farm, Ranch, and Aquacultural Animals"
45-3031,0.0,0.043859649122807,0.087719298245614,0.0,0.0087719298245614,0.0175438596491228,1,45-3031.00,Fishing and Hunting Workers
45-4011,0.0434782608695652,0.0434782608695652,0.0434782608695652,0.0,0.0652173913043478,0.1304347826086956,1,45-4011.00,Forest and Conservation Workers
45-4021,0.0,0.03125,0.0625,0.125,0.125,0.125,1,45-4021.00,Fallers
45-4022,0.1875,0.1875,0.1875,0.0,0.0625,0.125,1,45-4022.00,Logging Equipment Operators
45-4023,0.0,0.2105263157894736,0.4210526315789473,0.0,0.1578947368421052,0.3157894736842105,1,45-4023.00,Log Graders and Scalers
47-1011,0.0333333333333333,0.41666666666666663,0.8,0.0333333333333333,0.2333333333333333,0.43333333333333335,2,47-1011.00;47-1011.03,First-Line Supervisors of Construction Trades and Extraction Workers; Solar Energy Installation Managers
47-2011,0.0,0.0303030303030303,0.0606060606060606,0.0,0.0,0.0,1,47-2011.00,Boilermakers
47-2021,0.0,0.0384615384615384,0.0769230769230769,0.0,0.0,0.0,1,47-2021.00,Brickmasons and Blockmasons
47-2022,0.0,0.0,0.0,0.0,0.0,0.0,1,47-2022.00,Stonemasons
47-2031,0.0444444444444444,0.1444444444444444,0.2444444444444444,0.0444444444444444,0.0888888888888888,0.1333333333333333,1,47-2031.00,Carpenters
47-2041,0.0,0.0625,0.125,0.0,0.03125,0.0625,1,47-2041.00,Carpet Installers
47-2042,0.0,0.0,0.0,0.0,0.0,0.0,1,47-2042.00,"Floor Layers, Except Carpet, Wood, and Hard Tiles"
47-2043,0.0,0.0714285714285714,0.1428571428571428,0.0,0.0,0.0,1,47-2043.00,Floor Sanders and Finishers
47-2044,0.025,0.0875,0.15,0.0,0.0375,0.075,1,47-2044.00,Tile and Stone Setters
47-2051,0.0,0.0,0.0,0.0,0.0,0.0,1,47-2051.00,Cement Masons and Concrete Finishers
47-2053,0.0,0.0,0.0,0.0,0.0227272727272727,0.0454545454545454,1,47-2053.00,Terrazzo Workers and Finishers
47-2061,0.0,0.05,0.1,0.0,0.025,0.05,1,47-2061.00,Construction Laborers
47-2071,0.0,0.0,0.0,0.0,0.0,0.0,1,47-2071.00,"Paving, Surfacing, and Tamping Equipment Operators"
47-2072,0.0,0.0,0.0,0.0,0.0,0.0,1,47-2072.00,Pile Driver Operators
47-2073,0.0434782608695652,0.0543478260869565,0.0652173913043478,0.0,0.0869565217391304,0.1739130434782608,1,47-2073.00,Operating Engineers and Other Construction Equipment Operators
47-2081,0.0,0.0416666666666666,0.0833333333333333,0.0,0.0208333333333333,0.0416666666666666,1,47-2081.00,Drywall and Ceiling Tile Installers
47-2082,0.0,0.0,0.0,0.0,0.0,0.0,1,47-2082.00,Tapers
47-2111,0.0975609756097561,0.1463414634146341,0.1951219512195122,0.048780487804878,0.1463414634146341,0.2439024390243902,1,47-2111.00,Electricians
47-2121,0.0,0.0833333333333333,0.1666666666666666,0.0,0.03125,0.0625,1,47-2121.00,Glaziers
47-2131,0.0,0.05,0.1,0.1,0.1,0.1,1,47-2131.00,"Insulation Workers, Floor, Ceiling, and Wall"
47-2132,0.0,0.0454545454545454,0.0909090909090909,0.0,0.0454545454545454,0.0909090909090909,1,47-2132.00,"Insulation Workers, Mechanical"
47-2141,0.0571428571428571,0.0571428571428571,0.0571428571428571,0.0,0.0285714285714285,0.0571428571428571,1,47-2141.00,"Painters, Construction and Maintenance"
47-2142,0.0,0.027027027027027,0.054054054054054,0.0,0.0,0.0,1,47-2142.00,Paperhangers
47-2151,0.0,0.0357142857142857,0.0714285714285714,0.0,0.0,0.0,1,47-2151.00,Pipelayers
47-2152,0.0185185185185185,0.0753161698283649,0.13211382113821135,0.024390243902439,0.06436314363143625,0.1043360433604336,2,47-2152.00;47-2152.04,"Plumbers, Pipefitters, and Steamfitters; Solar Thermal Installers and Technicians"
47-2161,0.0769230769230769,0.0769230769230769,0.0769230769230769,0.0,0.0384615384615384,0.0769230769230769,1,47-2161.00,Plasterers and Stucco Masons
47-2171,0.0,0.0714285714285714,0.1428571428571428,0.0,0.0,0.0,1,47-2171.00,Reinforcing Iron and Rebar Workers
47-2181,0.0,0.04,0.08,0.0,0.0,0.0,1,47-2181.00,Roofers
47-2211,0.0,0.0657894736842105,0.131578947368421,0.0,0.0394736842105263,0.0789473684210526,1,47-2211.00,Sheet Metal Workers
47-2221,0.0,0.0285714285714285,0.0571428571428571,0.0,0.0,0.0,1,47-2221.00,Structural Iron and Steel Workers
47-2231,0.0,0.11,0.22,0.0,0.11,0.22,1,47-2231.00,Solar Photovoltaic Installers
47-3011,0.0,0.0,0.0,0.0,0.0,0.0,1,47-3011.00,"Helpers--Brickmasons, Blockmasons, Stonemasons, and Tile and Marble Setters"
47-3012,0.0,0.0,0.0,0.0,0.0,0.0,1,47-3012.00,Helpers--Carpenters
47-3013,0.024390243902439,0.024390243902439,0.024390243902439,0.0,0.0,0.0,1,47-3013.00,Helpers--Electricians
47-3014,0.0,0.0,0.0,0.0,0.0,0.0,1,47-3014.00,"Helpers--Painters, Paperhangers, Plasterers, and Stucco Masons"
47-3015,0.0,0.0,0.0,0.0,0.0,0.0,1,47-3015.00,"Helpers--Pipelayers, Plumbers, Pipefitters, and Steamfitters"
47-3016,0.0,0.0,0.0,0.0,0.0,0.0,1,47-3016.00,Helpers--Roofers
47-4011,0.0,0.33410428931875524,0.6682085786375105,0.07317073170731705,0.28238015138772077,0.4915895710681245,2,47-4011.00;47-4011.01,Construction and Building Inspectors; Energy Auditors
47-4021,0.1578947368421052,0.1842105263157894,0.2105263157894736,0.0,0.0789473684210526,0.1578947368421052,1,47-4021.00,Elevator and Escalator Installers and Repairers
47-4031,0.0512820512820512,0.0512820512820512,0.0512820512820512,0.0,0.0256410256410256,0.0512820512820512,1,47-4031.00,Fence Erectors
47-4041,0.032258064516129,0.0806451612903225,0.1290322580645161,0.0,0.032258064516129,0.064516129032258,1,47-4041.00,Hazardous Materials Removal Workers
47-4051,0.0,0.0161290322580645,0.032258064516129,0.0,0.0,0.0,1,47-4051.00,Highway Maintenance Workers
47-4061,0.0,0.0,0.0,0.0,0.0,0.0,1,47-4061.00,Rail-Track Laying and Maintenance Equipment Operators
47-4071,0.0625,0.078125,0.09375,0.03125,0.09375,0.15625,1,47-4071.00,Septic Tank Servicers and Sewer Pipe Cleaners
47-4091,0.0,0.0416666666666666,0.0833333333333333,0.0,0.0833333333333333,0.1666666666666666,1,47-4091.00,Segmental Pavers
47-4099,0.15,0.2,0.25,0.05,0.2,0.35,1,47-4099.03,Weatherization Installers and Technicians
47-5011,0.0,0.0,0.0,0.0,0.0,0.0,1,47-5011.00,"Derrick Operators, Oil and Gas"
47-5012,0.0526315789473684,0.0526315789473684,0.0526315789473684,0.0,0.0263157894736842,0.0526315789473684,1,47-5012.00,"Rotary Drill Operators, Oil and Gas"
47-5013,0.064516129032258,0.064516129032258,0.064516129032258,0.064516129032258,0.1451612903225806,0.2258064516129032,1,47-5013.00,"Service Unit Operators, Oil and Gas"
47-5022,0.0,0.0,0.0,0.0,0.0,0.0,1,47-5022.00,"Excavating and Loading Machine and Dragline Operators, Surface Mining"
47-5023,0.0909090909090909,0.1363636363636363,0.1818181818181818,0.0,0.1136363636363636,0.2272727272727273,1,47-5023.00,"Earth Drillers, Except Oil and Gas"
47-5032,0.125,0.1354166666666666,0.1458333333333333,0.0208333333333333,0.1145833333333333,0.2083333333333333,1,47-5032.00,"Explosives Workers, Ordnance Handling Experts, and Blasters"
47-5041,0.0,0.0,0.0,0.0,0.06,0.12,1,47-5041.00,Continuous Mining Machine Operators
47-5043,0.0,0.0,0.0,0.0,0.0,0.0,1,47-5043.00,"Roof Bolters, Mining"
47-5044,0.0232558139534883,0.0232558139534883,0.0232558139534883,0.0232558139534883,0.0813953488372093,0.1395348837209302,1,47-5044.00,"Loading and Moving Machine Operators, Underground Mining"
47-5051,0.0,0.0769230769230769,0.1538461538461538,0.0,0.0769230769230769,0.1538461538461538,1,47-5051.00,"Rock Splitters, Quarry"
47-5071,0.0,0.0,0.0,0.0,0.0,0.0,1,47-5071.00,"Roustabouts, Oil and Gas"
47-5081,0.0,0.0,0.0,0.0,0.0652173913043478,0.1304347826086956,1,47-5081.00,Helpers--Extraction Workers
49-1011,0.0256410256410256,0.4102564102564102,0.7948717948717948,0.0769230769230769,0.2692307692307692,0.4615384615384615,1,49-1011.00,"First-Line Supervisors of Mechanics, Installers, and Repairers"
49-2011,0.2857142857142857,0.3673469387755101,0.4489795918367346,0.0816326530612244,0.2040816326530612,0.3265306122448979,1,49-2011.00,"Computer, Automated Teller, and Office Machine Repairers"
49-2021,0.0476190476190476,0.1071428571428571,0.1666666666666666,0.0476190476190476,0.0833333333333333,0.119047619047619,1,49-2021.00,"Radio, Cellular, and Tower Equipment Installers and Repairers"
49-2022,0.234375,0.28125,0.328125,0.109375,0.203125,0.296875,1,49-2022.00,"Telecommunications Equipment Installers and Repairers, Except Line Installers"
49-2091,0.12,0.24,0.36,0.08,0.14,0.2,1,49-2091.00,Avionics Technicians
49-2092,0.0961538461538461,0.1057692307692307,0.1153846153846153,0.0,0.0192307692307692,0.0384615384615384,1,49-2092.00,"Electric Motor, Power Tool, and Related Repairers"
49-2093,0.16,0.24,0.32,0.08,0.16,0.24,1,49-2093.00,"Electrical and Electronics Installers and Repairers, Transportation Equipment"
49-2094,0.1794871794871795,0.3076923076923077,0.4358974358974359,0.1794871794871795,0.282051282051282,0.3846153846153846,1,49-2094.00,"Electrical and Electronics Repairers, Commercial and Industrial Equipment"
49-2095,0.24,0.34,0.44,0.0,0.16,0.32,1,49-2095.00,"Electrical and Electronics Repairers, Powerhouse, Substation, and Relay"
49-2096,0.1666666666666666,0.1666666666666666,0.1666666666666666,0.0,0.125,0.25,1,49-2096.00,"Electronic Equipment Installers and Repairers, Motor Vehicles"
49-2097,0.1904761904761904,0.238095238095238,0.2857142857142857,0.0,0.0952380952380952,0.1904761904761904,1,49-2097.00,Audiovisual Equipment Installers and Repairers
49-2098,0.0666666666666666,0.1666666666666666,0.2666666666666666,0.1,0.1833333333333333,0.2666666666666666,1,49-2098.00,Security and Fire Alarm Systems Installers
49-3011,0.0895522388059701,0.1343283582089552,0.1791044776119403,0.0149253731343283,0.0597014925373134,0.1044776119402985,1,49-3011.00,Aircraft Mechanics and Service Technicians
49-3021,0.0,0.0425531914893617,0.0851063829787234,0.0212765957446808,0.0425531914893617,0.0638297872340425,1,49-3021.00,Automotive Body and Related Repairers
49-3022,0.0,0.0,0.0,0.0,0.0,0.0,1,49-3022.00,Automotive Glass Installers and Repairers
49-3023,0.0363636363636363,0.0818181818181818,0.1272727272727272,0.0363636363636363,0.0727272727272727,0.109090909090909,1,49-3023.00,Automotive Service Technicians and Mechanics
49-3031,0.0,0.0,0.0,0.0,0.0,0.0,1,49-3031.00,Bus and Truck Mechanics and Diesel Engine Specialists
49-3041,0.1153846153846153,0.1153846153846153,0.1153846153846153,0.1538461538461538,0.173076923076923,0.1923076923076923,1,49-3041.00,Farm Equipment Mechanics and Service Technicians
49-3042,0.05,0.1,0.15,0.05,0.125,0.2,1,49-3042.00,"Mobile Heavy Equipment Mechanics, Except Engines"
49-3043,0.064516129032258,0.0967741935483871,0.1290322580645161,0.064516129032258,0.064516129032258,0.064516129032258,1,49-3043.00,Rail Car Repairers
49-3051,0.0769230769230769,0.0769230769230769,0.0769230769230769,0.0,0.0384615384615384,0.0769230769230769,1,49-3051.00,Motorboat Mechanics and Service Technicians
49-3052,0.0,0.0,0.0,0.0,0.0,0.0,1,49-3052.00,Motorcycle Mechanics
49-3053,0.1428571428571428,0.1785714285714285,0.2142857142857142,0.0714285714285714,0.1071428571428571,0.1428571428571428,1,49-3053.00,Outdoor Power Equipment and Other Small Engine Mechanics
49-3091,0.0,0.1034482758620689,0.2068965517241379,0.0689655172413793,0.0689655172413793,0.0689655172413793,1,49-3091.00,Bicycle Repairers
49-3092,0.0606060606060606,0.0606060606060606,0.0606060606060606,0.0606060606060606,0.0909090909090909,0.1212121212121212,1,49-3092.00,Recreational Vehicle Service Technicians
49-3093,0.0,0.0,0.0,0.0,0.0,0.0,1,49-3093.00,Tire Repairers and Changers
49-9011,0.0909090909090909,0.1363636363636363,0.1818181818181818,0.0454545454545454,0.0681818181818181,0.0909090909090909,1,49-9011.00,Mechanical Door Repairers
49-9012,0.0952380952380952,0.1309523809523809,0.1666666666666666,0.0476190476190476,0.0714285714285714,0.0952380952380952,1,49-9012.00,"Control and Valve Installers and Repairers, Except Mechanical Door"
49-9021,0.0701754385964912,0.1052631578947368,0.1403508771929824,0.0701754385964912,0.1403508771929824,0.2105263157894736,1,49-9021.00,"Heating, Air Conditioning, and Refrigeration Mechanics and Installers"
49-9031,0.0727272727272727,0.1454545454545454,0.2181818181818181,0.0727272727272727,0.109090909090909,0.1454545454545454,1,49-9031.00,Home Appliance Repairers
49-9041,0.1935483870967742,0.2741935483870967,0.3548387096774194,0.064516129032258,0.1451612903225806,0.2258064516129032,1,49-9041.00,Industrial Machinery Mechanics
49-9043,0.1142857142857142,0.1428571428571428,0.1714285714285714,0.1142857142857142,0.1142857142857142,0.1142857142857142,1,49-9043.00,"Maintenance Workers, Machinery"
49-9044,0.0,0.0217391304347826,0.0434782608695652,0.0,0.0434782608695652,0.0869565217391304,1,49-9044.00,Millwrights
49-9045,0.0,0.0,0.0,0.0,0.0,0.0,1,49-9045.00,"Refractory Materials Repairers, Except Brickmasons"
49-9051,0.0,0.0,0.0,0.0,0.0,0.0,1,49-9051.00,Electrical Power-Line Installers and Repairers
49-9052,0.03125,0.03125,0.03125,0.0,0.03125,0.0625,1,49-9052.00,Telecommunications Line Installers and Repairers
49-9061,0.04,0.24,0.44,0.0,0.04,0.08,1,49-9061.00,Camera and Photographic Equipment Repairers
49-9062,0.1515151515151515,0.303030303030303,0.4545454545454546,0.2121212121212121,0.2727272727272727,0.3333333333333333,1,49-9062.00,Medical Equipment Repairers
49-9063,0.0,0.0196078431372549,0.0392156862745098,0.0,0.0,0.0,1,49-9063.00,Musical Instrument Repairers and Tuners
49-9064,0.1333333333333333,0.1999999999999999,0.2666666666666666,0.0666666666666666,0.1666666666666666,0.2666666666666666,1,49-9064.00,Watch and Clock Repairers
49-9071,0.0392156862745098,0.1372549019607843,0.2352941176470588,0.0,0.0784313725490196,0.1568627450980392,1,49-9071.00,"Maintenance and Repair Workers, General"
49-9081,0.0,0.0434782608695652,0.0869565217391304,0.0,0.0434782608695652,0.0869565217391304,1,49-9081.00,Wind Turbine Service Technicians
49-9091,0.3214285714285714,0.3214285714285714,0.3214285714285714,0.1785714285714285,0.1964285714285714,0.2142857142857142,1,49-9091.00,"Coin, Vending, and Amusement Machine Servicers and Repairers"
49-9092,0.0,0.0666666666666666,0.1333333333333333,0.0,0.0888888888888888,0.1777777777777777,1,49-9092.00,Commercial Divers
49-9094,0.08,0.08,0.08,0.08,0.08,0.08,1,49-9094.00,Locksmiths and Safe Repairers
49-9095,0.0769230769230769,0.0769230769230769,0.0769230769230769,0.0769230769230769,0.1153846153846153,0.1538461538461538,1,49-9095.00,Manufactured Building and Mobile Home Installers
49-9096,0.0,0.0,0.0,0.0,0.037037037037037,0.074074074074074,1,49-9096.00,Riggers
49-9097,0.0769230769230769,0.0769230769230769,0.0769230769230769,0.0,0.0384615384615384,0.0769230769230769,1,49-9097.00,Signal and Track Switch Repairers
49-9098,0.0,0.0333333333333333,0.0666666666666666,0.0,0.0,0.0,1,49-9098.00,"Helpers--Installation, Maintenance, and Repair Workers"
49-9099,0.064516129032258,0.2096774193548387,0.3548387096774194,0.2903225806451612,0.3064516129032258,0.3225806451612903,1,49-9099.01,Geothermal Technicians
51-1011,0.15,0.4,0.65,0.0,0.225,0.45,1,51-1011.00,First-Line Supervisors of Production and Operating Workers
51-2011,0.0,0.025,0.05,0.0,0.025,0.05,1,51-2011.00,"Aircraft Structure, Surfaces, Rigging, and Systems Assemblers"
51-2021,0.2222222222222222,0.2222222222222222,0.2222222222222222,0.0,0.1388888888888889,0.2777777777777778,1,51-2021.00,"Coil Winders, Tapers, and Finishers"
51-2022,0.0384615384615384,0.0961538461538461,0.1538461538461538,0.0,0.0576923076923076,0.1153846153846153,1,51-2022.00,Electrical and Electronic Equipment Assemblers
51-2023,0.0,0.0454545454545454,0.0909090909090909,0.0,0.0,0.0,1,51-2023.00,Electromechanical Equipment Assemblers
51-2031,0.0,0.0952380952380952,0.1904761904761904,0.0,0.0,0.0,1,51-2031.00,Engine and Other Machine Assemblers
51-2041,0.0,0.0227272727272727,0.0454545454545454,0.0,0.0227272727272727,0.0454545454545454,1,51-2041.00,Structural Metal Fabricators and Fitters
51-2051,0.0,0.0208333333333333,0.0416666666666666,0.0833333333333333,0.0833333333333333,0.0833333333333333,1,51-2051.00,Fiberglass Laminators and Fabricators
51-2061,0.0,0.06,0.12,0.0,0.0,0.0,1,51-2061.00,Timing Device Assemblers and Adjusters
51-2092,0.1764705882352941,0.2352941176470588,0.2941176470588235,0.0,0.088235294117647,0.1764705882352941,1,51-2092.00,Team Assemblers
51-3011,0.1470588235294117,0.2647058823529412,0.3823529411764705,0.088235294117647,0.1176470588235294,0.1470588235294117,1,51-3011.00,Bakers
51-3021,0.0526315789473684,0.131578947368421,0.2105263157894736,0.0,0.0263157894736842,0.0526315789473684,1,51-3021.00,Butchers and Meat Cutters
51-3022,0.0,0.0,0.0,0.0,0.0,0.0,1,51-3022.00,"Meat, Poultry, and Fish Cutters and Trimmers"
51-3023,0.0,0.0,0.0,0.0,0.0,0.0,1,51-3023.00,Slaughterers and Meat Packers
51-3091,0.0666666666666666,0.0666666666666666,0.0666666666666666,0.0,0.0666666666666666,0.1333333333333333,1,51-3091.00,"Food and Tobacco Roasting, Baking, and Drying Machine Operators and Tenders"
51-3092,0.1025641025641025,0.1153846153846153,0.1282051282051282,0.1282051282051282,0.1538461538461538,0.1794871794871795,1,51-3092.00,Food Batchmakers
51-3093,0.1290322580645161,0.1290322580645161,0.1290322580645161,0.0,0.032258064516129,0.064516129032258,1,51-3093.00,Food Cooking Machine Operators and Tenders
51-4021,0.0,0.0208333333333333,0.0416666666666666,0.0416666666666666,0.0833333333333333,0.125,1,51-4021.00,"Extruding and Drawing Machine Setters, Operators, and Tenders, Metal and Plastic"
51-4022,0.0,0.0416666666666666,0.0833333333333333,0.0,0.0416666666666666,0.0833333333333333,1,51-4022.00,"Forging Machine Setters, Operators, and Tenders, Metal and Plastic"
51-4023,0.1176470588235294,0.1764705882352941,0.2352941176470588,0.0,0.0735294117647058,0.1470588235294117,1,51-4023.00,"Rolling Machine Setters, Operators, and Tenders, Metal and Plastic"
51-4031,0.0,0.01,0.02,0.0,0.02,0.04,1,51-4031.00,"Cutting, Punching, and Press Machine Setters, Operators, and Tenders, Metal and Plastic"
51-4032,0.0,0.0303030303030303,0.0606060606060606,0.0,0.0,0.0,1,51-4032.00,"Drilling and Boring Machine Tool Setters, Operators, and Tenders, Metal and Plastic"
51-4033,0.032258064516129,0.064516129032258,0.0967741935483871,0.0,0.064516129032258,0.1290322580645161,1,51-4033.00,"Grinding, Lapping, Polishing, and Buffing Machine Tool Setters, Operators, and Tenders, Metal and Plastic"
51-4034,0.1290322580645161,0.1612903225806451,0.1935483870967742,0.0,0.032258064516129,0.064516129032258,1,51-4034.00,"Lathe and Turning Machine Tool Setters, Operators, and Tenders, Metal and Plastic"
51-4035,0.2068965517241379,0.2413793103448275,0.2758620689655172,0.0,0.0689655172413793,0.1379310344827586,1,51-4035.00,"Milling and Planing Machine Setters, Operators, and Tenders, Metal and Plastic"
51-4041,0.1632653061224489,0.2346938775510204,0.3061224489795918,0.0,0.1326530612244897,0.2653061224489795,1,51-4041.00,Machinists
51-4051,0.0833333333333333,0.1041666666666666,0.125,0.0,0.0416666666666666,0.0833333333333333,1,51-4051.00,Metal-Refining Furnace Operators and Tenders
51-4052,0.0,0.0,0.0,0.0,0.0,0.0,1,51-4052.00,"Pourers and Casters, Metal"
51-4061,0.1290322580645161,0.1612903225806451,0.1935483870967742,0.0,0.0967741935483871,0.1935483870967742,1,51-4061.00,"Model Makers, Metal and Plastic"
51-4062,0.0869565217391304,0.1521739130434782,0.217391304347826,0.0,0.1304347826086956,0.2608695652173913,1,51-4062.00,"Patternmakers, Metal and Plastic"
51-4071,0.0,0.0,0.0,0.0,0.0,0.0,1,51-4071.00,Foundry Mold and Coremakers
51-4072,0.0232558139534883,0.0813953488372093,0.1395348837209302,0.0,0.0348837209302325,0.0697674418604651,1,51-4072.00,"Molding, Coremaking, and Casting Machine Setters, Operators, and Tenders, Metal and Plastic"
51-4081,0.0769230769230769,0.1025641025641025,0.1282051282051282,0.1025641025641025,0.141025641025641,0.1794871794871795,1,51-4081.00,"Multiple Machine Tool Setters, Operators, and Tenders, Metal and Plastic"
51-4111,0.09375,0.1875,0.28125,0.0,0.109375,0.21875,1,51-4111.00,Tool and Die Makers
51-4121,0.0784313725490196,0.088235294117647,0.0980392156862745,0.0,0.0392156862745098,0.0784313725490196,1,51-4121.00,"Welders, Cutters, Solderers, and Brazers"
51-4122,0.0454545454545454,0.0681818181818181,0.0909090909090909,0.0,0.0568181818181818,0.1136363636363636,1,51-4122.00,"Welding, Soldering, and Brazing Machine Setters, Operators, and Tenders"
51-4191,0.1764705882352941,0.1764705882352941,0.1764705882352941,0.0,0.0588235294117647,0.1176470588235294,1,51-4191.00,"Heat Treating Equipment Setters, Operators, and Tenders, Metal and Plastic"
51-4192,0.0,0.1304347826086956,0.2608695652173913,0.0,0.1521739130434782,0.3043478260869565,1,51-4192.00,"Layout Workers, Metal and Plastic"
51-4193,0.0625,0.1041666666666666,0.1458333333333333,0.0,0.0416666666666666,0.0833333333333333,1,51-4193.00,"Plating Machine Setters, Operators, and Tenders, Metal and Plastic"
51-4194,0.0,0.0333333333333333,0.0666666666666666,0.0,0.0,0.0,1,51-4194.00,"Tool Grinders, Filers, and Sharpeners"
51-5111,0.0625,0.4375,0.8125,0.03125,0.109375,0.1875,1,51-5111.00,Prepress Technicians and Workers
51-5112,0.175,0.2875,0.4,0.0,0.125,0.25,1,51-5112.00,Printing Press Operators
51-5113,0.0512820512820512,0.0897435897435897,0.1282051282051282,0.0,0.0641025641025641,0.1282051282051282,1,51-5113.00,Print Binding and Finishing Workers
51-6011,0.025,0.05,0.075,0.0,0.05,0.1,1,51-6011.00,Laundry and Dry-Cleaning Workers
51-6021,0.0,0.0104166666666666,0.0208333333333333,0.0,0.0208333333333333,0.0416666666666666,1,51-6021.00,"Pressers, Textile, Garment, and Related Materials"
51-6031,0.0465116279069767,0.0813953488372093,0.1162790697674418,0.0,0.0232558139534883,0.0465116279069767,1,51-6031.00,Sewing Machine Operators
51-6041,0.0,0.0588235294117647,0.1176470588235294,0.0,0.0588235294117647,0.1176470588235294,1,51-6041.00,Shoe and Leather Workers and Repairers
51-6042,0.0869565217391304,0.0869565217391304,0.0869565217391304,0.0,0.0217391304347826,0.0434782608695652,1,51-6042.00,Shoe Machine Operators and Tenders
51-6051,0.0,0.0416666666666666,0.0833333333333333,0.0,0.0416666666666666,0.0833333333333333,1,51-6051.00,"Sewers, Hand"
51-6052,0.0454545454545454,0.0909090909090909,0.1363636363636363,0.0,0.0681818181818181,0.1363636363636363,1,51-6052.00,"Tailors, Dressmakers, and Custom Sewers"
51-6061,0.131578947368421,0.1578947368421052,0.1842105263157894,0.0,0.1184210526315789,0.2368421052631578,1,51-6061.00,Textile Bleaching and Dyeing Machine Operators and Tenders
51-6062,0.1071428571428571,0.1607142857142857,0.2142857142857142,0.0,0.1428571428571428,0.2857142857142857,1,51-6062.00,"Textile Cutting Machine Setters, Operators, and Tenders"
51-6063,0.125,0.15625,0.1875,0.0,0.125,0.25,1,51-6063.00,"Textile Knitting and Weaving Machine Setters, Operators, and Tenders"
51-6064,0.0857142857142857,0.0857142857142857,0.0857142857142857,0.0,0.0714285714285714,0.1428571428571428,1,51-6064.00,"Textile Winding, Twisting, and Drawing Out Machine Setters, Operators, and Tenders"
51-6091,0.0689655172413793,0.0689655172413793,0.0689655172413793,0.0,0.0862068965517241,0.1724137931034483,1,51-6091.00,"Extruding and Forming Machine Setters, Operators, and Tenders, Synthetic and Glass Fibers"
51-6092,0.125,0.46875,0.8125,0.0,0.1875,0.375,1,51-6092.00,Fabric and Apparel Patternmakers
51-6093,0.1176470588235294,0.1911764705882352,0.2647058823529412,0.0294117647058823,0.088235294117647,0.1470588235294117,1,51-6093.00,Upholsterers
51-7011,0.0588235294117647,0.1176470588235294,0.1764705882352941,0.0,0.0441176470588235,0.088235294117647,1,51-7011.00,Cabinetmakers and Bench Carpenters
51-7021,0.0,0.0285714285714285,0.0571428571428571,0.0,0.0714285714285714,0.1428571428571428,1,51-7021.00,Furniture Finishers
51-7031,0.0769230769230769,0.1538461538461538,0.2307692307692307,0.0,0.1538461538461538,0.3076923076923077,1,51-7031.00,"Model Makers, Wood"
51-7032,0.2051282051282051,0.2564102564102564,0.3076923076923077,0.1538461538461538,0.282051282051282,0.4102564102564102,1,51-7032.00,"Patternmakers, Wood"
51-7041,0.0,0.0588235294117647,0.1176470588235294,0.0,0.0147058823529411,0.0294117647058823,1,51-7041.00,"Sawing Machine Setters, Operators, and Tenders, Wood"
51-7042,0.0217391304347826,0.0652173913043478,0.108695652173913,0.0,0.0326086956521739,0.0652173913043478,1,51-7042.00,"Woodworking Machine Setters, Operators, and Tenders, Except Sawing"
51-8011,0.1818181818181818,0.3181818181818182,0.4545454545454546,0.0,0.1212121212121212,0.2424242424242424,1,51-8011.00,Nuclear Power Reactor Operators
51-8012,0.0833333333333333,0.375,0.6666666666666666,0.0833333333333333,0.2499999999999999,0.4166666666666666,1,51-8012.00,Power Distributors and Dispatchers
51-8013,0.08257080610021783,0.15522875816993464,0.22788671023965137,0.0,0.09144880174291936,0.18289760348583875,3,51-8013.00;51-8013.03;51-8013.04,Power Plant Operators; Biomass Plant Technicians; Hydroelectric Plant Technicians
51-8021,0.1395348837209302,0.1627906976744186,0.1860465116279069,0.0,0.1046511627906976,0.2093023255813953,1,51-8021.00,Stationary Engineers and Boiler Operators
51-8031,0.125,0.125,0.125,0.0,0.125,0.25,1,51-8031.00,Water and Wastewater Treatment Plant and System Operators
51-8091,0.0303030303030303,0.1515151515151515,0.2727272727272727,0.0909090909090909,0.1515151515151515,0.2121212121212121,1,51-8091.00,Chemical Plant and System Operators
51-8092,0.0625,0.09375,0.125,0.0,0.078125,0.15625,1,51-8092.00,Gas Plant Operators
51-8093,0.048780487804878,0.1951219512195122,0.3414634146341463,0.024390243902439,0.1707317073170731,0.3170731707317073,1,51-8093.00,"Petroleum Pump System Operators, Refinery Operators, and Gaugers"
51-8099,0.0,0.0945945945945946,0.1891891891891892,0.0,0.081081081081081,0.1621621621621621,1,51-8099.01,Biofuels Processing Technicians
51-9011,0.0869565217391304,0.1521739130434782,0.217391304347826,0.0434782608695652,0.0652173913043478,0.0869565217391304,1,51-9011.00,Chemical Equipment Operators and Tenders
51-9012,0.1142857142857142,0.1428571428571428,0.1714285714285714,0.0,0.0857142857142857,0.1714285714285714,1,51-9012.00,"Separating, Filtering, Clarifying, Precipitating, and Still Machine Setters, Operators, and Tenders"
51-9021,0.1081081081081081,0.1081081081081081,0.1081081081081081,0.0,0.081081081081081,0.1621621621621621,1,51-9021.00,"Crushing, Grinding, and Polishing Machine Setters, Operators, and Tenders"
51-9022,0.0357142857142857,0.0357142857142857,0.0357142857142857,0.0,0.0357142857142857,0.0714285714285714,1,51-9022.00,"Grinding and Polishing Workers, Hand"
51-9023,0.1111111111111111,0.1111111111111111,0.1111111111111111,0.0555555555555555,0.0833333333333333,0.1111111111111111,1,51-9023.00,"Mixing and Blending Machine Setters, Operators, and Tenders"
51-9031,0.0,0.0,0.0,0.0,0.0,0.0,1,51-9031.00,"Cutters and Trimmers, Hand"
51-9032,0.0454545454545454,0.0681818181818181,0.0909090909090909,0.0,0.0568181818181818,0.1136363636363636,1,51-9032.00,"Cutting and Slicing Machine Setters, Operators, and Tenders"
51-9041,0.075,0.075,0.075,0.025,0.075,0.125,1,51-9041.00,"Extruding, Forming, Pressing, and Compacting Machine Setters, Operators, and Tenders"
51-9051,0.16,0.16,0.16,0.0,0.04,0.08,1,51-9051.00,"Furnace, Kiln, Oven, Drier, and Kettle Operators and Tenders"
51-9061,0.2708333333333333,0.4166666666666666,0.5625,0.0416666666666666,0.1770833333333333,0.3125,1,51-9061.00,"Inspectors, Testers, Sorters, Samplers, and Weighers"
51-9071,0.0357142857142857,0.2053571428571428,0.37499999999999994,0.01785714285714285,0.1339285714285714,0.24999999999999994,2,51-9071.00;51-9071.06,Jewelers and Precious Stone and Metal Workers; Gem and Diamond Workers
51-9081,0.0,0.0416666666666666,0.0833333333333333,0.0,0.0416666666666666,0.0833333333333333,1,51-9081.00,Dental Laboratory Technicians
51-9082,0.0689655172413793,0.1379310344827586,0.2068965517241379,0.0689655172413793,0.1034482758620689,0.1379310344827586,1,51-9082.00,Medical Appliance Technicians
51-9083,0.0,0.09375,0.1875,0.0,0.0625,0.125,1,51-9083.00,Ophthalmic Laboratory Technicians
51-9111,0.0,0.0,0.0,0.0,0.075,0.15,1,51-9111.00,Packaging and Filling Machine Operators and Tenders
51-9123,0.0,0.0,0.0,0.0,0.0294117647058823,0.0588235294117647,1,51-9123.00,"Painting, Coating, and Decorating Workers"
51-9124,0.0217391304347826,0.0434782608695652,0.0652173913043478,0.0,0.0108695652173913,0.0217391304347826,1,51-9124.00,"Coating, Painting, and Spraying Machine Setters, Operators, and Tenders"
51-9141,0.1875,0.234375,0.28125,0.03125,0.0625,0.09375,1,51-9141.00,Semiconductor Processing Technicians
51-9151,0.08,0.38,0.68,0.0,0.17,0.34,1,51-9151.00,Photographic Process Workers and Processing Machine Operators
51-9161,0.22,0.25,0.28,0.0,0.18,0.36,1,51-9161.00,Computer Numerically Controlled Tool Operators
51-9162,0.7142857142857142,0.8035714285714285,0.8928571428571428,0.0,0.3571428571428571,0.7142857142857142,1,51-9162.00,Computer Numerically Controlled Tool Programmers
51-9191,0.064516129032258,0.064516129032258,0.064516129032258,0.0,0.0,0.0,1,51-9191.00,Adhesive Bonding Machine Operators and Tenders
51-9192,0.1052631578947368,0.1052631578947368,0.1052631578947368,0.0,0.0526315789473684,0.1052631578947368,1,51-9192.00,"Cleaning, Washing, and Metal Pickling Equipment Operators and Tenders"
51-9193,0.08,0.08,0.08,0.0,0.04,0.08,1,51-9193.00,Cooling and Freezing Equipment Operators and Tenders
51-9194,0.0,0.1363636363636363,0.2727272727272727,0.0,0.0303030303030303,0.0606060606060606,1,51-9194.00,Etchers and Engravers
51-9195,0.022727272727272724,0.07098155467720682,0.11923583662714093,0.0,0.046565191430258876,0.09313038286051777,4,51-9195.00;51-9195.03;51-9195.04;51-9195.05,"Molders, Shapers, and Casters, Except Metal and Plastic; Stone Cutters and Carvers, Manufacturing; Glass Blowers, Molders, Benders, and Finishers; Potters, Manufacturing"
51-9196,0.0,0.0,0.0,0.0,0.0263157894736842,0.0526315789473684,1,51-9196.00,"Paper Goods Machine Setters, Operators, and Tenders"
51-9197,0.0,0.0192307692307692,0.0384615384615384,0.0,0.0,0.0,1,51-9197.00,Tire Builders
51-9198,0.0444444444444444,0.0888888888888888,0.1333333333333333,0.0,0.0555555555555555,0.1111111111111111,1,51-9198.00,Helpers--Production Workers
53-1041,0.1,0.3,0.5,0.0,0.0,0.0,1,53-1041.00,Aircraft Cargo Handling Supervisors
53-1042,0.1022988505747126,0.3007662835249042,0.49923371647509573,0.25517241379310346,0.4105363984674329,0.5659003831417625,2,53-1042.00;53-1042.01,"First-Line Supervisors of Helpers, Laborers, and Material Movers, Hand; Recycling Coordinators"
53-1043,0.1538461538461538,0.3717948717948718,0.5897435897435898,0.1538461538461538,0.3076923076923077,0.4615384615384615,1,53-1043.00,First-Line Supervisors of Material-Moving Machine and Vehicle Operators
53-1044,0.0526315789473684,0.2894736842105263,0.5263157894736842,0.2631578947368421,0.3157894736842105,0.3684210526315789,1,53-1044.00,First-Line Supervisors of Passenger Attendants
53-2011,0.0909090909090909,0.3522727272727273,0.6136363636363636,0.0,0.2272727272727273,0.4545454545454546,1,53-2011.00,"Airline Pilots, Copilots, and Flight Engineers"
53-2012,0.1136363636363636,0.2386363636363636,0.3636363636363636,0.0,0.2159090909090909,0.4318181818181818,1,53-2012.00,Commercial Pilots
53-2021,0.0909090909090909,0.3409090909090909,0.5909090909090909,0.0,0.3068181818181818,0.6136363636363636,1,53-2021.00,Air Traffic Controllers
53-2022,0.0975609756097561,0.3658536585365853,0.6341463414634146,0.0,0.3292682926829268,0.6585365853658537,1,53-2022.00,Airfield Operations Specialists
53-2031,0.1458333333333333,0.1666666666666666,0.1875,0.0416666666666666,0.1458333333333333,0.25,1,53-2031.00,Flight Attendants
53-3011,0.0909090909090909,0.0909090909090909,0.0909090909090909,0.0,0.0454545454545454,0.0909090909090909,1,53-3011.00,"Ambulance Drivers and Attendants, Except Emergency Medical Technicians"
53-3031,0.1666666666666666,0.3333333333333333,0.5,0.0,0.1388888888888889,0.2777777777777778,1,53-3031.00,Driver/Sales Workers
53-3032,0.1923076923076923,0.2788461538461538,0.3653846153846154,0.0384615384615384,0.173076923076923,0.3076923076923077,1,53-3032.00,Heavy and Tractor-Trailer Truck Drivers
53-3033,0.2307692307692307,0.3653846153846154,0.5,0.0,0.25,0.5,1,53-3033.00,Light Truck Drivers
53-3051,0.2941176470588235,0.3235294117647059,0.3529411764705882,0.0,0.1764705882352941,0.3529411764705882,1,53-3051.00,"Bus Drivers, School"
53-3052,0.2222222222222222,0.2407407407407407,0.2592592592592592,0.0,0.1666666666666666,0.3333333333333333,1,53-3052.00,"Bus Drivers, Transit and Intercity"
53-3053,0.1923076923076923,0.25,0.3076923076923077,0.0384615384615384,0.173076923076923,0.3076923076923077,1,53-3053.00,Shuttle Drivers and Chauffeurs
53-3054,0.25,0.28125,0.3125,0.125,0.25,0.375,1,53-3054.00,Taxi Drivers
53-4011,0.2142857142857142,0.2857142857142857,0.3571428571428571,0.0714285714285714,0.2321428571428571,0.3928571428571428,1,53-4011.00,Locomotive Engineers
53-4013,0.2045454545454545,0.2045454545454545,0.2045454545454545,0.0,0.0568181818181818,0.1136363636363636,1,53-4013.00,"Rail Yard Engineers, Dinkey Operators, and Hostlers"
53-4022,0.0833333333333333,0.1666666666666666,0.2499999999999999,0.0,0.0416666666666666,0.0833333333333333,1,53-4022.00,"Railroad Brake, Signal, and Switch Operators and Locomotive Firers"
53-4031,0.0833333333333333,0.2777777777777778,0.4722222222222222,0.0,0.2083333333333333,0.4166666666666666,1,53-4031.00,Railroad Conductors and Yardmasters
53-4041,0.4090909090909091,0.4090909090909091,0.4090909090909091,0.0,0.2045454545454545,0.4090909090909091,1,53-4041.00,Subway and Streetcar Operators
53-5011,0.0212765957446808,0.0425531914893617,0.0638297872340425,0.0,0.0106382978723404,0.0212765957446808,1,53-5011.00,Sailors and Marine Oilers
53-5021,0.1999999999999999,0.2636363636363636,0.3272727272727272,0.0727272727272727,0.209090909090909,0.3454545454545454,1,53-5021.00,"Captains, Mates, and Pilots of Water Vessels"
53-5022,0.0,0.0,0.0,0.0,0.1290322580645161,0.2580645161290322,1,53-5022.00,Motorboat Operators
53-5031,0.125,0.171875,0.21875,0.0,0.140625,0.28125,1,53-5031.00,Ship Engineers
53-6011,0.2857142857142857,0.2857142857142857,0.2857142857142857,0.0,0.1607142857142857,0.3214285714285714,1,53-6011.00,Bridge and Lock Tenders
53-6021,0.0357142857142857,0.1071428571428571,0.1785714285714285,0.0357142857142857,0.125,0.2142857142857142,1,53-6021.00,Parking Attendants
53-6031,0.1304347826086956,0.1304347826086956,0.1304347826086956,0.0,0.0652173913043478,0.1304347826086956,1,53-6031.00,Automotive and Watercraft Service Attendants
53-6032,0.1111111111111111,0.1388888888888889,0.1666666666666666,0.1111111111111111,0.1111111111111111,0.1111111111111111,1,53-6032.00,Aircraft Service Attendants
53-6041,0.1111111111111111,0.4629629629629629,0.8148148148148148,0.037037037037037,0.3888888888888888,0.7407407407407407,1,53-6041.00,Traffic Technicians
53-6051,0.187020202020202,0.4125757575757576,0.6381313131313131,0.0602020202020202,0.23439393939393938,0.4085858585858586,3,53-6051.00;53-6051.01;53-6051.07,"Transportation Inspectors; Aviation Inspectors; Transportation Vehicle, Equipment and Systems Inspectors, Except Aviation"
53-6061,0.1666666666666666,0.2222222222222222,0.2777777777777778,0.0,0.1388888888888889,0.2777777777777778,1,53-6061.00,Passenger Attendants
53-7011,0.0689655172413793,0.1034482758620689,0.1379310344827586,0.0,0.1379310344827586,0.2758620689655172,1,53-7011.00,Conveyor Operators and Tenders
53-7021,0.1052631578947368,0.1842105263157894,0.2631578947368421,0.0,0.0263157894736842,0.0526315789473684,1,53-7021.00,Crane and Tower Operators
53-7031,0.0,0.0,0.0,0.0,0.0,0.0,1,53-7031.00,Dredge Operators
53-7041,0.0,0.0,0.0,0.0,0.0952380952380952,0.1904761904761904,1,53-7041.00,Hoist and Winch Operators
53-7051,0.0,0.03125,0.0625,0.0,0.03125,0.0625,1,53-7051.00,Industrial Truck and Tractor Operators
53-7061,0.0555555555555555,0.0833333333333333,0.1111111111111111,0.0,0.0,0.0,1,53-7061.00,Cleaners of Vehicles and Equipment
53-7062,0.0417391304347826,0.0417391304347826,0.0417391304347826,0.0,0.040869565217391296,0.08173913043478259,2,53-7062.00;53-7062.04,"Laborers and Freight, Stock, and Material Movers, Hand; Recycling and Reclamation Workers"
53-7063,0.0909090909090909,0.0909090909090909,0.0909090909090909,0.0,0.0909090909090909,0.1818181818181818,1,53-7063.00,Machine Feeders and Offbearers
53-7064,0.1,0.1,0.1,0.0,0.1,0.2,1,53-7064.00,"Packers and Packagers, Hand"
53-7065,0.109090909090909,0.1818181818181818,0.2545454545454545,0.109090909090909,0.1909090909090909,0.2727272727272727,1,53-7065.00,Stockers and Order Fillers
53-7071,0.2307692307692307,0.2692307692307693,0.3076923076923077,0.0,0.0769230769230769,0.1538461538461538,1,53-7071.00,Gas Compressor and Gas Pumping Station Operators
53-7072,0.1666666666666666,0.2499999999999999,0.3333333333333333,0.0,0.1666666666666666,0.3333333333333333,1,53-7072.00,"Pump Operators, Except Wellhead Pumpers"
53-7073,0.0,0.0,0.0,0.0,0.0,0.0,1,53-7073.00,Wellhead Pumpers
53-7081,0.1785714285714285,0.1964285714285714,0.2142857142857142,0.1071428571428571,0.2321428571428571,0.3571428571428571,1,53-7081.00,Refuse and Recyclable Material Collectors
53-7121,0.0714285714285714,0.0714285714285714,0.0714285714285714,0.0,0.125,0.25,1,53-7121.00,"Tank Car, Truck, and Ship Loaders"
